--
-- PostgreSQL database dump
--

-- Dumped from database version 15.13 (Debian 15.13-1.pgdg120+1)
-- Dumped by pg_dump version 15.13 (Debian 15.13-1.pgdg120+1)

-- Started on 2025-07-02 18:00:01 UTC

SET statement_timeout = 0;
SET lock_timeout = 0;
SET idle_in_transaction_session_timeout = 0;
SET client_encoding = 'UTF8';
SET standard_conforming_strings = on;
SELECT pg_catalog.set_config('search_path', '', false);
SET check_function_bodies = false;
SET xmloption = content;
SET client_min_messages = warning;
SET row_security = off;

DROP DATABASE IF EXISTS imdb_clone;
--
-- TOC entry 3421 (class 1262 OID 16384)
-- Name: imdb_clone; Type: DATABASE; Schema: -; Owner: imdb_user
--

CREATE DATABASE imdb_clone WITH TEMPLATE = template0 ENCODING = 'UTF8' LOCALE_PROVIDER = libc LOCALE = 'en_US.utf8';


ALTER DATABASE imdb_clone OWNER TO imdb_user;

\connect imdb_clone

SET statement_timeout = 0;
SET lock_timeout = 0;
SET idle_in_transaction_session_timeout = 0;
SET client_encoding = 'UTF8';
SET standard_conforming_strings = on;
SELECT pg_catalog.set_config('search_path', '', false);
SET check_function_bodies = false;
SET xmloption = content;
SET client_min_messages = warning;
SET row_security = off;

SET default_tablespace = '';

SET default_table_access_method = heap;

--
-- TOC entry 219 (class 1259 OID 16411)
-- Name: actors; Type: TABLE; Schema: public; Owner: imdb_user
--

CREATE TABLE public.actors (
    id integer NOT NULL,
    name character varying NOT NULL,
    bio text,
    birth_date timestamp without time zone,
    photo_url text
);


ALTER TABLE public.actors OWNER TO imdb_user;

--
-- TOC entry 218 (class 1259 OID 16410)
-- Name: actors_id_seq; Type: SEQUENCE; Schema: public; Owner: imdb_user
--

CREATE SEQUENCE public.actors_id_seq
    AS integer
    START WITH 1
    INCREMENT BY 1
    NO MINVALUE
    NO MAXVALUE
    CACHE 1;


ALTER TABLE public.actors_id_seq OWNER TO imdb_user;

--
-- TOC entry 3422 (class 0 OID 0)
-- Dependencies: 218
-- Name: actors_id_seq; Type: SEQUENCE OWNED BY; Schema: public; Owner: imdb_user
--

ALTER SEQUENCE public.actors_id_seq OWNED BY public.actors.id;


--
-- TOC entry 221 (class 1259 OID 16422)
-- Name: movie_actors; Type: TABLE; Schema: public; Owner: imdb_user
--

CREATE TABLE public.movie_actors (
    id integer NOT NULL,
    movie_id integer,
    actor_id integer,
    character_name character varying
);


ALTER TABLE public.movie_actors OWNER TO imdb_user;

--
-- TOC entry 220 (class 1259 OID 16421)
-- Name: movie_actors_id_seq; Type: SEQUENCE; Schema: public; Owner: imdb_user
--

CREATE SEQUENCE public.movie_actors_id_seq
    AS integer
    START WITH 1
    INCREMENT BY 1
    NO MINVALUE
    NO MAXVALUE
    CACHE 1;


ALTER TABLE public.movie_actors_id_seq OWNER TO imdb_user;

--
-- TOC entry 3423 (class 0 OID 0)
-- Dependencies: 220
-- Name: movie_actors_id_seq; Type: SEQUENCE OWNED BY; Schema: public; Owner: imdb_user
--

ALTER SEQUENCE public.movie_actors_id_seq OWNED BY public.movie_actors.id;


--
-- TOC entry 217 (class 1259 OID 16399)
-- Name: movies; Type: TABLE; Schema: public; Owner: imdb_user
--

CREATE TABLE public.movies (
    id integer NOT NULL,
    title character varying NOT NULL,
    summary text,
    release_year integer,
    duration integer,
    image_url character varying,
    trailer_url character varying,
    imdb_score double precision,
    popularity_score double precision,
    view_count integer,
    created_at timestamp with time zone DEFAULT now(),
    title_tr character varying,
    summary_tr text
);


ALTER TABLE public.movies OWNER TO imdb_user;

--
-- TOC entry 216 (class 1259 OID 16398)
-- Name: movies_id_seq; Type: SEQUENCE; Schema: public; Owner: imdb_user
--

CREATE SEQUENCE public.movies_id_seq
    AS integer
    START WITH 1
    INCREMENT BY 1
    NO MINVALUE
    NO MAXVALUE
    CACHE 1;


ALTER TABLE public.movies_id_seq OWNER TO imdb_user;

--
-- TOC entry 3424 (class 0 OID 0)
-- Dependencies: 216
-- Name: movies_id_seq; Type: SEQUENCE OWNED BY; Schema: public; Owner: imdb_user
--

ALTER SEQUENCE public.movies_id_seq OWNED BY public.movies.id;


--
-- TOC entry 223 (class 1259 OID 16442)
-- Name: ratings; Type: TABLE; Schema: public; Owner: imdb_user
--

CREATE TABLE public.ratings (
    id integer NOT NULL,
    user_id integer,
    movie_id integer,
    rating double precision NOT NULL,
    comment text,
    created_at timestamp with time zone DEFAULT now()
);


ALTER TABLE public.ratings OWNER TO imdb_user;

--
-- TOC entry 222 (class 1259 OID 16441)
-- Name: ratings_id_seq; Type: SEQUENCE; Schema: public; Owner: imdb_user
--

CREATE SEQUENCE public.ratings_id_seq
    AS integer
    START WITH 1
    INCREMENT BY 1
    NO MINVALUE
    NO MAXVALUE
    CACHE 1;


ALTER TABLE public.ratings_id_seq OWNER TO imdb_user;

--
-- TOC entry 3425 (class 0 OID 0)
-- Dependencies: 222
-- Name: ratings_id_seq; Type: SEQUENCE OWNED BY; Schema: public; Owner: imdb_user
--

ALTER SEQUENCE public.ratings_id_seq OWNED BY public.ratings.id;


--
-- TOC entry 215 (class 1259 OID 16386)
-- Name: users; Type: TABLE; Schema: public; Owner: imdb_user
--

CREATE TABLE public.users (
    id integer NOT NULL,
    email character varying NOT NULL,
    hashed_password character varying,
    country character varying,
    city character varying,
    photo_url text,
    google_id character varying,
    is_active boolean,
    created_at timestamp with time zone DEFAULT now()
);


ALTER TABLE public.users OWNER TO imdb_user;

--
-- TOC entry 214 (class 1259 OID 16385)
-- Name: users_id_seq; Type: SEQUENCE; Schema: public; Owner: imdb_user
--

CREATE SEQUENCE public.users_id_seq
    AS integer
    START WITH 1
    INCREMENT BY 1
    NO MINVALUE
    NO MAXVALUE
    CACHE 1;


ALTER TABLE public.users_id_seq OWNER TO imdb_user;

--
-- TOC entry 3426 (class 0 OID 0)
-- Dependencies: 214
-- Name: users_id_seq; Type: SEQUENCE OWNED BY; Schema: public; Owner: imdb_user
--

ALTER SEQUENCE public.users_id_seq OWNED BY public.users.id;


--
-- TOC entry 225 (class 1259 OID 16463)
-- Name: watchlist; Type: TABLE; Schema: public; Owner: imdb_user
--

CREATE TABLE public.watchlist (
    id integer NOT NULL,
    user_id integer,
    movie_id integer,
    added_at timestamp with time zone DEFAULT now()
);


ALTER TABLE public.watchlist OWNER TO imdb_user;

--
-- TOC entry 224 (class 1259 OID 16462)
-- Name: watchlist_id_seq; Type: SEQUENCE; Schema: public; Owner: imdb_user
--

CREATE SEQUENCE public.watchlist_id_seq
    AS integer
    START WITH 1
    INCREMENT BY 1
    NO MINVALUE
    NO MAXVALUE
    CACHE 1;


ALTER TABLE public.watchlist_id_seq OWNER TO imdb_user;

--
-- TOC entry 3427 (class 0 OID 0)
-- Dependencies: 224
-- Name: watchlist_id_seq; Type: SEQUENCE OWNED BY; Schema: public; Owner: imdb_user
--

ALTER SEQUENCE public.watchlist_id_seq OWNED BY public.watchlist.id;


--
-- TOC entry 3228 (class 2604 OID 16414)
-- Name: actors id; Type: DEFAULT; Schema: public; Owner: imdb_user
--

ALTER TABLE ONLY public.actors ALTER COLUMN id SET DEFAULT nextval('public.actors_id_seq'::regclass);


--
-- TOC entry 3229 (class 2604 OID 16425)
-- Name: movie_actors id; Type: DEFAULT; Schema: public; Owner: imdb_user
--

ALTER TABLE ONLY public.movie_actors ALTER COLUMN id SET DEFAULT nextval('public.movie_actors_id_seq'::regclass);


--
-- TOC entry 3226 (class 2604 OID 16402)
-- Name: movies id; Type: DEFAULT; Schema: public; Owner: imdb_user
--

ALTER TABLE ONLY public.movies ALTER COLUMN id SET DEFAULT nextval('public.movies_id_seq'::regclass);


--
-- TOC entry 3230 (class 2604 OID 16445)
-- Name: ratings id; Type: DEFAULT; Schema: public; Owner: imdb_user
--

ALTER TABLE ONLY public.ratings ALTER COLUMN id SET DEFAULT nextval('public.ratings_id_seq'::regclass);


--
-- TOC entry 3224 (class 2604 OID 16389)
-- Name: users id; Type: DEFAULT; Schema: public; Owner: imdb_user
--

ALTER TABLE ONLY public.users ALTER COLUMN id SET DEFAULT nextval('public.users_id_seq'::regclass);


--
-- TOC entry 3232 (class 2604 OID 16466)
-- Name: watchlist id; Type: DEFAULT; Schema: public; Owner: imdb_user
--

ALTER TABLE ONLY public.watchlist ALTER COLUMN id SET DEFAULT nextval('public.watchlist_id_seq'::regclass);


--
-- TOC entry 3409 (class 0 OID 16411)
-- Dependencies: 219
-- Data for Name: actors; Type: TABLE DATA; Schema: public; Owner: imdb_user
--

COPY public.actors (id, name, bio, birth_date, photo_url) FROM stdin;
7	John Travolta	John Joseph Travolta is an American actor and singer. He came to public attention during the 1970s, appearing on the television sitcom Welcome Back, Kotter and starring in the box office successes Carrie, Saturday Night Fever, and Grease. His acting career declined in the early 1980s, but he enjoyed a resurgence in the 1990s with his role in Pulp Fiction.	\N	https://m.media-amazon.com/images/M/MV5BMTkzNjQwNjY2NV5BMl5BanBnXkFtZTYwNzA2NDY0._V1_SX300.jpg
8	Samuel L. Jackson	Samuel Leroy Jackson is an American actor and producer. One of the most widely recognized actors of his generation, the films in which he has appeared have collectively grossed over $27 billion worldwide, making him the highest-grossing actor of all time. Jackson is known for his roles in Pulp Fiction, Snakes on a Plane, and the Marvel Cinematic Universe.	\N	https://m.media-amazon.com/images/M/MV5BMTQ1NTQwMTYxNl5BMl5BanBnXkFtZTYwMjA1MzY1._V1_SX300.jpg
9	Tom Hanks	Thomas Jeffrey Hanks is an American actor and filmmaker. Known for both his comedic and dramatic roles, he is one of the most popular and recognizable film stars worldwide, and is regarded as an American cultural icon. Hanks is known for his roles in Forrest Gump, Cast Away, and the Toy Story franchise.	\N	https://m.media-amazon.com/images/S/pv-target-images/d8905f22baf5d4bd97bacfd7b72d0b3c3de0cec49318e30b56c02bbb43fa6aae.jpg
4	Al Pacino	Alfredo James Pacino is an American actor and filmmaker. In a career spanning over five decades, he has received many awards and nominations, including an Academy Award, two Tony Awards, and two Primetime Emmy Awards. He is one of the few performers to have achieved the Triple Crown of Acting.	\N	https://m.media-amazon.com/images/M/MV5BMTQzMzg1ODAyNl5BMl5BanBnXkFtZTYwMjAxODQ1._V1_SX300.jpg
3	Marlon Brando	Marlon Brando Jr. was an American actor and film director. With a career spanning 60 years, he is well-regarded for bringing a gripping realism to film acting. Brando is widely considered one of the greatest actors of all time. He is known for his roles in A Streetcar Named Desire, On the Waterfront, and The Godfather.	\N	https://m.media-amazon.com/images/M/MV5BMTg3MDc4MjAzMl5BMl5BanBnXkFtZTcwMzQwNzAyNw@@._V1_SX300.jpg
1	Morgan Freeman	Morgan Freeman is an American actor, director, and narrator. He has received an Academy Award, a Golden Globe Award, and a Screen Actors Guild Award. Freeman is known for his distinctive deep voice and has starred in a range of film genres. Some of his most notable roles include Ellis Boyd "Red" Redding in The Shawshank Redemption, and Detective William Somerset in Se7en.	\N	https://m.media-amazon.com/images/M/MV5BMTc0MDMyMzI2OF5BMl5BanBnXkFtZTcwMzM2OTk1MQ@@._V1_SX300.jpg
2	Tim Robbins	Timothy Francis Robbins is an American actor, screenwriter, director, producer, and musician. He is known for his portrayal of Andy Dufresne in The Shawshank Redemption, and has received an Academy Award and two Golden Globe Awards. Robbins is also an accomplished director and political activist.	\N	https://m.media-amazon.com/images/M/MV5BMTI1OTYxNzAxOF5BMl5BanBnXkFtZTYwNTE5ODI4._V1_SX300.jpg
10	Leonardo DiCaprio	Leonardo Wilhelm DiCaprio is an American actor and film producer. Known for his work in biographical and period films, he has received numerous accolades, including an Academy Award, a British Academy Film Award, and three Golden Globe Awards. DiCaprio began his career in the late 1980s by appearing in television commercials.	\N	https://m.media-amazon.com/images/M/MV5BMjI0MTg3MzI0M15BMl5BanBnXkFtZTcwMzQyODU2Mw@@._V1_SX300.jpg
5	Christian Bale	Christian Charles Philip Bale is an English actor. Known for his versatility and physical transformations for his roles, he has received various accolades, including an Academy Award and two Golden Globe Awards. Bale is particularly known for his role as Batman in The Dark Knight trilogy.	\N	https://m.media-amazon.com/images/M/MV5BMTkxMzk4MjQ4MF5BMl5BanBnXkFtZTcwMzExODQxOA@@._V1_SX300.jpg
6	Heath Ledger	Heath Andrew Ledger was an Australian actor and music video director. After playing roles in several Australian television and film productions during the 1990s, Ledger moved to the United States in 1998 to develop his film career further. His most acclaimed role was as the Joker in The Dark Knight, for which he posthumously won the Academy Award for Best Supporting Actor.	\N	https://m.media-amazon.com/images/M/MV5BMTI2NTY0NzA4NF5BMl5BanBnXkFtZTYwMjE1MDE0._V1_SX300.jpg
\.


--
-- TOC entry 3411 (class 0 OID 16422)
-- Dependencies: 221
-- Data for Name: movie_actors; Type: TABLE DATA; Schema: public; Owner: imdb_user
--

COPY public.movie_actors (id, movie_id, actor_id, character_name) FROM stdin;
\.


--
-- TOC entry 3407 (class 0 OID 16399)
-- Dependencies: 217
-- Data for Name: movies; Type: TABLE DATA; Schema: public; Owner: imdb_user
--

COPY public.movies (id, title, summary, release_year, duration, image_url, trailer_url, imdb_score, popularity_score, view_count, created_at, title_tr, summary_tr) FROM stdin;
4	Pulp Fiction	Set in the seedy underbelly of Los Angeles, the film weaves together several loosely connected stories: hitmen Vincent Vega and Jules Winnfield’s bloody job, boxer Butch’s betrayal, and a dangerous night with mob boss Marsellus Wallace’s wife.  With nonlinear storytelling, pitch-black humor, and iconic dialogue, Pulp Fiction became a landmark in modern cinema and Tarantino's defining work.	1994	154	https://m.media-amazon.com/images/M/MV5BNGNhMDIzZTUtNTBlZi00MTRlLWFjM2ItYzViMjE3YzI5MjljXkEyXkFqcGdeQXVyNzkwMjQ5NzM@._V1_SX300.jpg	https://www.youtube.com/watch?v=s7EdQ4FqbhY	8.9	122.61935483870967	12	2025-07-02 00:11:47.118702+00	Ucuz Roman	Los Angeles’ın karanlık sokaklarında geçen film, birbirine gevşek şekilde bağlı birkaç hikâyeyi işliyor: tetikçiler Vincent Vega ve Jules Winnfield’in kanlı görevleri, boksör Butch’un kaçışı, mafya babasının eşi Mia ile geçirilen tehlikeli gece... Zaman çizgisini ters yüz eden anlatımıyla, karakterlerin yolları çarpıcı ve absürt olaylar eşliğinde kesişir.  Keskin diyaloglar, kara mizah, şiddet ve pop kültür göndermeleriyle Ucuz Roman, Tarantino’nun imza stilini ortaya koyar. Sinema anlatımına getirdiği yenilikle 90’lara damgasını vurmuş, kült mertebesine erişmiş bir başyapıttır.
8	Goodfellas	Based on a true story, the film follows Henry Hill’s rise in the New York mob from the 1950s to the 1980s. Alongside violent figures like Jimmy Conway and Tommy DeVito, Henry enjoys a life of wealth and danger — until paranoia and betrayal bring it crashing down.  With kinetic direction, period detail, and unforgettable performances, Goodfellas remains one of the most realistic and influential gangster films ever made.	1990	146	https://m.media-amazon.com/images/I/81NuuGhiNmL._UF894,1000_QL80_.jpg	https://www.youtube.com/watch?v=qo5jJpHtI0E	8.7	115.75263157894739	2	2025-07-02 00:11:47.118702+00	Sıkı Dostlar	Gerçek bir hikâyeye dayanan film, Henry Hill adlı bir gangsterin 1950’lerden 1980’lere uzanan suç dolu hayatını anlatır. Henry, genç yaşta yeraltı dünyasına adım atar, Jimmy Conway ve Tommy DeVito gibi acımasız figürlerle birlikte yükselir. Ancak güç, para ve ihanet, çöküşün habercisi olur.  Scorsese’nin dinamik anlatımı, dönemin atmosferi, tempolu kurgusu ve Ray Liotta, Robert De Niro, Joe Pesci gibi oyuncuların güçlü performanslarıyla Sıkı Dostlar, mafya filmleri arasında ayrı bir yere sahiptir. Gerçekçi dili ve acımasız şiddet tasvirleriyle türün en etkili yapıtlarından biri olarak kabul edilir.
10	Fight Club	An unnamed white-collar worker suffers from insomnia and feels trapped in a monotonous life. Everything changes when he meets the anarchistic soap salesman Tyler Durden. Together they form Fight Club — a secret group where men reclaim masculinity through brutal fistfights. But as the club evolves into something darker, chaos erupts.  With sharp dialogue, identity crisis themes, and a shocking twist, Fight Club became a cult classic. First rule: You do not talk about Fight Club.	1999	139	https://m.media-amazon.com/images/M/MV5BMmEzNTkxYjQtZTc0MC00YTVjLTg5ZTEtZWMwOWVlYzY0NWIwXkEyXkFqcGdeQXVyNzkwMjQ5NzM@._V1_SX300.jpg	https://www.youtube.com/watch?v=qtRKdVHc-cE	8.8	112.98421052631578	3	2025-07-02 00:11:47.118702+00	Dövüş Kulübü	İsmi verilmeyen bir beyaz yakalı, uykusuzluk ve hayatının monotonluğu arasında sıkışıp kalmıştır. Hayatının yönü, karizmatik ve anarşist sabun satıcısı Tyler Durden’la tanışmasıyla değişir. İkili birlikte “Dövüş Kulübü”nü kurar — erkekliğin, öfkenin ve özgürlüğün fiziksel bir dışavurumu. Ancak işler kontrolden çıkınca, kulüp daha büyük ve tehlikeli bir harekete dönüşür.  Tüketim kültürüne sert bir eleştiri, kimlik bunalımı ve delilik temalarını işleyen film, beklenmedik finali ve kült replikleriyle sinema tarihine damgasını vurmuştur. İlk kural: Dövüş Kulübü hakkında konuşma.
6	Başlangıç	Dom Cobb, insanların rüyalarına girerek bilinçaltlarından bilgi çalan yetenekli bir "rüya hırsızı"dır. Ancak bu kez ondan bilgi çalması değil, bir fikri yerleştirmesi istenir — yani “başlangıç” yapması. Bu neredeyse imkânsız görevi başarmak için bir ekip kurar ve çok katmanlı bir rüya içinde rüyaya yolculuğa çıkar. Zaman, gerçeklik ve bilinç arasında çizgilerin silindiği bu yolculuk Cobb’un kendi karanlık geçmişiyle de yüzleşmesini gerektirir.  Zihni zorlayan yapısı, görsel ihtişamı ve özgün kurgusuyla Başlangıç, modern sinemanın en ikonik ve tartışmalı filmlerinden biri haline gelmiştir. Gerçek nedir, rüya nedir? İzleyiciye bu soruyu defalarca sordurur.	2010	148	https://m.media-amazon.com/images/M/MV5BMjAxMzY3NjcxNF5BMl5BanBnXkFtZTcwNTI5OTM0Mw@@._V1_SX300.jpg	https://www.youtube.com/watch?v=YoHD9XEInc0	8.8	117.66129032258064	45	2025-07-02 00:11:47.118702+00	Başlangıç	Dom Cobb, insanların rüyalarına girerek bilinçaltlarından bilgi çalan yetenekli bir "rüya hırsızı"dır. Ancak bu kez ondan bilgi çalması değil, bir fikri yerleştirmesi istenir — yani “başlangıç” yapması. Bu neredeyse imkânsız görevi başarmak için bir ekip kurar ve çok katmanlı bir rüya içinde rüyaya yolculuğa çıkar. Zaman, gerçeklik ve bilinç arasında çizgilerin silindiği bu yolculuk Cobb’un kendi karanlık geçmişiyle de yüzleşmesini gerektirir.  Zihni zorlayan yapısı, görsel ihtişamı ve özgün kurgusuyla Başlangıç, modern sinemanın en ikonik ve tartışmalı filmlerinden biri haline gelmiştir. Gerçek nedir, rüya nedir? İzleyiciye bu soruyu defalarca sordurur.
2	The Godfather	Set in 1940s America, the film follows the powerful Corleone crime family. As patriarch Vito Corleone manages the empire with tradition and loyalty, reluctant son Michael is pulled deeper into the family business, eventually becoming the new Godfather.  A sweeping saga of power, family, and betrayal, The Godfather is a towering achievement in American cinema. Marlon Brando’s iconic role redefined the gangster genre.	1972	175	https://m.media-amazon.com/images/M/MV5BM2MyNjYxNmUtYTAwNi00MTYxLWJmNWYtYzZlODY3ZTk3OTFlXkEyXkFqcGdeQXVyNzkwMjQ5NzM@._V1_SX300.jpg	https://www.youtube.com/watch?v=sY1S34973zA	9.2	119.66774193548387	7	2025-07-02 00:11:47.118702+00	Baba	1940’ların Amerika’sında geçen film, İtalyan mafya ailesi Corleone’lerin hikâyesini anlatır. Ailenin başındaki Don Vito Corleone, güç, sadakat ve gelenek üzerine kurulu bir imparatorluk yönetmektedir. Ancak aile işlerinden uzak durmak isteyen oğlu Michael, trajik olaylar sonucu adım adım bu karanlık dünyaya çekilir ve zamanla yeni “Baba”ya dönüşür.  Güç, aile bağları, ihanet ve adalet temalarıyla Baba, sadece bir mafya filmi değil, Amerikan sinemasının zirvesi kabul edilen epik bir aile trajedisidir. Marlon Brando’nun ikonik performansı ve unutulmaz replikleriyle sinema tarihinin en etkileyici filmlerinden biridir.
9	Yüzüklerin Efendisi: Kralın Dönüşü	Orta Dünya’nın kaderi belirlenmek üzeredir. Frodo ve Sam, Gollum’un rehberliğinde Tek Yüzük’ü yok etmek için Mordor’a doğru zorlu yolculuklarına devam ederken, Gondor krallığı büyük bir savaşa hazırlanır. Aragorn, tahtın gerçek varisi olarak kaderini kabul eder ve halkları birleştirmek için harekete geçer.  Epik savaş sahneleri, duygusal doruklar ve görsel ihtişamla bezeli Kralın Dönüşü, üçlemenin zirve noktasıdır. 11 Oscar kazanarak sinema tarihine geçen film, dostluk, fedakârlık ve umut temalarını görkemli bir anlatımla tamamlar. Orta Dünya efsanesine destansı bir final sunar.	2003	201	https://m.media-amazon.com/images/I/91j-91M3G5L._AC_UY545_FMwebp_QL65_.jpg	https://www.youtube.com/watch?v=r5X-hFf6Bwo	8.9	122.33548387096775	24	2025-07-02 00:11:47.118702+00	Yüzüklerin Efendisi: Kralın Dönüşü	Orta Dünya’nın kaderi belirlenmek üzeredir. Frodo ve Sam, Gollum’un rehberliğinde Tek Yüzük’ü yok etmek için Mordor’a doğru zorlu yolculuklarına devam ederken, Gondor krallığı büyük bir savaşa hazırlanır. Aragorn, tahtın gerçek varisi olarak kaderini kabul eder ve halkları birleştirmek için harekete geçer.  Epik savaş sahneleri, duygusal doruklar ve görsel ihtişamla bezeli Kralın Dönüşü, üçlemenin zirve noktasıdır. 11 Oscar kazanarak sinema tarihine geçen film, dostluk, fedakârlık ve umut temalarını görkemli bir anlatımla tamamlar. Orta Dünya efsanesine destansı bir final sunar.
3	The Dark Knight	As Gotham sees progress in its war on crime, a new threat emerges: the anarchistic Joker, who seeks to plunge the city into chaos and test Batman’s moral limits. Forced to confront the consequences of his vigilante role, Bruce Wayne must decide how far he’s willing to go to stop him.  With a gritty tone, sharp writing, and Heath Ledger’s legendary performance, The Dark Knight transcended the superhero genre and became a modern crime epic.	2008	152	https://m.media-amazon.com/images/M/MV5BMTMxNTMwODM0NF5BMl5BanBnXkFtZTcwODAyMTk2Mw@@._V1_SX300.jpg	https://www.youtube.com/watch?v=EXeTwQWrcwY	9	115.81052631578947	6	2025-07-02 00:11:47.118702+00	Kara Şövalye	Gotham şehri suçla savaşta ilerleme kaydederken, ortaya çıkan kaotik suç dehası Joker, düzeni yıkmak ve insanların inançlarını sarsmak için şehirde terör estirir. Batman, hem fiziksel hem de ahlaki sınırlarını zorlayarak Joker’le yüzleşmek zorundadır. Bu savaşta, adaletin ne anlama geldiği yeniden sorgulanır.  Christopher Nolan’ın karanlık ve gerçekçi yaklaşımıyla öne çıkan Kara Şövalye, sadece bir süper kahraman filmi değil, modern sinemanın güçlü bir suç dramıdır. Heath Ledger’ın Joker performansı sinema tarihine kazınmış, film türünün sınırlarını yeniden tanımlamıştır.
12	Yenilmezler	Loki, uzaylı ordusuyla birlikte dünyayı ele geçirme planları yaparken, uluslararası barış koruma örgütü S.H.I.E.L.D., dünyanın en güçlü kahramanlarını bir araya getirir: Iron Man, Kaptan Amerika, Thor, Hulk, Black Widow ve Hawkeye. Başta birbirleriyle anlaşamayan bu süper kahramanlar, insanlığı kurtarmak için birlikte hareket etmek zorundadır.  Marvel Sinematik Evreni’nin dönüm noktası olan Yenilmezler, birden fazla süper kahramanı tek bir hikayede buluşturarak türün sınırlarını genişletti. Mizah, aksiyon ve görsel efektleriyle gişe rekorları kırdı ve bir kült serinin temelini attı.	2012	143	https://m.media-amazon.com/images/M/MV5BNDYxNjQyMjAtNTdiOS00NGYwLWFmNTAtNThmYjU5ZGI2YTI1XkEyXkFqcGdeQXVyMTMxODk2OTU@._V1_SX300.jpg	https://www.youtube.com/watch?v=eOrNdBpGMv8	8	117.17096774193548	23	2025-07-02 00:11:47.118702+00	Yenilmezler	Loki, uzaylı ordusuyla birlikte dünyayı ele geçirme planları yaparken, uluslararası barış koruma örgütü S.H.I.E.L.D., dünyanın en güçlü kahramanlarını bir araya getirir: Iron Man, Kaptan Amerika, Thor, Hulk, Black Widow ve Hawkeye. Başta birbirleriyle anlaşamayan bu süper kahramanlar, insanlığı kurtarmak için birlikte hareket etmek zorundadır.  Marvel Sinematik Evreni’nin dönüm noktası olan Yenilmezler, birden fazla süper kahramanı tek bir hikayede buluşturarak türün sınırlarını genişletti. Mizah, aksiyon ve görsel efektleriyle gişe rekorları kırdı ve bir kült serinin temelini attı.
1	The Shawshank Redemption	Wrongfully convicted of murdering his wife, banker Andy Dufresne is sent to Shawshank Prison. Over decades, he uses intelligence, patience, and quiet resolve to endure cruelty, form a lasting friendship with fellow inmate Red, and plan something far greater than survival.  A powerful tale of hope and the human spirit. The Shawshank Redemption quietly rose to become one of the most beloved films of all time.	1994	142	https://m.media-amazon.com/images/M/MV5BMDFkYTc0MGEtZmNhMC00ZDIzLWFmNTEtODM1ZmRlYWMwMWFmXkEyXkFqcGdeQXVyMTMxODk2OTU@._V1_SX300.jpg	https://www.youtube.com/watch?v=6hB3S9bIaco	9.3	113.86451612903225	8	2025-07-02 00:11:47.118702+00	Esaretin Bedeli	Andy Dufresne, karısını ve onun sevgilisini öldürmekle suçlanarak Shawshank Hapishanesi’ne gönderilen bir bankerdir. Masum olduğunu iddia eden Andy, içeride geçirdiği yıllar boyunca zekâsı, sabrı ve iradesiyle mahkumların ve gardiyanların hayatında derin izler bırakır. En yakın dostu Red ile kurduğu dostluk ise filmin duygusal temelini oluşturur.  Umut, özgürlük ve insan ruhunun direnci temalarını işleyen Esaretin Bedeli, ilk çıktığında fazla ses getirmese de zamanla en çok sevilen ve en yüksek puan alan filmlerden biri hâline geldi. Sessiz ama unutulmaz bir başyapıt.
7	Matrix	Neo, gündelik hayatında sıradan bir yazılım programcısı ve geceleri bir hacker’dır. Ancak gerçek sandığı dünya, aslında makinelerin insanları kontrol altında tutmak için yarattığı bir simülasyondur: Matrix. Gerçek dünyayı keşfetmeye başlayan Neo, direnişin lideri Morpheus ve savaşçı Trinity ile birlikte makinelerle savaşmak ve insanlığı özgürlüğüne kavuşturmak için yola çıkar.  Kavramları altüst eden felsefi temalar, çığır açan görsel efektler (bullet time gibi) ve aksiyon sahneleriyle Matrix, modern sinemanın kült yapıtlarından biridir.	1999	136	https://m.media-amazon.com/images/M/MV5BNzQzOTk3OTAtNDQ0Zi00ZTVkLWI0MTEtMDllZjNkYzNjNTc4L2ltYWdlXkEyXkFqcGdeQXVyNjU0OTQ0OTY@._V1_SX300.jpg	https://www.youtube.com/watch?v=vKQi3bBA1y8	8.7	114.03684210526315	13	2025-07-02 00:11:47.118702+00	Matrix	Neo, gündelik hayatında sıradan bir yazılım programcısı ve geceleri bir hacker’dır. Ancak gerçek sandığı dünya, aslında makinelerin insanları kontrol altında tutmak için yarattığı bir simülasyondur: Matrix. Gerçek dünyayı keşfetmeye başlayan Neo, direnişin lideri Morpheus ve savaşçı Trinity ile birlikte makinelerle savaşmak ve insanlığı özgürlüğüne kavuşturmak için yola çıkar.  Kavramları altüst eden felsefi temalar, çığır açan görsel efektler (bullet time gibi) ve aksiyon sahneleriyle Matrix, modern sinemanın kült yapıtlarından biridir.
\.


--
-- TOC entry 3413 (class 0 OID 16442)
-- Dependencies: 223
-- Data for Name: ratings; Type: TABLE DATA; Schema: public; Owner: imdb_user
--

COPY public.ratings (id, user_id, movie_id, rating, comment, created_at) FROM stdin;
71	8	6	2.5	Not worth watching	2025-07-02 16:56:47.970595+00
72	8	10	3.3	\N	2025-07-02 16:56:47.970595+00
73	8	4	8.7	Absolutely brilliant!	2025-07-02 16:56:47.970595+00
74	8	8	3.2	Could be better	2025-07-02 16:56:47.970595+00
75	8	12	9.3	Perfect in almost every way	2025-07-02 16:56:47.970595+00
76	8	3	6.3	Worth watching once	2025-07-02 16:56:47.970595+00
77	8	1	7.8	Really impressed with this one	2025-07-02 16:56:47.970595+00
78	8	2	3.2	Mediocre at best	2025-07-02 16:56:47.970595+00
79	8	9	8.9	Perfect in almost every way	2025-07-02 16:56:47.970595+00
80	8	7	9.1	\N	2025-07-02 16:56:47.970595+00
81	9	6	5.7	Worth watching once	2025-07-02 16:56:47.970595+00
82	9	10	4	Had potential but failed to deliver	2025-07-02 16:56:47.970595+00
83	9	4	1.8	\N	2025-07-02 16:56:47.970595+00
84	9	8	6.7	Well made and entertaining	2025-07-02 16:56:47.970595+00
85	9	12	1.2	\N	2025-07-02 16:56:47.970595+00
86	9	3	5.1	\N	2025-07-02 16:56:47.970595+00
87	9	1	7.8	Highly recommend!	2025-07-02 16:56:47.970595+00
88	9	2	9.6	\N	2025-07-02 16:56:47.970595+00
89	9	9	6.7	\N	2025-07-02 16:56:47.970595+00
90	9	7	9.5	Absolute perfection!	2025-07-02 16:56:47.970595+00
91	10	6	6.9	Enjoyed it quite a bit	2025-07-02 16:56:47.970595+00
92	10	10	8.8	Absolutely brilliant!	2025-07-02 16:56:47.970595+00
93	10	4	1.1	Complete disappointment	2025-07-02 16:56:47.970595+00
94	10	8	1.3	One of the worst movies I've ever seen	2025-07-02 16:56:47.970595+00
95	10	12	8.4	Highly recommend!	2025-07-02 16:56:47.970595+00
96	10	3	2.9	Nothing special	2025-07-02 16:56:47.970595+00
97	10	1	3	Average and forgettable	2025-07-02 16:56:47.970595+00
98	10	2	3.4	\N	2025-07-02 16:56:47.970595+00
99	10	9	4.9	Middle of the road	2025-07-02 16:56:47.970595+00
100	10	7	1.6	Disappointing experience	2025-07-02 16:56:47.970595+00
101	11	6	6.9	Well made and entertaining	2025-07-02 16:56:47.970595+00
102	11	10	7.5	Outstanding performances	2025-07-02 16:56:47.970595+00
103	11	4	2.9	Average and forgettable	2025-07-02 16:56:47.970595+00
104	11	8	4.3	Not bad but not great either	2025-07-02 16:56:47.970595+00
105	11	12	6.7	Enjoyed it quite a bit	2025-07-02 16:56:47.970595+00
106	11	3	7.5	\N	2025-07-02 16:56:47.970595+00
107	11	1	8.2	\N	2025-07-02 16:56:47.970595+00
108	11	2	8.5	Highly recommend!	2025-07-02 16:56:47.970595+00
109	11	9	8.7	Absolutely brilliant!	2025-07-02 16:56:47.970595+00
110	11	7	6	\N	2025-07-02 16:56:47.970595+00
111	12	6	2.6	Mediocre at best	2025-07-02 16:56:47.970595+00
112	12	10	4.9	Middle of the road	2025-07-02 16:56:47.970595+00
113	12	4	9.3	\N	2025-07-02 16:56:47.970595+00
114	12	8	6	\N	2025-07-02 16:56:47.970595+00
115	12	12	8.9	Perfect in almost every way	2025-07-02 16:56:47.970595+00
116	12	3	1.6	Not worth watching	2025-07-02 16:56:47.970595+00
117	12	1	5.3	Middle of the road	2025-07-02 16:56:47.970595+00
118	12	2	7.5	Outstanding performances	2025-07-02 16:56:47.970595+00
119	12	9	8.3	Outstanding performances	2025-07-02 16:56:47.970595+00
120	12	7	8.5	\N	2025-07-02 16:56:47.970595+00
121	13	6	1.1	\N	2025-07-02 16:56:47.970595+00
122	13	10	3.5	Somewhat disappointing	2025-07-02 16:56:47.970595+00
123	13	4	6.2	Solid entertainment	2025-07-02 16:56:47.970595+00
124	13	8	6.9	Enjoyed it quite a bit	2025-07-02 16:56:47.970595+00
125	13	12	2.7	Mediocre at best	2025-07-02 16:56:47.970595+00
126	13	3	3.5	Mixed feelings about this one	2025-07-02 16:56:47.970595+00
127	13	1	6.2	Solid entertainment	2025-07-02 16:56:47.970595+00
128	13	2	4.4	\N	2025-07-02 16:56:47.970595+00
129	13	9	2.3	\N	2025-07-02 16:56:47.970595+00
130	13	7	2.2	Very poor quality	2025-07-02 16:56:47.970595+00
131	14	6	8.4	Outstanding performances	2025-07-02 16:56:47.970595+00
132	14	10	5.8	Solid entertainment	2025-07-02 16:56:47.970595+00
133	14	4	3.8	Not bad but not great either	2025-07-02 16:56:47.970595+00
134	14	8	5.9	Solid entertainment	2025-07-02 16:56:47.970595+00
135	14	12	5.3	Okay for a casual watch	2025-07-02 16:56:47.970595+00
136	14	3	2.5	\N	2025-07-02 16:56:47.970595+00
137	14	1	2.1	\N	2025-07-02 16:56:47.970595+00
138	14	2	6.2	\N	2025-07-02 16:56:47.970595+00
139	14	9	8.6	Amazing masterpiece!	2025-07-02 16:56:47.970595+00
140	14	7	5.4	Decent but forgettable	2025-07-02 16:56:47.970595+00
141	15	6	7.7	Highly recommend!	2025-07-02 16:56:47.970595+00
142	15	10	3.9	Somewhat disappointing	2025-07-02 16:56:47.970595+00
143	15	4	9.6	Life-changing experience	2025-07-02 16:56:47.970595+00
144	15	8	5.8	Solid entertainment	2025-07-02 16:56:47.970595+00
145	15	12	9	\N	2025-07-02 16:56:47.970595+00
146	15	3	9.7	The best movie ever made!	2025-07-02 16:56:47.970595+00
147	15	1	2.5	\N	2025-07-02 16:56:47.970595+00
148	15	2	1.2	\N	2025-07-02 16:56:47.970595+00
149	15	9	2.5	Not worth watching	2025-07-02 16:56:47.970595+00
150	15	7	9.6	\N	2025-07-02 16:56:47.970595+00
151	16	6	8.2	Highly recommend!	2025-07-02 16:56:47.970595+00
152	16	10	7.3	Really good movie!	2025-07-02 16:56:47.970595+00
153	16	4	8.7	\N	2025-07-02 16:56:47.970595+00
154	16	8	8.3	Outstanding performances	2025-07-02 16:56:47.970595+00
155	16	12	6.1	Enjoyable but not exceptional	2025-07-02 16:56:47.970595+00
156	16	3	3.3	\N	2025-07-02 16:56:47.970595+00
157	16	1	5.1	\N	2025-07-02 16:56:47.970595+00
158	16	2	9.4	Perfect in almost every way	2025-07-02 16:56:47.970595+00
159	16	9	6.5	\N	2025-07-02 16:56:47.970595+00
160	16	7	8	Really impressed with this one	2025-07-02 16:56:47.970595+00
161	17	6	3.6	Had potential but failed to deliver	2025-07-02 16:56:47.970595+00
162	17	10	4.6	Okay for a casual watch	2025-07-02 16:56:47.970595+00
163	17	4	3.3	\N	2025-07-02 16:56:47.970595+00
164	17	8	3.6	Had potential but failed to deliver	2025-07-02 16:56:47.970595+00
165	17	12	8.2	\N	2025-07-02 16:56:47.970595+00
166	17	3	6.8	\N	2025-07-02 16:56:47.970595+00
167	17	1	7.5	Outstanding performances	2025-07-02 16:56:47.970595+00
168	17	2	7.1	\N	2025-07-02 16:56:47.970595+00
169	17	9	5.8	Pretty good overall	2025-07-02 16:56:47.970595+00
170	17	7	5.4	\N	2025-07-02 16:56:47.970595+00
171	18	6	6.8	\N	2025-07-02 16:56:47.970595+00
172	18	10	1.3	Terrible movie, waste of time	2025-07-02 16:56:47.970595+00
173	18	4	8.9	Perfect in almost every way	2025-07-02 16:56:47.970595+00
174	18	8	5.9	Pretty good overall	2025-07-02 16:56:47.970595+00
175	18	12	4	Somewhat disappointing	2025-07-02 16:56:47.970595+00
176	18	3	2.9	Could be better	2025-07-02 16:56:47.970595+00
177	18	1	3.3	Average and forgettable	2025-07-02 16:56:47.970595+00
178	18	2	4.8	Okay for a casual watch	2025-07-02 16:56:47.970595+00
179	18	9	1.8	Very poor quality	2025-07-02 16:56:47.970595+00
180	18	7	3.8	Not bad but not great either	2025-07-02 16:56:47.970595+00
181	19	6	1.5	Not worth watching	2025-07-02 16:56:47.970595+00
182	19	10	1.7	\N	2025-07-02 16:56:47.970595+00
183	19	4	8.6	Amazing masterpiece!	2025-07-02 16:56:47.970595+00
184	19	8	9.5	The best movie ever made!	2025-07-02 16:56:47.970595+00
185	19	12	7.8	\N	2025-07-02 16:56:47.970595+00
186	19	3	7.8	Highly recommend!	2025-07-02 16:56:47.970595+00
187	19	1	7.2	Really good movie!	2025-07-02 16:56:47.970595+00
188	19	2	3.4	\N	2025-07-02 16:56:47.970595+00
189	19	9	3.5	Had potential but failed to deliver	2025-07-02 16:56:47.970595+00
190	19	7	5	Okay for a casual watch	2025-07-02 16:56:47.970595+00
191	20	6	5.6	Pretty good overall	2025-07-02 16:56:47.970595+00
192	20	10	7.1	\N	2025-07-02 16:56:47.970595+00
193	20	4	2.6	Could be better	2025-07-02 16:56:47.970595+00
194	20	8	8.9	Amazing masterpiece!	2025-07-02 16:56:47.970595+00
195	20	12	1.7	Disappointing experience	2025-07-02 16:56:47.970595+00
196	20	3	6.1	Worth watching once	2025-07-02 16:56:47.970595+00
197	20	1	1.7	\N	2025-07-02 16:56:47.970595+00
198	20	2	2.1	Not worth watching	2025-07-02 16:56:47.970595+00
199	20	9	2.4	Very poor quality	2025-07-02 16:56:47.970595+00
200	20	7	6.4	Enjoyable but not exceptional	2025-07-02 16:56:47.970595+00
201	21	6	9.6	Life-changing experience	2025-07-02 16:56:47.970595+00
202	21	10	8.6	Amazing masterpiece!	2025-07-02 16:56:47.970595+00
203	21	4	6.4	\N	2025-07-02 16:56:47.970595+00
204	21	8	6	\N	2025-07-02 16:56:47.970595+00
205	21	12	5.4	\N	2025-07-02 16:56:47.970595+00
206	21	3	1.9	\N	2025-07-02 16:56:47.970595+00
207	21	1	5.2	Middle of the road	2025-07-02 16:56:47.970595+00
208	21	2	8.9	One of the best films I've seen	2025-07-02 16:56:47.970595+00
209	21	9	6.7	\N	2025-07-02 16:56:47.970595+00
210	21	7	1.9	Very poor quality	2025-07-02 16:56:47.970595+00
211	22	6	2.5	Below expectations	2025-07-02 16:56:47.970595+00
212	22	10	6.1	Enjoyable but not exceptional	2025-07-02 16:56:47.970595+00
213	22	4	1.3	Complete disappointment	2025-07-02 16:56:47.970595+00
214	22	8	1.6	Very poor quality	2025-07-02 16:56:47.970595+00
215	22	12	3	Could be better	2025-07-02 16:56:47.970595+00
216	22	3	2.9	Mediocre at best	2025-07-02 16:56:47.970595+00
217	22	1	3.5	\N	2025-07-02 16:56:47.970595+00
218	22	2	2.3	\N	2025-07-02 16:56:47.970595+00
219	22	9	3.9	Not bad but not great either	2025-07-02 16:56:47.970595+00
220	22	7	1.3	\N	2025-07-02 16:56:47.970595+00
221	23	6	9	Absolutely brilliant!	2025-07-02 16:56:47.970595+00
222	23	10	1.3	One of the worst movies I've ever seen	2025-07-02 16:56:47.970595+00
223	23	4	9.4	Amazing masterpiece!	2025-07-02 16:56:47.970595+00
224	23	8	4.6	Decent but forgettable	2025-07-02 16:56:47.970595+00
225	23	12	1.9	Below expectations	2025-07-02 16:56:47.970595+00
226	23	3	9.1	Amazing masterpiece!	2025-07-02 16:56:47.970595+00
227	23	1	3.3	Average and forgettable	2025-07-02 16:56:47.970595+00
228	23	2	5.9	Worth watching once	2025-07-02 16:56:47.970595+00
229	23	9	9.8	Absolute perfection!	2025-07-02 16:56:47.970595+00
230	23	7	9.6	\N	2025-07-02 16:56:47.970595+00
231	24	6	5.7	Worth watching once	2025-07-02 16:56:47.970595+00
232	24	10	7.8	Highly recommend!	2025-07-02 16:56:47.970595+00
233	24	4	6.8	Well made and entertaining	2025-07-02 16:56:47.970595+00
234	24	8	3.4	Mediocre at best	2025-07-02 16:56:47.970595+00
235	24	12	1.6	Not worth watching	2025-07-02 16:56:47.970595+00
236	24	3	5.2	\N	2025-07-02 16:56:47.970595+00
237	24	1	2.1	Very poor quality	2025-07-02 16:56:47.970595+00
238	24	2	8.7	Amazing masterpiece!	2025-07-02 16:56:47.970595+00
239	24	9	1.6	\N	2025-07-02 16:56:47.970595+00
240	24	7	2.2	Very poor quality	2025-07-02 16:56:47.970595+00
241	25	6	3.4	Could be better	2025-07-02 16:56:47.970595+00
242	25	10	2.5	Very poor quality	2025-07-02 16:56:47.970595+00
243	25	4	9.7	Masterpiece of cinema!	2025-07-02 16:56:47.970595+00
244	25	8	1	\N	2025-07-02 16:56:47.970595+00
245	25	12	6.1	Pretty good overall	2025-07-02 16:56:47.970595+00
246	25	3	9.4	\N	2025-07-02 16:56:47.970595+00
247	25	1	1.1	Complete disappointment	2025-07-02 16:56:47.970595+00
248	25	2	9.8	Absolute perfection!	2025-07-02 16:56:47.970595+00
249	25	9	5.3	Average movie, nothing outstanding	2025-07-02 16:56:47.970595+00
250	25	7	2.6	Average and forgettable	2025-07-02 16:56:47.970595+00
251	26	6	3.1	Mediocre at best	2025-07-02 16:56:47.970595+00
252	26	10	6.6	\N	2025-07-02 16:56:47.970595+00
253	26	4	9	\N	2025-07-02 16:56:47.970595+00
254	26	8	6.8	Well made and entertaining	2025-07-02 16:56:47.970595+00
255	26	12	5.2	Average movie, nothing outstanding	2025-07-02 16:56:47.970595+00
256	26	3	7.5	\N	2025-07-02 16:56:47.970595+00
257	26	1	3.3	Mediocre at best	2025-07-02 16:56:47.970595+00
258	26	2	4.8	Middle of the road	2025-07-02 16:56:47.970595+00
259	26	9	5.1	Okay for a casual watch	2025-07-02 16:56:47.970595+00
260	26	7	7.2	Enjoyed it quite a bit	2025-07-02 16:56:47.970595+00
261	27	6	4.1	\N	2025-07-02 16:56:47.970595+00
262	27	10	3.7	\N	2025-07-02 16:56:47.970595+00
263	27	4	1.6	\N	2025-07-02 16:56:47.970595+00
264	27	8	1.8	Very poor quality	2025-07-02 16:56:47.970595+00
265	27	12	6.1	Enjoyable but not exceptional	2025-07-02 16:56:47.970595+00
266	27	3	3	\N	2025-07-02 16:56:47.970595+00
267	27	1	8.4	\N	2025-07-02 16:56:47.970595+00
268	27	2	5	\N	2025-07-02 16:56:47.970595+00
269	27	9	8	Highly recommend!	2025-07-02 16:56:47.970595+00
270	27	7	5.3	Okay for a casual watch	2025-07-02 16:56:47.970595+00
271	28	6	2.6	Mediocre at best	2025-07-02 16:56:47.970595+00
272	28	10	1.2	Complete disappointment	2025-07-02 16:56:47.970595+00
273	28	4	8	\N	2025-07-02 16:56:47.970595+00
274	28	8	3.8	Had potential but failed to deliver	2025-07-02 16:56:47.970595+00
275	28	12	3	\N	2025-07-02 16:56:47.970595+00
276	28	3	8.5	Outstanding performances	2025-07-02 16:56:47.970595+00
277	28	1	3.3	Could be better	2025-07-02 16:56:47.970595+00
278	28	2	5.3	Okay for a casual watch	2025-07-02 16:56:47.970595+00
279	28	9	5.3	Middle of the road	2025-07-02 16:56:47.970595+00
280	28	7	6.4	Pretty good overall	2025-07-02 16:56:47.970595+00
281	29	6	5.3	Decent but forgettable	2025-07-02 16:56:47.970595+00
282	29	10	4.1	Mixed feelings about this one	2025-07-02 16:56:47.970595+00
283	29	4	5.5	Worth watching once	2025-07-02 16:56:47.970595+00
284	29	8	1.3	\N	2025-07-02 16:56:47.970595+00
285	29	12	6.7	Enjoyed it quite a bit	2025-07-02 16:56:47.970595+00
286	29	3	8.2	\N	2025-07-02 16:56:47.970595+00
287	29	1	3	\N	2025-07-02 16:56:47.970595+00
288	29	2	6.4	Enjoyable but not exceptional	2025-07-02 16:56:47.970595+00
289	29	9	4.6	Average movie, nothing outstanding	2025-07-02 16:56:47.970595+00
290	29	7	9.1	\N	2025-07-02 16:56:47.970595+00
291	30	6	6.5	\N	2025-07-02 16:56:47.970595+00
292	30	10	8.4	Outstanding performances	2025-07-02 16:56:47.970595+00
293	30	4	4.6	Okay for a casual watch	2025-07-02 16:56:47.970595+00
294	30	8	4.7	Average movie, nothing outstanding	2025-07-02 16:56:47.970595+00
295	30	12	4.6	Average movie, nothing outstanding	2025-07-02 16:56:47.970595+00
296	30	3	5.5	\N	2025-07-02 16:56:47.970595+00
297	30	1	9.7	Absolute perfection!	2025-07-02 16:56:47.970595+00
298	30	2	6.1	\N	2025-07-02 16:56:47.970595+00
299	30	9	9.3	Perfect in almost every way	2025-07-02 16:56:47.970595+00
300	30	7	6.3	Enjoyable but not exceptional	2025-07-02 16:56:47.970595+00
301	31	6	5.6	Enjoyable but not exceptional	2025-07-02 16:56:47.970595+00
302	31	10	2.2	Disappointing experience	2025-07-02 16:56:47.970595+00
303	31	4	9.1	Absolutely brilliant!	2025-07-02 16:56:47.970595+00
304	31	8	8.7	Amazing masterpiece!	2025-07-02 16:56:47.970595+00
305	31	12	2.7	\N	2025-07-02 16:56:47.970595+00
306	31	3	9	Perfect in almost every way	2025-07-02 16:56:47.970595+00
307	31	1	2.9	\N	2025-07-02 16:56:47.970595+00
308	31	2	3.1	Could be better	2025-07-02 16:56:47.970595+00
309	31	9	5.4	\N	2025-07-02 16:56:47.970595+00
310	31	7	6.7	Really good movie!	2025-07-02 16:56:47.970595+00
311	32	6	6.3	\N	2025-07-02 16:56:47.970595+00
312	32	10	1.3	\N	2025-07-02 16:56:47.970595+00
313	32	4	5	Okay for a casual watch	2025-07-02 16:56:47.970595+00
314	32	8	5.8	Pretty good overall	2025-07-02 16:56:47.970595+00
315	32	12	6	Worth watching once	2025-07-02 16:56:47.970595+00
316	32	3	4.5	Not bad but not great either	2025-07-02 16:56:47.970595+00
317	32	1	6.9	Really good movie!	2025-07-02 16:56:47.970595+00
318	32	2	9.2	\N	2025-07-02 16:56:47.970595+00
319	32	9	5.1	Middle of the road	2025-07-02 16:56:47.970595+00
320	32	7	1.2	One of the worst movies I've ever seen	2025-07-02 16:56:47.970595+00
321	33	6	5.2	Average movie, nothing outstanding	2025-07-02 16:56:47.970595+00
322	33	10	4	\N	2025-07-02 16:56:47.970595+00
323	33	4	4.1	Not bad but not great either	2025-07-02 16:56:47.970595+00
324	33	8	5.6	Enjoyable but not exceptional	2025-07-02 16:56:47.970595+00
325	33	12	7.1	Well made and entertaining	2025-07-02 16:56:47.970595+00
326	33	3	9.8	\N	2025-07-02 16:56:47.970595+00
327	33	1	6.1	Worth watching once	2025-07-02 16:56:47.970595+00
328	33	2	5.8	Worth watching once	2025-07-02 16:56:47.970595+00
329	33	9	9.4	\N	2025-07-02 16:56:47.970595+00
330	33	7	5.1	Average movie, nothing outstanding	2025-07-02 16:56:47.970595+00
331	34	6	9.3	Perfect in almost every way	2025-07-02 16:56:47.970595+00
332	34	10	5.4	Decent but forgettable	2025-07-02 16:56:47.970595+00
333	34	4	5.9	Pretty good overall	2025-07-02 16:56:47.970595+00
334	34	8	7.9	Highly recommend!	2025-07-02 16:56:47.970595+00
335	34	12	1.9	Below expectations	2025-07-02 16:56:47.970595+00
336	34	3	9.3	\N	2025-07-02 16:56:47.970595+00
337	34	1	5.7	Enjoyable but not exceptional	2025-07-02 16:56:47.970595+00
338	34	2	6	Solid entertainment	2025-07-02 16:56:47.970595+00
339	34	9	6.7	Enjoyed it quite a bit	2025-07-02 16:56:47.970595+00
340	34	7	9.6	Absolute perfection!	2025-07-02 16:56:47.970595+00
341	35	6	8.5	Highly recommend!	2025-07-02 16:56:47.970595+00
342	35	10	9.3	\N	2025-07-02 16:56:47.970595+00
343	35	4	9.8	Life-changing experience	2025-07-02 16:56:47.970595+00
344	35	8	6.5	Enjoyable but not exceptional	2025-07-02 16:56:47.970595+00
345	35	12	9.4	Absolutely brilliant!	2025-07-02 16:56:47.970595+00
346	35	3	7	Enjoyed it quite a bit	2025-07-02 16:56:47.970595+00
347	35	1	7.4	Enjoyed it quite a bit	2025-07-02 16:56:47.970595+00
348	35	2	3.6	Somewhat disappointing	2025-07-02 16:56:47.970595+00
349	35	9	5.5	Enjoyable but not exceptional	2025-07-02 16:56:47.970595+00
350	35	7	1.6	\N	2025-07-02 16:56:47.970595+00
351	36	6	4.1	\N	2025-07-02 16:56:47.970595+00
352	36	10	4.7	\N	2025-07-02 16:56:47.970595+00
353	36	4	4.9	Average movie, nothing outstanding	2025-07-02 16:56:47.970595+00
354	36	8	6.3	Enjoyable but not exceptional	2025-07-02 16:56:47.970595+00
355	36	12	2.8	Average and forgettable	2025-07-02 16:56:47.970595+00
356	36	3	6.9	Really good movie!	2025-07-02 16:56:47.970595+00
357	36	1	9.9	Absolute perfection!	2025-07-02 16:56:47.970595+00
358	36	2	5.9	Worth watching once	2025-07-02 16:56:47.970595+00
359	36	9	6.8	Really good movie!	2025-07-02 16:56:47.970595+00
360	36	7	1.2	One of the worst movies I've ever seen	2025-07-02 16:56:47.970595+00
361	37	6	3.8	Somewhat disappointing	2025-07-02 16:56:47.970595+00
362	37	10	9.8	Life-changing experience	2025-07-02 16:56:47.970595+00
363	37	4	9.2	Amazing masterpiece!	2025-07-02 16:56:47.970595+00
364	37	8	9.6	\N	2025-07-02 16:56:47.970595+00
365	37	12	7.4	Really good movie!	2025-07-02 16:56:47.970595+00
366	37	3	3.6	\N	2025-07-02 16:56:47.970595+00
367	37	1	8.3	Outstanding performances	2025-07-02 16:56:47.970595+00
368	37	2	6.1	Pretty good overall	2025-07-02 16:56:47.970595+00
369	37	9	7.3	Definitely recommend	2025-07-02 16:56:47.970595+00
370	37	7	5	Middle of the road	2025-07-02 16:56:47.970595+00
371	38	6	2.7	Could be better	2025-07-02 16:56:47.970595+00
372	38	10	2.3	Disappointing experience	2025-07-02 16:56:47.970595+00
373	38	4	4.6	\N	2025-07-02 16:56:47.970595+00
374	38	8	8.6	\N	2025-07-02 16:56:47.970595+00
375	38	12	9.9	Masterpiece of cinema!	2025-07-02 16:56:47.970595+00
376	38	3	1.8	\N	2025-07-02 16:56:47.970595+00
377	38	1	6.7	Well made and entertaining	2025-07-02 16:56:47.970595+00
378	38	2	9.1	One of the best films I've seen	2025-07-02 16:56:47.970595+00
379	38	9	9.1	\N	2025-07-02 16:56:47.970595+00
380	38	7	9.8	\N	2025-07-02 16:56:47.970595+00
\.


--
-- TOC entry 3405 (class 0 OID 16386)
-- Dependencies: 215
-- Data for Name: users; Type: TABLE DATA; Schema: public; Owner: imdb_user
--

COPY public.users (id, email, hashed_password, country, city, photo_url, google_id, is_active, created_at) FROM stdin;
8	muhamedcicak@gmail.com	\N	\N	\N	https://lh3.googleusercontent.com/a/ACg8ocLF-FgKob5APZI9iXGtOarf3iTU2dRddh90stv6laddkiYUyg=s96-c	103977819160565699126	t	2025-07-02 16:28:04.376678+00
9	ahmet.yilmaz@gmail.com	$2b$12$kAOYsfu9xuvBon3f.NRBSOJ6rUKn48hXRm94Ny56CsogDCE/QMBfS	Turkey	Istanbul	\N	\N	t	2025-07-02 16:56:42.761759+00
10	fatma.demir@gmail.com	$2b$12$LPjLgI53rbNhJcSVo//bAudKVFa1fSNznGkvKLdxxgwlZmwjHm/KG	Turkey	Ankara	\N	\N	t	2025-07-02 16:56:42.761759+00
11	mehmet.kaya@gmail.com	$2b$12$nDUzbv2aaGuoGaXEYdJ3buAH5sZrtJZklIUo/KoNgM3ZwRk69zNBO	Turkey	Izmir	\N	\N	t	2025-07-02 16:56:42.761759+00
12	ayse.ozturk@gmail.com	$2b$12$GTJxALqDXeGvjpTrO.x58ezbJUMgm5iuBLYjWmGfrcDQyDJ.2g6wG	Turkey	Bursa	\N	\N	t	2025-07-02 16:56:42.761759+00
13	mustafa.celik@gmail.com	$2b$12$J1K30RIAzn.yBNFp5dZ6hOIof.I3D4Ksk1ndVAoV4sFzADVhBzLl.	Turkey	Antalya	\N	\N	t	2025-07-02 16:56:42.761759+00
14	zeynep.arslan@gmail.com	$2b$12$s/qfVGpNXRr61tKdNmwWHOR9E9Okj8Y8Ye0O3.KxEWeGFKQJTGgpO	Turkey	Adana	\N	\N	t	2025-07-02 16:56:42.761759+00
15	john.smith@gmail.com	$2b$12$FkAfqLxe1/YnXhi5d9FqbOrieTVoX.DYZJgFcIjh3c3eLaUJbqleG	United States	New York	\N	\N	t	2025-07-02 16:56:42.761759+00
16	emily.johnson@gmail.com	$2b$12$DJrgoRZ2z0dyaVexq.kwAeS3WA0SxUhgm8bkpgChRKnypwvOk1D22	United States	Los Angeles	\N	\N	t	2025-07-02 16:56:42.761759+00
17	michael.brown@gmail.com	$2b$12$8F8PWmBptvkzuh4DoF0y6egAjjKKRYs434If8x9PoQoe02qz9Pbae	United States	Chicago	\N	\N	t	2025-07-02 16:56:42.761759+00
18	sarah.davis@gmail.com	$2b$12$PjKHPkf6Rx./sp9hZcdEq.4PEXZx8zQh006uhvnBUObMmbnZSe/Su	United States	Houston	\N	\N	t	2025-07-02 16:56:42.761759+00
19	david.wilson@gmail.com	$2b$12$V5qWfTMj/UywdiPGicSi1eVwKNjzE.dah00VmqG1mgc4URLVsyLpi	United States	Phoenix	\N	\N	t	2025-07-02 16:56:42.761759+00
20	jessica.garcia@gmail.com	$2b$12$l8OEF8shtA7lOrWo2gJHW.ExJn.PA1RwKkBpDRPP0OLYYv0qUn5FK	United States	Philadelphia	\N	\N	t	2025-07-02 16:56:42.761759+00
21	james.taylor@gmail.com	$2b$12$gewlL7/Tw7yYGraVw2tKweD6P8EgVyLZCOpIgAvIs7lcVie9AwwJW	United Kingdom	London	\N	\N	t	2025-07-02 16:56:42.761759+00
22	olivia.anderson@gmail.com	$2b$12$VnyvF2HXMILx/0jD3dMwSeSRMFyWIsbqairXu8JNMW74qRgWItqXm	United Kingdom	Manchester	\N	\N	t	2025-07-02 16:56:42.761759+00
23	william.thomas@gmail.com	$2b$12$8folWIAnJ/JFu4Gi5y2Dhe.hgn7v8.HTHL85xYidr5Xt5i2PnsvLG	United Kingdom	Birmingham	\N	\N	t	2025-07-02 16:56:42.761759+00
24	sophie.jackson@gmail.com	$2b$12$nMux/rkqg0W4UYX7xFGMvONZ/Q.B3By/S.hhGjmRKhpE0xbjxjpHy	United Kingdom	Leeds	\N	\N	t	2025-07-02 16:56:42.761759+00
25	harry.white@gmail.com	$2b$12$QPSuGWkJPAHKxEQghTaJsuoTWwqHIbalgIDuGIj2079H9OVzgeaie	United Kingdom	Glasgow	\N	\N	t	2025-07-02 16:56:42.761759+00
26	emma.harris@gmail.com	$2b$12$hy1RNlzm3AvPPiJMRfGWGuu.Ud7AfEku6Bxr1l/RL9JPwE6wrCoaS	United Kingdom	Liverpool	\N	\N	t	2025-07-02 16:56:42.761759+00
27	hans.mueller@gmail.com	$2b$12$6vSCZcP4.JmK0fwI0pfmhu/kFlCQH/U9mVHHfI72gBQ6Q4BQAEt0u	Germany	Berlin	\N	\N	t	2025-07-02 16:56:42.761759+00
28	anna.schmidt@gmail.com	$2b$12$ykU2b3xUTzM052CW4u6rP.uPKuBzAuQC03I2gJ/JQ3iHjqZoD9cI.	Germany	Munich	\N	\N	t	2025-07-02 16:56:42.761759+00
29	klaus.weber@gmail.com	$2b$12$ApRrP7cKE2m6fE2nVNd89ecx3vkYL3Xo/binerZ0OFpexEQNGuduC	Germany	Hamburg	\N	\N	t	2025-07-02 16:56:42.761759+00
30	petra.wagner@gmail.com	$2b$12$81f2yv8sYwVsfhwWGv5RuORxHzHQiefZfiM3zYd0G0He3xzTi9SrK	Germany	Cologne	\N	\N	t	2025-07-02 16:56:42.761759+00
31	stefan.becker@gmail.com	$2b$12$8XZ2ZuYSE.48Nq4x0syGreaDgKrQu4CKYX3Knd17aycSOACWYsa9y	Germany	Frankfurt	\N	\N	t	2025-07-02 16:56:42.761759+00
32	ingrid.schulz@gmail.com	$2b$12$k7llGCDhlR14o9fRdT7zOORHbmjiifKimOtDzdNvwDDOTvrq61qxq	Germany	Stuttgart	\N	\N	t	2025-07-02 16:56:42.761759+00
33	pierre.martin@gmail.com	$2b$12$i/wHPfDg0TWLQz9VWLne6.bC/5h56RXqTCDuGnZdqm1jRpFatC5gK	France	Paris	\N	\N	t	2025-07-02 16:56:42.761759+00
34	marie.bernard@gmail.com	$2b$12$0bYBk1aw9Ffk6C7IzYWQ3eGqQS9wI.DATD5yyC56y/SUyChd48f7C	France	Marseille	\N	\N	t	2025-07-02 16:56:42.761759+00
35	jean.dubois@gmail.com	$2b$12$F2muOdSGcz60RR2C2XAeU.bnyw8cxjbiQ9FDGg.DcF71ndcpmx7RW	France	Lyon	\N	\N	t	2025-07-02 16:56:42.761759+00
36	sophie.thomas@gmail.com	$2b$12$A7GYuL2TOGjY2xV//YWH.up5gR/HxCET2oTuytVe7dooPcKGdVpRq	France	Toulouse	\N	\N	t	2025-07-02 16:56:42.761759+00
37	nicolas.robert@gmail.com	$2b$12$FsCGO4aNRsACz1koB8oqDeksF/Hn8RFQLP39rNVUmSQPxBuYy2c.e	France	Nice	\N	\N	t	2025-07-02 16:56:42.761759+00
38	camille.petit@gmail.com	$2b$12$q7t/s41XGqISZqqQb2dPmeZ0WLUUdLz71gwes/IGMD8eXunZOUHo2	France	Nantes	\N	\N	t	2025-07-02 16:56:42.761759+00
39	test@test.com	$2b$12$UzroU46uf6rw2Q33fINGMuwou8WWSUNaFstl6a5cSuzsIrLQvnrl.	United States	Miami	data:image/png;base64,iVBORw0KGgoAAAANSUhEUgAACtoAAAMUCAYAAAA4uGEGAAAMS2lDQ1BJQ0MgUHJvZmlsZQAASImVVwdYE9kWvlNSIQQIREBK6E0QkRJASggtgPQiiEpIAoQSY0JQsaOLCq5dRLCiqyCKHRCxYVcWxe5aFgsqK+tiwa68GwLosq9873zfnfnnv2f+e86ZO3PnAkBv50ulOagmALmSPFlMsD9rXFIyi9QJiAABuoAOdPgCuZQTFRUOoA2c/27vbkJfaNcclFr/7P+vpiUUyQUAIFEQpwnlglyIDwKANwmksjwAiFLIm0/Nkyrxaoh1ZDBAiKuUOEOFm5Q4TYWv9PnExXAhfgIAWZ3Pl2UAoNENeVa+IAPq0GG2wEkiFEsg9oPYJzd3shDiuRDbQB84Jl2pz077QSfjb5ppg5p8fsYgVuXSZ+QAsVyaw5/+f5bjf1tujmJgDGvY1DNlITHKnGHdnmRPDlNidYg/SNIiIiHWBgDFxcI+fyVmZipC4lX+qI1AzoU1A0yIx8hzYnn9fIyQHxAGsSHE6ZKciPB+n8J0cZDSB9YPLRPn8eIg1oO4SiQPjO33OSGbHDMw7s10GZfTzz/ny/piUOp/U2THc1T6mHamiNevjzkWZMYlQkyFOCBfnBABsQbEEfLs2LB+n5SCTG7EgI9MEaPMxQJimUgS7K/Sx0rTZUEx/f47c+UDuWMnMsW8iH58NS8zLkRVK+yJgN8XP8wF6xZJOPEDOiL5uPCBXISigEBV7jhZJImPVfG4njTPP0Z1L24nzYnq98f9RTnBSt4M4jh5fuzAvfl5cHKq9PEiaV5UnCpOvDyLHxqligffC8IBFwQAFlDAlgYmgywgbu2q74JXqp4gwAcykAFEwKGfGbgjsa9HAo+xoAD8CZEIyAfv8+/rFYF8yH8dwio58SCnOjqA9P4+pUo2eApxLggDOfBa0ackGYwgATyBjPgfEfFhE8AccmBT9v97foD9znAgE97PKAZGZNEHPImBxABiCDGIaIsb4D64Fx4Oj36wOeNs3GMgj+/+hKeENsIjwg1CO+HOJHGhbEiUY0E71A/qr0/aj/XBraCmK+6Pe0N1qIwzcQPggLvAcTi4LxzZFbLc/riVVWEN0f5bBj88oX4/ihMFpQyj+FFsht6pYafhOqiirPWP9VHFmjZYb+5gz9DxuT9UXwjPYUM9sUXYAewcdhK7gDVh9YCFHccasBbsqBIPzrgnfTNuYLSYvniyoc7QOfP9ySorKXeqcep0+qLqyxNNy1O+jNzJ0ukycUZmHosDVwwRiycROI5gOTs5uwKgXH9Un7c30X3rCsJs+c7N/x0A7+O9vb1HvnOhxwHY5w4/CYe/czZsuLSoAXD+sEAhy1dxuPJAgF8OuKoBfWAMzIENzMcZuAEv4AcCQSiIBHEgCUyE0WfCeS4DU8FMMA8UgRKwHKwB5WAT2AqqwG6wH9SDJnASnAWXwBVwA9yFs6cDvADd4B34jCAICaEhDEQfMUEsEXvEGWEjPkggEo7EIElIKpKBSBAFMhOZj5QgK5FyZAtSjexDDiMnkQtIG3IHeYh0Iq+RTyiGqqM6qBFqhY5E2SgHDUPj0AloBjoFLUAXoEvRMrQS3YXWoSfRS+gNtB19gfZgAFPDmJgp5oCxMS4WiSVj6ZgMm40VY6VYJVaLNcLnfA1rx7qwjzgRZ+As3AHO4BA8HhfgU/DZ+BK8HK/C6/DT+DX8Id6NfyPQCIYEe4IngUcYR8ggTCUUEUoJ2wmHCGfgu9RBeEckEplEa6I7fBeTiFnEGcQlxA3EPcQTxDbiY2IPiUTSJ9mTvEmRJD4pj1REWkfaRTpOukrqIH0gq5FNyM7kIHIyWUIuJJeSd5KPka+Sn5E/UzQplhRPSiRFSJlOWUbZRmmkXKZ0UD5TtajWVG9qHDWLOo9aRq2lnqHeo75RU1MzU/NQi1YTq81VK1Pbq3Ze7aHaR3VtdTt1rnqKukJ9qfoO9RPqd9Tf0Gg0K5ofLZmWR1tKq6adoj2gfdBgaDhq8DSEGnM0KjTqNK5qvKRT6JZ0Dn0ivYBeSj9Av0zv0qRoWmlyNfmaszUrNA9r3tLs0WJojdKK1MrVWqK1U+uC1nNtkraVdqC2UHuB9lbtU9qPGRjDnMFlCBjzGdsYZxgdOkQdax2eTpZOic5unVadbl1tXRfdBN1puhW6R3XbmRjTislj5jCXMfczbzI/DTMaxhkmGrZ4WO2wq8Pe6w3X89MT6RXr7dG7ofdJn6UfqJ+tv0K/Xv++AW5gZxBtMNVgo8EZg67hOsO9hguGFw/fP/w3Q9TQzjDGcIbhVsMWwx4jY6NgI6nROqNTRl3GTGM/4yzj1cbHjDtNGCY+JmKT1SbHTf5g6bI4rBxWGes0q9vU0DTEVGG6xbTV9LOZtVm8WaHZHrP75lRztnm6+WrzZvNuCxOLsRYzLWosfrOkWLItMy3XWp6zfG9lbZVotdCq3uq5tZ41z7rAusb6ng3Nxtdmik2lzXVboi3bNtt2g+0VO9TO1S7TrsLusj1q72Yvtt9g3zaCMMJjhGRE5YhbDuoOHId8hxqHh45Mx3DHQsd6x5cjLUYmj1wx8tzIb06uTjlO25zujtIeFTqqcFTjqNfOds4C5wrn66Npo4NGzxndMPqVi72LyGWjy21XhutY14Wuza5f3dzdZG61bp3uFu6p7uvdb7F12FHsJezzHgQPf485Hk0eHz3dPPM893v+5eXgle210+v5GOsxojHbxjz2NvPme2/xbvdh+aT6bPZp9zX15ftW+j7yM/cT+m33e8ax5WRxdnFe+jv5y/wP+b/nenJncU8EYAHBAcUBrYHagfGB5YEPgsyCMoJqgrqDXYNnBJ8IIYSEhawIucUz4gl41bzuUPfQWaGnw9TDYsPKwx6F24XLwhvHomNDx64aey/CMkISUR8JInmRqyLvR1lHTYk6Ek2MjoquiH4aMypmZsy5WEbspNidse/i/OOWxd2Nt4lXxDcn0BNSEqoT3icGJK5MbB83ctyscZeSDJLESQ3JpOSE5O3JPeMDx68Z35HimlKUcnOC9YRpEy5MNJiYM/HoJPok/qQDqYTUxNSdqV/4kfxKfk8aL219WreAK1greCH0E64Wdoq8RStFz9K901emP8/wzliV0Znpm1ma2SXmisvFr7JCsjZlvc+OzN6R3ZuTmLMnl5ybmntYoi3JlpyebDx52uQ2qb20SNo+xXPKmindsjDZdjkinyBvyNOBP/otChvFT4qH+T75FfkfpiZMPTBNa5pkWst0u+mLpz8rCCr4ZQY+QzCjeabpzHkzH87izNoyG5mdNrt5jvmcBXM65gbPrZpHnZc979dCp8KVhW/nJ85vXGC0YO6Cxz8F/1RTpFEkK7q10GvhpkX4IvGi1sWjF69b/K1YWHyxxKmktOTLEsGSiz+P+rns596l6Utbl7kt27icuFyy/OYK3xVVK7VWFqx8vGrsqrrVrNXFq9+umbTmQqlL6aa11LWKte1l4WUN6yzWLV/3pTyz/EaFf8We9YbrF69/v0G44epGv421m4w2lWz6tFm8+faW4C11lVaVpVuJW/O3Pt2WsO3cL+xfqrcbbC/Z/nWHZEd7VUzV6Wr36uqdhjuX1aA1iprOXSm7ruwO2N1Q61C7ZQ9zT8lesFex9499qftu7g/b33yAfaD2oOXB9YcYh4rrkLrpdd31mfXtDUkNbYdDDzc3ejUeOuJ4ZEeTaVPFUd2jy45Rjy041nu84HjPCemJrpMZJx83T2q+e2rcqeuno0+3ngk7c/5s0NlT5zjnjp/3Pt90wfPC4Yvsi/WX3C7Vtbi2HPrV9ddDrW6tdZfdLzdc8bjS2Dam7dhV36snrwVcO3udd/3SjYgbbTfjb96+lXKr/bbw9vM7OXde/Zb/2+e7c+8R7hXf17xf+sDwQeXvtr/vaXdrP/ow4GHLo9hHdx8LHr94In/ypWPBU9rT0mcmz6qfOz9v6gzqvPLH+D86XkhffO4q+lPrz/UvbV4e/Mvvr5bucd0dr2Svel8veaP/Zsdbl7fNPVE9D97lvvv8vviD/oeqj+yP5z4lfnr2eeoX0peyr7ZfG7+FfbvXm9vbK+XL+H2/AhhQbm3SAXi9AwBaEgAMuG+kjlftD/sMUe1p+xD4T1i1h+wzNwBq4T99dBf8u7kFwN5tAFhBfXoKAFE0AOI8ADp69GAb2Mv17TuVRoR7g80Tv6blpoF/Y6o96Q9xDz0DpaoLGHr+F4/OgwE1snx5AAAATmVYSWZNTQAqAAAACAAEARoABQAAAAEAAAA+ARsABQAAAAEAAABGASgAAwAAAAEAAgAAAhMAAwAAAAEAAQAAAAAAAAAAAJAAAAABAAAAkAAAAAElr9YpAAAAHGlET1QAAAACAAAAAAAAAYoAAAAoAAABigAAAYoAAM1lM8Cz6AAAQABJREFUeAHs3XW4VWXaB+BHHQUVEREM1LETFQVBERM7UMIWGxsTa+wuTFAGzLFFHexuBcXuduwOxlYM/Na759tnzj577X0OfWDudV1ce63nfVfda+3z149nT/NntoSFAAECBAgQIECAAAECBAgQIECAAAECBAgQIECAAAECBAgQIECAAAECBAgQIECAAIESgWkEbUs8bBAgQIAAAQIECBAgQIAAAQIECBAgQIAAAQIECBAgQIAAAQIECBAgQIAAAQIECBAoCAjaehEIECBAgAABAgQIECBAgAABAgQIECBAgAABAgQIECBAgAABAgQIECBAgAABAgQI5AgI2uagKBEgQIAAAQIECBAgQIAAAQIECBAgQIAAAQIECBAgQIAAAQIECBAgQIAAAQIECBAQtPUOECBAgAABAgQIECBAgAABAgQIECBAgAABAgQIECBAgAABAgQIECBAgAABAgQIEMgRELTNQVEiQIAAAQIECBAgQIAAAQIECBAgQIAAAQIECBAgQIAAAQIECBAgQIAAAQIECBAgIGjrHSBAgAABAgQIECBAgAABAgQIECBAgAABAgQIECBAgAABAgQIECBAgAABAgQIECCQIyBom4OiRIAAAQIECBAgQIAAAQIECBAgQIAAAQIECBAgQIAAAQIECBAgQIAAAQIECBAgQEDQ1jtAgAABAgQIECBAgAABAgQIECBAgAABAgQIECBAgAABAgQIECBAgAABAgQIECBAIEdA0DYHRYkAAQIECBAgQIAAAQIECBAgQIAAAQIECBAgQIAAAQIECBAgQIAAAQIECBAgQICAoK13gAABAgQIECBAgAABAgQIECBAgAABAgQIECBAgAABAgQIECBAgAABAgQIECBAgECOgKBtDooSAQIECBAgQIAAAQIECBAgQIAAAQIECBAgQIAAAQIECBAgQIAAAQIECBAgQIAAAUFb7wABAgQIECBAgAABAgQIECBAgAABAgQIECBAgAABAgQIECBAgAABAgQIECBAgACBHAFB2xwUJQIECBAgQIAAAQIECBAgQIAAAQIECBAgQIAAAQIECBAgQIAAAQIECBAgQIAAAQKCtt4BAgQIECBAgAABAgQIECBAgAABAgQIECBAgAABAgQIECBAgAABAgQIECBAgAABAjkCgrY5KEoECBAgQIAAAQIECBAgQIAAAQIECBAgQIAAAQIECBAgQIAAAQIECBAgQIAAAQIEBG29AwQIECBAgAABAgQIECBAgAABAgQIECBAgAABAgQIECBAgAABAgQIECBAgAABAgRyBARtc1CUCBAgQIAAAQIECBAgQIAAAQIECBAgQIAAAQIECBAgQIAAAQIECBAgQIAAAQIECAjaegcIECBAgAABAgQIECBAgAABAgQIECBAgAABAgQIECBAgAABAgQIECBAgAABAgQI5AgI2uagKBEgQIAAAQIECBAgQIAAAQIECBAgQIAAAQIECBAgQIAAAQIECBAgQIAAAQIECBAQtPUOECBAgAABAgQIECBAgAABAgQIECBAgAABAgQIECBAgAABAgQIECBAgAABAgQIEMgRELTNQVEiQIAAAQIECBAgQIAAAQIECBAgQIAAAQIECBAgQIAAAQIECBAgQIAAAQIECBAgIGjrHSBAgAABAgQIECBAgAABAgQIECBAgAABAgQIECBAgAABAgQIECBAgAABAgQIECCQIyBom4OiRIAAAQIECBAgQIAAAQIECBAgQIAAAQIECBAgQIAAAQIECBAgQIAAAQIECBAgQEDQ1jtAgAABAgQIECBAgAABAgQIECBAgAABAgQIECBAgAABAgQIECBAgAABAgQIECBAIEdA0DYHRYkAAQIECBAgQIAAAQIECBAgQIAAAQIECBAgQIAAAQIECBAgQIAAAQIECBAgQICAoK13gAABAgQIECBAgAABAgQIECBAgAABAgQIECBAgAABAgQIECBAgAABAgQIECBAgECOgKBtDooSAQIECBAgQIAAAQIECBAgQIAAAQIECBAgQIAAAQIECBAgQIAAAQIECBAgQIAAAUFb7wABAgQIECBAgAABAgQIECBAgAABAgQIECBAgAABAgQIECBAgAABAgQIECBAgACBHAFB2xwUJQIECBAgQIAAAQIECBAgQIAAAQIECBAgQIAAAQIECBAgQIAAAQIECBAgQIAAAQKCtt4BAgQIECBAgAABAgQIECBAgAABAgQIECBAgAABAgQIECBAgAABAgQIECBAgAABAjkCgrY5KEoECBAgQIAAAQIECBAgQIAAAQIECBAgQIAAAQIECBAgQIAAAQIECBAgQIAAAQIEBG29AwQIECBAgAABAgQIECBAgAABAgQIECBAgAABAgQIECBAgAABAgQIECBAgAABAgRyBARtc1CUCBAgQIAAAQIECBAgQIAAAQIECBAgQIAAAQIECBAgQIAAAQIECBAgQIAAAQIECAjaegcIECBAgAABAgQIECBAgAABAgQIECBAgAABAgQIECBAgAABAgQIECBAgAABAgQI5AgI2uagKBEgQIAAAQIECBAgQIAAAQIECBAgQIAAAQIECBAgQIAAAQIECBAgQIAAAQIECBAQtPUOECBAgAABAgQIECBAgAABAgQIECBAgAABAgQIECBAgAABAgQIECBAgAABAgQIEMgRELTNQVEiQIAAAQIECBAgQIAAAQIECBAgQIAAAQIECBAgQIAAAQIECBAgQIAAAQIECBAgIGjrHSBAgAABAgQIECBAgAABAgQIECBAgAABAgQIECBAgAABAgQIECBAgAABAgQIECCQIyBom4OiRIAAAQIECBAgQIAAAQIECBAgQIAAAQIECBAgQIAAAQIECBAgQIAAAQIECBAgQEDQ1jtAgAABAgQIECBAgAABAgQIECBAgAABAgQIECBAgAABAgQIECBAgAABAgQIECBAIEdA0DYHRYkAAQIECBAgQIAAAQIECBAgQIAAAQIECBAgQIAAAQIECBAgQIAAAQIECBAgQICAoK13gAABAgQIECBAgAABAgQIECBAgAABAgQIECBAgAABAgQIECBAgAABAgQIECBAgECOgKBtDooSAQIECBAgQIAAAQIECBAgQIAAAQIECBAgQIAAAQIECBAgQIAAAQIECBAgQIAAAUFb7wABAgQIECBAgAABAgQIECBAgAABAgQIECBAgAABAgQIECBAgAABAgQIECBAgACBHAFB2xwUJQIECBAgQIAAAQIECBAgQIAAAQIECBAgQIAAAQIECBAgQIAAAQIECBAgQIAAAQKCtt4BAgQIECBAgAABAgQIECBAgAABAgQIECBAgAABAgQIECBAgAABAgQIECBAgAABAjkCgrY5KEoECBAgQIAAAQIECBAgQIAAAQIECBAgQIAAAQIECBAgQIAAAQIECBAgQIAAAQIEBG29AwQIECBAgAABAgQIECBAgAABAgQIECBAgAABAgQIECBAgAABAgQIECBAgAABAgRyBARtc1CUCBAgQIAAAQIECBAgQIAAAQIECBAgQIAAAQIECBAgQIAAAQIECBAgQIAAAQIECAjaegcIECBAgAABAgQIECBAgAABAgQIECBAgAABAgQIECBAgAABAgQIECBAgAABAgQI5AgI2uagKBEgQIAAAQIECBAgQIAAAQIECBAgQIAAAQIECBAgQIAAAQIECBAgQIAAAQIECBAQtPUOECBAgAABAgQIECBAgAABAgQIECBAgAABAgQIECBAgAABAgQIECBAgAABAgQIEMgRELTNQVEiQIAAAQIECBAgQIAAAQIECBAgQIAAAQIECBAgQIAAAQIECBAgQIAAAQIECBAgIGjrHSBAgAABAgQIECBAgAABAgQIECBAgAABAgQIECBAgAABAgQIECBAgAABAgQIECCQIyBom4OiRIAAAQIECBAgQIAAAQIECBAgQIAAAQIECBAgQIAAAQIECBAgQIAAAQIECBAgQEDQ1jtAgAABAgQIECBAgAABAgQIECBAgAABAgQIECBAgAABAgQIECBAgAABAgQIECBAIEdA0DYHRYkAAQIECBAgQIAAAQIECBAgQIAAAQIECBAgQIAAAQIECBAgQIAAAQIECBAgQICAoK13gAABAgQIECBAgAABAgQIECBAgAABAgQIECBAgAABAgQIECBAgAABAgQIECBAgECOgKBtDooSAQIECBAgQIAAAQIECBAgQIAAAQIECBAgQIAAAQIECBAgQIAAAQIECBAgQIAAAUFb7wABAgQIECBAgAABAgQIECBAgAABAgQIECBAgAABAgQIECBAgAABAgQIECBAgACBHAFB2xwUJQIECBAgQIAAAQIECBAgQIAAAQIECBAgQIAAAQIECBAgQIAAAQIECBAgQIAAAQKCtt4BAgQIECBAgAABAgQIECBAgAABAgQIECBAgAABAgQIECBAgAABAgQIECBAgAABAjkCgrY5KEoECBAgQIAAAQIECBAgQIAAAQIECBAgQIAAAQIECBAgQIAAAQIECBAgQIAAAQIEBG29AwQIECBAgAABAgQIECBAgAABAgQIECBAgAABAgQIECBAgAABAgQIECBAgAABAgRyBARtc1CUCBAgQIAAAQIECBAgQIAAAQIECBAgQIAAAQIECBAgQIAAAQIECBAgQIAAAQIECAjaegcIECBAgAABAgQIECBAgAABAgQIECBAgAABAgQIECBAgAABAgQIECBAgAABAgQI5AgI2uagKBEgQIAAAQIECBAgQIAAAQIECBAgQIAAAQIECBAgQIAAAQIECBAgQIAAAQIECBAQtPUOECBAgAABAgQIECBAgAABAgQIECBAgAABAgQIECBAgAABAgQIECBAgAABAgQIEMgRELTNQVEiQIAAAQIECBAgQIAAAQIECBAgQIAAAQIECBAgQIAAAQIECBAgQIAAAQIECBAgIGjrHSBAgAABAgQIECBAgAABAgQIECBAgAABAgQIECBAgAABAgQIECBAgAABAgQIECCQIyBom4OiRIAAAQIECBAgQIAAAQIECBAgQIAAAQIECBAgQIAAAQIECBAgQIAAAQIECBAgQEDQ1jtAgAABAgQIECBAgAABAgQIECBAgAABAgQIECBAgAABAgQIECBAgAABAgQIECBAIEdA0DYHRYkAAQIECBAgQIAAAQIECBAgQIAAAQIECBAgQIAAAQIECBAgQIAAAQIECBAgQICAoK13gAABAgQIECBAgAABAgQIECBAgAABAgQIECBAgAABAgQIECBAgAABAgQIECBAgECOgKBtDooSAQIECBAgQIAAAQIECBAgQIAAAQIECBAgQIAAAQIECBAgQIAAAQIECBAgQIAAAUFb7wABAgQIECBAgAABAgQIECBAgAABAgQIECBAgAABAgQIECBAgAABAgQIECBAgACBHAFB2xwUJQIECBAgQIAAAQIECBAgQIAAAQIECBAgQIAAAQIECBAgQIAAAQIECBAgQIAAAQKCtt4BAgQIECBAgAABAgQIECBAgAABAgQIECBAgAABAgQIECBAgAABAgQIECBAgAABAjkCgrY5KEoECBAgQIAAAQIECBAgQIAAAQIECBAgQIAAAQIECBAgQIAAAQIECBAgQIAAAQIEBG29AwQIECBAgAABAgQIECBAgAABAgQIECBAgAABAgQIECBAgAABAgQIECBAgAABAgRyBARtc1CUCBAgQIAAAQIECBAgQIAAAQIECBAgQIAAAQIECBAgQIAAAQIECBAgQIAAAQIECAjaegcIECBAgAABAgQIECBAgAABAgQIECBAgAABAgQIECBAgAABAgQIECBAgAABAgQI5AgI2uagKBEgQIAAAQIECBAgQIAAAQIECBAgQIAAAQIECBAgQIAAAQIECBAgQIAAAQIECBAQtPUOECBAgAABAgQIECBAgAABAgQIECBAgAABAgQIECBAgAABAgQIECBAgAABAgQIEMgRELTNQVEiQIAAAQIECBAgQIAAAQIECBAgQIAAAQIECBAgQIAAAQIECBAgQIAAAQIECBAgIGjrHSBAgAABAgQIECBAgAABAgQIECBAgAABAgQIECBAgAABAgQIECBAgAABAgQIECCQIyBom4OiRIAAAQIECBAgQIAAAQIECBAgQIAAAQIECBAgQIAAAQIECBAgQIAAAQIECBAgQEDQ1jtAgAABAgQIECBAgAABAgQIECBAgAABAgQIECBAgAABAgQIECBAgAABAgQIECBAIEdA0DYHRYkAAQIECBAgQIAAAQIECBAgQIAAAQIECBAgQIAAAQIECBAgQIAAAQIECBAgQICAoK13gAABAgQIECBAgAABAgQIECBAgAABAgQIECBAgAABAgQIECBAgAABAgQIECBAgECOgKBtDooSAQIECBAgQIAAAQIECBAgQIAAAQIECBAgQIAAAQIECBAgQIAAAQIECBAgQIAAAUFb7wABAgQIECBAgAABAgQIECBAgAABAgQIECBAgAABAgQIECBAgAABAgQIECBAgACBHAFB2xwUJQIECBAgQIAAAQIECBAgQIAAAQIECBAgQIAAAQIECBAgQIAAAQIECBAgQIAAAQKCtt4BAgQIECBAgAABAgQIECBAgAABAgQIECBAgAABAgQIECBAgAABAgQIECBAgAABAjkCgrY5KEoECBAgQIAAAQIECBAgQIAAAQIECBAgQIAAAQIECBAgQIAAAQIECBAgQIAAAQIEBG29AwQIECBAgAABAgQIECBAgAABAgQIECBAgAABAgQIECBAgAABAgQIECBAgAABAgRyBARtc1CUCBAgQIAAAQIECBAgQIAAAQIECBAgQIAAAQIECBAgQIAAAQIECBAgQIAAAQIECAjaegcIECBAgAABAgQIECBAgAABAgQIECBAgAABAgQIECBAgAABAgQIECBAgAABAgQI5AgI2uagKBEgQIAAAQIECBAgQIAAAQIECBAgQIAAAQIECBAgQIAAAQIECBAgQIAAAQIECBAQtPUOECBAgAABAgQIECBAgAABAgQIECBAgAABAgQIECBAgAABAgQIECBAgAABAgQIEMgRELTNQVEiQIAAAQIECBAgQIAAAQIECBAgQIAAAQIECBAgQIAAAQIECBAgQIAAAQIECBAgIGjrHSBAgAABAgQIECBAgAABAgQIECBAgAABAgQIECBAgAABAgQIECBAgAABAgQIECCQIyBom4OiRIAAAQIECBAgQIAAAQIECBAgQIAAAQIECBAgQIAAAQIECBAgQIAAAQIECBAgQEDQ1jtAgAABAgQIECBAgAABAgQIECBAgAABAgQIECBAgAABAgQIECBAgAABAgQIECBAIEdA0DYHRYkAAQIECBAgQIAAAQIECBAgQIAAAQIECBAgQIAAAQIECBAgQIAAAQIECBAgQICAoK13gAABAgQIECBAgAABAgQIECBAgAABAgQIECBAgAABAgQIECBAgAABAgQIECBAgECOgKBtDooSAQIECBAgQIAAAQIECBAgQIAAAQIECBAgQIAAAQIECBAgQIAAAQIECBAgQIAAAUFb7wABAgQIECBAgAABAgQIECBAgAABAgQIECBAgAABAgQIECBAgAABAgQIECBAgACBHAFB2xwUJQIECBAgQIAAAQIECBAgQIAAAQIECBAgQIAAAQIECBAgQIAAAQIECBAgQIAAAQKCtt4BAgQIECBAgAABAgQIECBAgAABAgQIECBAgAABAgQIECBAgAABAgQIECBAgAABAjkCgrY5KEoECBAgQIAAAQIECBAgQIAAAQIECBAgQIAAAQIECBAgQIAAAQIECBAgQIAAAQIEBG29AwQIECBAgAABAgQIECBAgAABAgQIECBAgAABAgQIECBAgAABAgQIECBAgAABAgRyBARtc1CUCBAgQIAAAQIECBAgQIAAAQIECBAgQIAAAQIECBAgQIAAAQIECBAgQIAAAQIECAjaegcIECBAgAABAgQIECBAgAABAgQIECBAgAABAgQIECBAgAABAgQIECBAgAABAgQI5AgI2uagKBEgQIAAAQIECBAgQIAAAQIECBAgQIAAAQIECBAgQIAAAQIECBAgQIAAAQIECBAQtPUOECBAgAABAgQIECBAgAABAgQIECBAgAABAgQIECBAgAABAgQIECBAgAABAgQIEMgRELTNQVEiQIAAAQIECBAgQIAAAQIECBAgQIAAAQIECBAgQIAAAQIECBAgQIAAAQIECBAgIGjrHSBAgAABAgQIECBAgAABAgQIECBAgAABAgQIECBAgAABAgQIECBAgAABAgQIECCQIyBom4OiRIAAAQIECBAgQIAAAQIECBAgQIAAAQIECBAgQIAAAQIECBAgQIAAAQIECBAgQEDQ1jtAgAABAgQIECBAgAABAgQIECBAgAABAgQIECBAgAABAgQIECBAgAABAgQIECBAIEdA0DYHRYkAAQIECBAgQIAAAQIECBAgQIAAAQIECBAgQIAAAQIECBAgQIAAAQIECBAgQICAoK13gAABAgQIECBAgAABAgQIECBAgAABAgQIECBAgAABAgQIECBAgAABAgQIECBAgECOgKBtDooSAQIECBAgQIAAAQIECBAgQIAAAQIECBAgQIAAAQIECBAgQIAAAQIECBAgQIAAAUFb7wABAgQIECBAgAABAgQIECBAgAABAgQIECBAgAABAgQIECBAgAABAgQIECBAgACBHAFB2xwUJQIECBAgQIAAAQIECBAgQIAAAQIECBAgQIAAAQIECBAgQIAAAQIECBAgQIAAAQKCtt4BAgQIECBAgAABAgQIECBAgAABAgQIECBAgAABAgQIECBAgAABAgQIECBAgAABAjkCgrY5KEoECBAgQIAAAQIECBAgQIAAAQIECBAgQIAAAQIECBAgQIAAAQIECBAgQIAAAQIEBG29AwQIECBAgAABAgQIECBAgAABAgQIECBAgAABAgQIECBAgAABAgQIECBAgAABAgRyBARtc1CUCBAgQIAAAQIECBAgQIAAAQIECBAgQIAAAQIECBAgQIAAAQIECBAgQIAAAQIECAjaegcIECBAgAABAgQIECBAgAABAgQIECBAgAABAgQIECBAgAABAgQIECBAgAABAgQI5AgI2uagKBEgQIAAAQIECBAgQIAAAQIECBAgQIAAAQIECBAgQIAAAQIECBAgQIAAAQIECBAQtPUOECBAgAABAgQIECBAgAABAgQIECBAgAABAgQIECBAgAABAgQIECBAgAABAgQIEMgRELTNQVEiQIAAAQIECBAgQIAAAQIECBAgQIAAAQIECBAgQIAAAQIECBAgQIAAAQIECBAgIGjrHSBAgAABAgQIECBAgAABAgQIECBAgAABAgQIECBAgAABAgQIECBAgAABAgQIECCQIyBom4OiRIAAAQIECBAgQIAAAQIECBAgQIAAAQIECBAgQIAAAQIECBAgQIAAAQIECBAgQEDQ1jtAgAABAgQIECBAgAABAgQIECAwWQSG3XhTXHTxpTXnfuPNt2rW08riiy1asl17Y/oZpo+Ws7WMVq1mj/nnnz+6rrlGLLXkErWnWCcw2QVGjx4dW27dO3799deaa6n9nqd3fMMN1o++e+9ZM26FAAECBAgQIECAAAECBAgQIECAAAECBBqXgKBt43oeroYAAQIECBAgQIAAAQIECBAg8D8jcNEll8Ypp/afYPc7T5s2sd++e0fPHt1jmmmmmWDHdSAC4ypw5113R999D6i6e+tWrWLEow/GdNNNV3WeQQIECBAgQIAAAQIECBAgQIAAAQIECBCYPAKCtpPH3VkJECBAgAABAgQIECBAgAABAv/zAhM6aFsE7bhChxg8aGC0aNGiWJrsn198+WU8/PCjudcx33zzxkordsodq1t85dXX4tXsX97Svv1ysfBCC+UNqU0mgb367hd333NvvWe/4rJLYuXOK9U7zwQCBBqvwPU3DMu9uKZNm0S3jTfKHVMkQIAAAQIECBAgQIAAAQIECBCYMgQEbaeM5+QqCRAgQIAAAQIECBAgQIAAAQJTncDECtomqHbtlo0rL780ZppxxkbhNnLkE7Ht9jvlXstGG24QA845M3esbvGcAefFwPMG1S0Xtk847pjYZustc8cUJ73ADz/8EJ06rxKjR/9a78m32LxXnHLSCfXOM4EAgcYp8Oeff8Yii7fNvbhWrWaPJx7L/48WuTsoEiBAgAABAgQIECBAgAABAgQINDoBQdtG90hcEAECBAgQIECAAAECBAgQIEDgf0NgYgZtk+AO2/eOo488vFFgCto2iscwSS9i2I03xcGHNuz9a958lnjy8eEx/fTTT9JrdDICBCaMgKDthHF0FAIECBAgQIAAAQIECBAgQIBAYxUQtG2sT8Z1ESBAgAABAgQIECBAgAABAgSmcoH6grZHHn5YmcBvv/8en376abz73nsxYsTjMWbMmLI5xULTpk1jxKMPRotZZy2WJtunoO1ko59sJ95h5z4xfPhjDT7/4EHnxTprd23wfBMJEGg8AoK2jedZuBICBAgQIECAAAECBAgQIECAwMQQELSdGKqOSYAAAQIECBAgQIAAAQIECBAgUK9AtaBtr57d4/RTT656jHfffS8OP+qYePLJpyrOO+WkE2KLzXtVHJ9UA4K2k0q6cZzn669HxUpdVqsaBK97pRttuEEMOOfMumXbBAhMAQKCtlPAQ3KJBAgQIECAAAECBAgQIECAAIHxEBC0HQ88uxIgQIAAAQIECBAgQIAAAQIECIy7wPgGbdOZv/32u9ike6/46OOPcy9kj937xMH9Dswdm5RFQdtJqT35z3XFlVfHscefWHYhzZrNHIcc1C+OPvb4srHUgfmpkcNjpplmKhtTIECgcQsI2jbu5+PqCBAgQIAAAQIECBAgQIAAAQLjKyBoO76C9idAgAABAgQIECBAgAABAgQIEBgngQkRtE0nPuucAXH+oMG517BJt43i7DP7547lFX/6+ed4/PGR8cyzz8XXX38do0b9O3766aeYbbYWMfvss8c888wTa6y2aiy22KJ5u5fUXnzppfj5518KtVdffS1OPPnUkvHixkordop999m7uFn4XGjBBaN161bx+++/F66lOHjDP4fFsBtvLm6WfO680w6x9lpdS2rLtVs2mjRpUlKrtJGu95lnnotPPv00Pvnkk/juu+9jjjlax9xzzZXdd5vo2nXNmHOOOSrtXlb/4IMP49PPPiurp8Liiy8WLWadtTD2zbffRrqvt956Oz7/4otoOdtsscP220W7ZZeJ9957v1DLO8j0f/lLtG+/fN5QWS3dy2uvv15WT4XpppsuVujQPndsXIubb7lNPPvc82W7b7jB+nHs0UfGil1WjT/H/Fk2ftYZp8Wmm3Qrq49N4Y8//ogXX3wpRjz2ePYsP8ve4VHx3fffxSzNZim8w3PO2TpW7tw52i+/XOHex+bYtee+8+678cgjw+Pd994rnCN9V1JYePbZWxbOs/xy7WKVVbrETDPOWHu3sV5P9/Po8BHxxhtv/v+7+Wn89vtv0WauuWPuueeKBRaYP9bK3vvxPU/6ro584ol46uln4quvvip893/O/h60bDlbzN4y++7P2ybWXH31WGSRhcf6Hoo7TOhzfPPNN/HGm28VD1/y2SazmW+++Wpq6Xt20023xFtvv134jwmtZm8VbZdaMpbK/nVcoUPVdyF1D09/H1597fV4Mztfes7JPu23ztprxV+y7+K4Lj/++GPcd/8D8f77HxSe76fZO9ukaZOa57vkkkvEKl1WjmmnnbZBp0jvy9PPPJs7t9nMM0fbtkuVjD2RdUQfnr1f6e/eF198GW3azB2LLbpoLLroIrFcu3bRvPksJfNrb9T++5SCtttut2Pt4Zr1WZs3j78PGliznVZatZo9Fl5ooZKaDQIECBAgQIAAAQIECBAgQIAAgcYrIGjbeJ+NKyNAgAABAgQIECBAgAABAgQITNUCEypoe/sdd8W+++d3re297dZx3DFH1euYQoNnnHlOPPjQQ/Hrr7/VO3/eLHC7yy47xrZbb1UxoLbeht3i7bf/Ve+x8iacevKJsflmPQsBxo4rrZI3pUG1h+6/uyRsV3enX3/9NW66+da46ppr4uWXX607XLKdAqld11wjkmkKvtW3nHTKaXHJpZflTrvkoiGxehZYTuc+/oST4tvvviuZl55ZOs+NWTDwoEMOKxkrbkwzTcTIEY8WAmvFWqXPy6+8Ko47/qTc4RVX7BhXX5F/nbk71FP8+ONPYvWua0eWuytbzj7z9Nik28axxVbblgSoixPXXGP1uOiCvxc3x+rzhx9+iL8PuSCuufb6rNPzt/Xum8Ljm/XqGfvsvWfMnAUQG7KMGTMmC0XfGIMGD4kPP/yo3l2aNJkh1soC2occ3C/mm3feeufXnvD116Pi6muujWuvuz4+++zz2kNl66lTcAoob79d71hk4bELL3744YfRP/vu33vffQ367s8//19jtz47xxabb9bg8OfEOkcKqO6+Z98yj1TYbddd4tDMPT2zs88dGP+47IrCfxrIm9yp4wrZf0g4PebKQvW1lxSCPeW0/nHt0Oty3+c0NwWrDzvkoOjZo3vtXetdT4Hd9L28+ZbbKl5X8SDztGkTW2yxWfb3dsvsPz3MViznfqbvQbv2nXLHUnh/2A1DC2MpYHvCiSdnAfw3cuemYrq3k044rhAmzpt0zHEnxJVXXZM3VG+t+6abxJn98//zRb07m0CAAAECBAgQIECAAAECBAgQIDDJBQRtJzm5ExIgQIAAAQIECBAgQIAAAQIECCSBCRW0TQGyE046JRf16KMOjx2y8F2lJXUh7H/m2XHRxZdG6oQ4tssSWWfWc885Kzfc19iDtql77J577RMvZN1Px3bZbttt4sgjDqvaybK+oO00WVJ2l133KAQB656/GLRN3YQ7rtQlfvlldN0phe0z+58W3TetvwPsbnvsFfc/8FDuMU447pjYJgvwTahlyAUXxelnnFV2uNT186mRIwodMi+46JI47fQzcuc88dgj0aJFi7KxaoVHHh0e/Q4+tNCFtdq8vLHUtbj/aafUG57+6OOPY/c99o7Xs86yY7ukwO2BB+wXfXbeqUG7PvPss7FX3/2yzrJfN2h+cdIMM0wf6XmmAHFDlsFDLoxzBpwXv/1Wf7i+7vGWXWbpGDjg7Eih+2rLxDxHfUHbfpn5Af0OiTvuvKvaJRbGZs06TF845Pzo0P4/3Z2fe/6F2Ge/AyJ1mG3Isl3vbQrdmhsy96qrr43js5Br6tg9Nstcc80Zg84bUOh2XWm/hgRtb7n1tjjksCMa/Nx79tg0Tj7x+Jh++ulLTitoW8JhgwABAgQIECBAgAABAgQIECAwVQsI2k7Vj9fNESBAgAABAgQIECBAgAABAgQar8CECtr23Xf/uPOue8puNHVgfezRhyp2PE2dHo846pi47vp/lu07NoU555wjrrv2qrLAXWMO2qZwbeqE+eWXX47NrZbM7dB++bhgyKBokQX08pZqQdsLs/2OOua4ip1Ki0HbdNx99+8Xt99xZ94pokf3TeOM0/ND1sUdUpivfcfOkbpz1l3Sz9GnYGvLli3rDo3z9kbduueGUVfuvFJccdklheO+++57sfZ6G+ae46QTjo2tttwidyyv+Mgjj8bue/VtUDfWvP1TLQVhL7lwSKy00oq5U1LIdpttd4iPP/kkd7yhxYP7HRB77L5r1enp+3j0scc3OASZd7DUDfnYo4+MFOautKSA7cDzBlUablB9vvnmjaHXXBlzzjFH7vyJfY76grYzzzRToZtt7sXlFNu2XSpuufGG+PnnX2L9jbrFRx99nDOrcumkE4+LrbbYvOKE9J8Zjjrm+BiadSke1yWFqU8+8YTsu79J7iHqC9qemHWo3bTHZrkB/9wD/n/x0Kxrb+pkXHsRtK2tYZ0AAQIECBAgQIAAAQIECBAgMHULCNpO3c/X3REgQIAAAQIECBAgQIAAAQIEGq3AhAja3nb7HbHfAQfl3uP++/aNffrulTuWiulny487/qSK42MzsOQSi8etNw8rCfY11qDtN998E+tvuEl8+dVXY3OLuXM3WH/dOG/AOblj1YK2KQhZ7SfXawdtq4UJW7duHSNHPJx7/mLx6WeejS23zu9q3GXlznH5Py4uTh3vz7ff/lek55631O2uvM76G8U777xbNrVTp45xzZWXldXzCilUuNoaa8e3332XNzxWtVlmaRYPP3BfzDpr87L9ttth53js8ZFl9XEpXHn5pdG5QqD3qaefia17bx9/jvlzXA5dss8xRx8R2/fetqRW3Kj2ThTnNPSzU8cV4pqrLi+bPinOUe27kULo99x7X27AvOxiaxUGDxoYzz73fFxw4dh/L5o2bVr4zw1571A6xaDBQ+LMs86tdbZxW03doYfdMDTaLrVk2QGqBW1TB/ImTZqMUxfvZs1mjgfvu7sklC9oW8avQIAAAQIECBAgQIAAAQIECBCYagUEbafaR+vGCBAgQIAAAQIECBAgQIAAAQKNW2B8grYffvRRXHzxP2Lo9dfndvLcYvNeccpJJ1QE+O6772PNtdeLFDqttCy04AKx4oqdonnz5vH+++/Hgw89HKNH/1ppegz5+3mx9lpda8a32ma7ePe99wrbv/36W8UwZOomOssss9Tsl1aOPPyw6LbxRoXrqx3c/PHHn7Jukz+XzC1upCBYCrrVXoZdPzTmmadN7VLh5+DvuPPuklrtjXnatIlVVukSS2fdLZ9/4YUY8djjFTvPpv36n3Zy9OzRvfYhCuvVgrapk2zqKFxpqR20/e2332LFzqtW9LvztptjscUWrXSoQkfP887/e+54fR04c3eqUjzrnAFx/qDBuTMefej+aNNm7pqx0884K4ZccFHNdnFlmmmniREPPxBzzjlnsVTxM93X2ecOzB2fKetmus/ee0b7rPNw6rz69dej4qmnn47BQy6ML77I72S81x67Rb8D9y85Xgq/pnc5b0kNY7fdZuvCe7/wQgvFz7/8HG+88VYW0rwoXnr5lbxdov3yy8X1Q68uG/vpp59ig403rdhFNZ1rySWXjFWzdzN1kE3B35FPPBE//FDeqTgdvGnTJnHLTf+MdF11l97b7xSPj3yibrmwnaz2zQL6iy+2WKEb9ieffBp3Z4HVK7Jg/i+/jM7d57JLL4pVuqxcMjYpzlEtaFtyMdnG9NNPH6mjbLXvXdpn7rnnKrwfaW5xSd3BU3fg1B26vuWE446Jbbbesmzaq6+9Hj16bVHxGKlTbYf27QvP97fsPCNGPFYI/FY658ILL1Tovlv3b161oG3ZRWWF9Pf3t99+r9cl7btd720KnZKLx+l/5llxwz9vLG7GV199XbNeeyV9p2ev0zV7g/XXKzlW7fnWCRAgQIAAAQIECBAgQIAAAQIEGp+AoG3jeyauiAABAgQIECBAgAABAgQIECDwPyFQLWibALquuUaJQwqIffX1V/Hpp5/FqFGj4s+cppcpjLfB+uvHOWf1jxQOq7TcdPOt0e/gQ3OHU5fWo486IubIuqXWXlLgbrc9947XssBY3rJW1zXigsH5P0U/Mgv1bZuF+/KWjTbcIAacc2beUFmt2k/RVwq41T7IAw8+FLvunt/lN4XBBg08N9ZdZ+3auxTWrx16XRxx1LFl9VRo3nyWrKvsI4VOkbUnVAvaFufNOOOMsdqqq8Tyy7eL5ZdbLlLY7uOPP4l5550nlll66eK07NzHxLVD839u/oi/HRo777RDzdy6K7222Dqef/6FuuXC+/Hk449GixYtysbGtZDC2x988GHZ7ktlnTdvzUKftZfnsq6hm225Te1Szfrhhx0Su+y8Y812pZVK95ae5d133JobMk1hwF6bbxUfffxx2WHnnWeeePjBe0vqKUw4eEh5IDhNqhRUTiHN3ffsWwinlxzs/zceefC+sgD4KaeeHhdd8o+86TH77C3jumuuigUWmL9kPJ3nkMOOiJtuvqWkXtxI79alF19Q3Cx8/vLLL7F0u/a5fz8WXGCBLJx7Q6SQct3lyaeejh122iU32N+rZ/c4/dSTa3aZFOdIJ2tI0HaN1VeL7bfbNjp17Jjd85h4LvsuDBh4fqSOu/UtKTy8047bZ/uuECkc/8KLL8Wl/7g87r3v/oq7rrpql/jHxReWjW/ac7N4+eVXy+qp0HGFDnFJ9pxmyv4e1F6++fbbQsj7rbferl2uWT/koANj99361GynlYYEbVPoeNc+OxdCvcsv1y5z+TPe/tc7cdbZ51Z8Z9OxF110kbjr9vx3LR1jkcXbpmllS6tWs8cTjz1aVlcgQIAAAQIECBAgQIAAAQIECBCYcgQEbaecZ+VKCRAgQIAAAQIECBAgQIAAAQJTlUB9QduxudkUZOrVs0dsuflmMf/8f61316OOOS6uvmZo2by//nW+uO/uOyqGdN98861C182yHbNCCundd88deUPRWIK2e/XdL+6+pzRIWbzgo474W+y4Q37n0jTnlNP6x0UXX1qcXvJ53oCzs4DzeiW1+oK2Kcx42SUXFjquluyYs/HEk0/FNr3zw7R5YcriIVLn4g6dOud2q6wUCCzuO7afKYTYc7PyTp7pOPvts3fsm/2rvaRg3kpdVsvtgrnM0m3jpmH5weLax+jQaeXcrswdsi621117Ve2pJevX3zAsDjv8yJJaceOFZ5+MZs2aFTdj7332i7vuLn9nUljxuaefiBlnLO2iXNwxBY5T8DhvuWDw+bFW1zVrhlJgtvMqqxe67tYU/38ldRy96orLsiB2u7pDhe1ff/01UvfYZ559rmw8hUMfe/ShaN26Vc1Yte/wXnvuHv0O2K9mbt2VfgcflhvqbZt1f77lxhtqpk+Kc6ST1Re0XbnzSnHJRUMK3WxrLi5b+fHHH2Ob7XaoGHxNc1P4NXXqbdKkSe1ds+6vv8Uuu+5R6HRdMvD/GwsttGDce9ftJUNvvPlmbLhxedfrNCn9vR52/bUVA++pe3n6Xo0a9e+SY6aNvOBrfUHb9J8xzj6zf6FjeNkBs0L6XqTvR96S3sVXXnyu0N237rigbV0R2wQIECBAgAABAgQIECBAgACBqUtA0Hbqep7uhgABAgQIECBAgAABAgQIECAwxQhMyKDtCh3aFwKb6WfpUyfcat1sE9BDDz8Sn33+eZnV4osumnVXXa6sXrvQcaUuuaGvFDx87eXnc0NYjSFomwJonTqvEqNH/1r7dgrryezCIfndeIuTU0fhDTbeNN5++1/FUs3nOmuvFYMHDazZTivVgrZ/+ctf4orLLil0yizZqcJGCrGtsnrX+Oyz8meWfjr+uadHZt1wZyjbO4WKU7g4bzn15BNj88165g2NU+3Ek08tdPvM2/nWm4fFUksuUTZ0+JHHxNDr8gO1999zZ1kH17oHWKJtu0LwsW59vvnmjYfuv6duuWY7BS0fz7os5y0pnFm7o+sOO/eJ4cMfy5sajz50f7RpM3fuWCo+8ujwrANs+fu2xBKLR+qeW1weHT4idtx51+JmyeffDjs4+uy8U0mt7saXX36VBXVXy+1SWzdAXq2TcHof0ntRaUldgF9//Y2y4fTupcB3cZkU50jnqha0TSHjp594LGadtXnxsko+b73t9tj/wINLarU38roOF8efevqZQqfZ4nbtz2bNZo4Xnn2qdinOOPPs+PuQ8i63adLNWaB86SxYXm25/Y47Y9/9++VOue2WYbHkEv/9btUXtK0vTP3Fl1/GmmutG7/8Mjr3fMMffiDmnnuusjFB2zISBQIECBAgQIAAAQIECBAgQIDAVCUgaDtVPU43Q4AAAQIECBAgQIAAAQIECBCYcgQmZNC29l2n4F/6SfFuG29UuzzB1jfepEe8lhO2Syd487WXckO+jSFoe/Mtt8aBBx2a63DYoQfFrrvsnDtWu1ip2+MMM0xf6PSYwn3FpVrQtt2yy8SwG8o7Chf3zfus1lH3yssvjc4rrVi2W6XOxSno++TjwyuGEMsOVE8hhZBXXnXN+DIL6dVd5mnTJh556L665cL2gw89HH122zN3bP99+8Y+fffKHSsWU8fY1Dk2b9mk20Zx3DFHR/Pms+QNN7j2tyOOiuuu/2fu/CWz8PDAc86KBRdcIHe8ocXDjzg6hl7/346wtfe7adh1sczSS9cu5a6vkYUjP/zwo7KxLit3jsv/cXFN/bPPPosuq3Wt2a69kt7fQw/pFzts17usC2ztefWtT4pzpGuoFrRdMgsz33bLjRUvtVrH4TnmaB2PD3+44r4pzLpch065web0Hw5ef+WFkn27rrN+vP/+ByW1tDHzzCmU+2Tuf06oPfnTTz8rBO1r14rrB2YdiPfOOhEXl/qCtg0J9m6x1ba5HZLTOa664h+x0oqdiqer+RS0raGwQoAAAQIECBAgQIAAAQIECBCYKgUEbafKx+qmCBAgQIAAAQIECBAgQIAAAQKNX2BiBW3TnaefBz/5xBNii817jRdE+kn777NQ2ffffRffffd9fP/997Ft9jP1lZbGHLQ9Z8B5MfC8/K61O2zfO1Igsb7lH5ddEY89PjJ32uMjHo45WreuGasWtN2u9zZx7NFH1sxtyMqrr70e3TbN70C7x+594uB+B5YdplL4co3VV4uLLxxcNn9cC6k7bO8K70WyPfrIw3MPPXr06OjQaeX4+eefy8YXWmjBuPeu28vqtQuVgsTFOSlQnDrUrr7aqpHCzUsttWQ0adKkONygz2rdRIsHWHrppWLtrl1jueXaxbLLLDPWAeatt90+nnzq6eLhSj4Hnnt2ds3l3YpLJmUbe+y1T6TAc91lwQUWiPvuuaOkvO4GG8e//vVOSa32Rgond11zzSy83SlzWzYWXnihqB0irz230vqkOEe1oO1WW24eJ51wXKXLK9QXWaJt/Dnmz7I5a621Zlzw9/PL6rULXVZbM7fDdN2gbfobunjbZXPPk453weDq50lzUoh19z37ptWype59Vgvapv8Q8NLzz0T6XlRb+h18aNx08625Uy65aEjh+1R3UNC2rohtAgQIECBAgAABAgQIECBAgMDUJSBoO3U9T3dDgAABAgQIECBAgAABAgQIEJhiBKoFbddcY/Xof9rJZffy2++/Z10rP4x3330v3sn+pRDgRx99XDYvFVLY9pSTToz0c/D1LSlE+9DDD8fTzzwbH2THT50x08/R//jjj/XtWjLemIO21bqGltzEOG7U7RRZLWh7xumnRo/um4z1mSqFF9u2XSpuubG0I2q1jp3p3erZo/tYn7/SDtVsK3XbLR5rr777xd333FvcLPm89eZhsVTWNbbS8tZbb0e37r3it99+qzSlpJ4ChksssVgs32656NKlc6Ez5yyzVO94m4699robxkcf53/PSk6QbaTv3fzzzx/LtVu20GV4lS4rx1xzzVV3Wsl2pY6nJZPGcWOmmWbKwpWlId5rr7s+jjjymAYfMXVeTWHiFTp0iHQ/7Zdfrt6w5qQ4R7Wg7W677hKHHtyv6j1WCtpuvNGGce7ZZ1Tdd/Wu6+T+7a0btP38888L3Z6rHmw8BruuuUZcOOS//4GgWtA2dWC+LftO1bdU+9slaFufnnECBAgQIECAAAECBAgQIECAwNQpIGg7dT5Xd0WAAAECBAgQIECAAAECBAgQaPQC1YK2vXp2j9NPLQ/a1r2pFKo6PAvMpcBt3pJCf1dcdmkh8Jc3nsKYp/U/I/sJ9gfj9yzEO75LYw7a9tltz3jwoYfH9xYr7p86U67Vdc2a8XEJq9XsXGHlvEGD4+xzBpSNpuf81MgRMdtss9WMXXPt0Djy6ONqtosrKQj41MjhUV/AtDi/vs8URF2x86rxbdb1OG/ZK/tZ+7/8Zbq8oUJt2I035wYW0+CufXaOww45qOK+aeDKq66JY447oeqcSoMpeLvB+utGn513yoKkbStNi5dffiW23KZ3/PLL6Ipzqg10XKFD7LTj9rHeuuvkTlu6XYfcrr65k8eh+OJzT0UKy9Ze9tnvwLjjzrtqlxq8Pmvz5rHFFpvFTjtsF3POOWfF/Sb2OaaEoO1LL78c3XtuUdFofAfqhuyrBW1TV+dhNwyt95Tj8rdLR9t6WU0gQIAAAQIECBAgQIAAAQIECEzRAoK2U/Tjc/EECBAgQIAAAQIECBAgQIAAgSlXYEIEbYt333ff/ePOu+4pbpZ8rtV1jeznyf/b8bA4ePmVV8XJp5ze4G6gxf2qfTbmoO3mW24Tzz73fLXLH6+xAeecGRttuEHNMcYlrFazc4WV1M14jbXWyx2te/5KnWIrvQ+5B21AsVrYsQG7V53Sps3c8ciD92VdYrMkcZXl9jvuygLnR8UPP4xdB+biIaeZdprYrc8u0e+A/WK66fJDwa+/8Ub03eeAePe994q7jfXnGquvVuhU3bJly5p9U8B98aWWrdmeGCtPPPZotGo1e8mh//jjj0Joe/CFF8WfY/4sGWvoRrNmM8eJxx8b3TbeKHeXiX2Oau9eY+loO3zEY7HDTn1yfSZEcaGFFox777q95lCCtjUUVggQIECAAAECBAgQIECAAAECBCaggKDtBMR0KAIECBAgQIAAAQIECBAgQIAAgYYLTMig7c233BoHHnRo7slTiPDl55+Jpk2b1oxfO/S6OOKoY2u2G7qSjlUtlNeYg7a779k369z7QENvdazn1Q26ToygbbqoXltsHc8//0LZ9W2+Wc849eQTC/UUcFxhxZXju+++L5t3Zv/Tovum3crq41rY74CD4rbb7xjX3evdb+g1V8YKHdrXO++nn36Ku+65N27MOuQ+/sQTVd/TSgfbMevQetQRf6s0HMl1xGOPx4033Rz33Ht/1uH2l4pzKw2krqLXXn1FzDDDDDVTluvQKb7//oea7Qm9khe0LZ7j8y++iJtvvjWGZff01ltvF8sN/kwZ6EHnDYh111m74j4T6xxTQtD21ddej26b9qxoM74DgrbjK2h/AgQIECBAgAABAgQIECBAgACBhggI2jZEyRwCBAgQIECAAAECBAgQIECAAIEJLjAhg7ajRo2KTp1XiT8rNKa89+7bY6EFFyzcw7///e9YdY21K/5UfetWrWLTLIi5+GKLRpu5545Zsp+Jn3XW7F/22axZs0Jo7LXX38j1aMxB26OPPT6uuvra3Ose8cgDMeecc+aONbRYt+vqxAraXnbFlXH8CSeXXdbcc88Vwx/+T5D4+RdejF6bb1U2p0mTGeKpkSNi5plnLhsbl8JPP/8cHVfsMk6B04aer/e2W8dxxxzV0OmFeZ999lncdfe98VwWSH7hxRfjww8/avD+D953d/z1r/PVO//HH38shG2fevqZeDE7x5tZSDUFcRuypEB0CkYXl3U32Dj+9a93ips1n+k6Hrj3rprtcV2p+25WOs4rr7waDzz4UKT358WXXopRo/5daWpJvfa7VzKQszEhzzElBG2//vo/f5tzKGKLzXvFyScenzfU4FrdZ6ujbYPpTCRAgAABAgQIECBAgAABAgQIEBgLAUHbscAylQABAgQIECBAgAABAgQIECBAYMIJTMigbbUwV7riG4ZeHcsvv1zh4s8bNLjwk/F5d9J1zTVi4LlnlXS/rTtvw403jTfefKtuubDdmIO2553/9zj73IG5133B4PNjra5r5o6Na3FiBW3Ts16py2oxZsyYsku7567bYuGFFopK97rO2mvF4EH5BmUHa0DhlltviwP6HdKAmeM+pWXL2WLkiEdiuummG+eDpHB5Co8+/Mijceddd8dXX31d8Vinn3pS9OrZo+J4pYGff/4lXnn11azj7WPZOe6p2h22Z49No/9pp9Qcqvf2O8XjI5+o2S6upG6xzz/zZAHDgfYAAEAASURBVCHgXqxNys8PP/oonn32uXjwoYezUPF9MXr0rxVP//CD98a888xTcbzSwPicY0oI2qbv6RJt2+WGsNu2XSpuufGGSjTjVBe0HSc2OxEgQIAAAQIECBAgQIAAAQIECNQjIGhbD5BhAgQIECBAgAABAgQIECBAgACBiSMwIYO2j2QBwp367F7xQlPH1rnmmqswvsde+8S9992fO/fxEQ/HHK1b546lYuri2aHTyvHbb7/lzmnMQdtqobz99tk79s3+TchlYgVt0zXusHOfGD78sbLLPfqow2OH7XrHVttsF6nTat3lnLP6R7eNN6pbHuftXXffq9ABtdIBll56qUpDZfWXX361rFYsXHrRkFhttVWLm+P1+dNPP8Uuu+0ZTz75VO5xNuvVI0475aTcsYYW/8xaS5/W/8y48KJLcneZd9554uEH7q0Zq/auXH3lZbFip441cyfXyscffxKb9Ngsvvnmm9xL6H/6KdGz+6a5Yw0tju05qn2nd9t1lzj04H5VT73IEm3jzzHlbcA33mjDOPfsM6ruu3rXdeKjjz4umzP99NPH66+8UFLv1r1XvPrqayW1tJHmvvT804XPssFxLAjajiOc3QgQIECAAAECBAgQIECAAAECBKoKCNpW5TFIgAABAgQIECBAgAABAgQIECAwsQQmVND2999/j2167xDPZJ0n85YU5nr1pedi2mmnLQxvvEmPeO31N8qmzjTTTIXQV9lArcLd99wbe/Xdr1aldHVcgrarZwHKS7IgZUOWcwacFwPPG5Q7NYXqUriu0pLCwZ06rxLfffd92ZQll1wi/nndNdGkSZOysdqFl15+Oa6+ZmihlMKUxWXaaaaNY44+omT/auHJdL/pvsd1GXbTzXHwIX8r2z11JE5h2vYdO0d6L2ovTZs2iadGjoj0nCfE8s2338aKnVctO086durE+tjw6qHtutdw1jkD4vys23Le0iMLcJ6RBTlrL7ffcVc8+1z+O7/P3ntGixYtak8vWU/dY1MX2byl4wod4tqrrygMvfLKq5Gs85YUWF6u3bJ5Q4Vaes9WWb1rIZxed9I0004Tb7zyYk2X3hdefCl6brZl3WmF7W223jJOOO6Y3LHaxZtvuTVGPvFkoVT73Zx33nmj71571EwdNHhIpK7IdZfmzWeJ/fbpW7dcsp06QqduyXlL38z8gP32KQxNinOkE00pQdsLLry4ELzOcxtwzpmx0YYb5A2V1JL9F198UajVfr6rrbpqbLjBejVzG2PQtmnTpvHKi8/WXKMVAgQIECBAgAABAgQIECBAgACBKU9A0HbKe2aumAABAgQIECBAgAABAgQIECAwVQhMiKDtF19+GSedfFrcdvsdFU1W6bJyXHbpRTXjW27dO55+Jj/0dNftt8Siiy5SM7f2yueffx477bJbvPHmW7XLJeuVgravv/FGbNStR8nc4kb6ufkH77+7JghcrOd9Xnb5lXH8iSfnDUX3TTeJM/ufmjtWLB52+JFx/Q3Dipsln+uvt04MPPfsitcxevToQkfPt9/+V8l+aaOucapNzKBt6iycQsO//DI6napmSSHaFEjNC0On+zt/4Lk1c8d35dqh18URRx2be5h2yy4Tw274TyA5d0JOMYWYu/fcImckolmzmePJx4eXBJmvuXZoHHn0cbnzDznowNh9tz65Y6n44ksvRY9e+cHWnj02jf6n/SfU+86778Y66+V3AF5t1VXi0osvqHiOFOxOQeRvv/uubM48bdrEIw/dV1Jfc+314oMPPiypFTeOPjLrVLx97+Jm2We6zm6b9ix7H9LEfgfuF3vtsXvNPvsdcFDFvxf/vP7aquHhC7IOvaednt/p9fRTT4pePf/zHZ8U50g3NKUEbT/55NNYbc21olY2v+Z5pAD8lZf/I5Zfrl1Nre5KpWB9mnf9tVdF+/bL1+wyuYK26QLar7BS7vuexh7K/sbPN998adVCgAABAgQIECBAgAABAgQIECAwBQoI2k6BD80lEyBAgAABAgQIECBAgAABAgSmBoFqQdu5554rTj81P1D69ddfx6efflYIvN5x553x66+/VeVIYcAUCiwu/Q4+LG66+ZbiZsnnYostGscdc1R0yIJb0003XWHsjz/+yDqHPh/7HdAvPv/8Px0VS3aqtVEpaPvLL7/E0u3a5wbN0u57Zx0399tn75pz1jpkyeojjzwaO/X5b2iw9mC63sGDBkbq6lppSZ1De22xVe7Pxad9ttx8s9h5px1ikUUWLjnEs1m34EOzkO4777xbUi9unD/wnFh/vXWLm4XPiRm0TSfYZ78D4o477y45Z7WNFCKu3fmy2tyGjG2z3Q7xxBNP5U6tG+7MnVSnmLp0dlltzYrv2HkDzo4N1l+vZq9qIdgUXhzy9/MLAeiaHf5/JQURD+h3SDzw4EN1hwrbfzvs4Oiz83+73a7UZfX4Mgu05y0HHpBCrLtlHXyzFr61ljFjxsTA8wfFgIH53ZfTO3rhkNKxan8PUgfcI/92WGyQdS6dc445ap0p4oZ/DiuEuvM6Nf/lL3+J4Q8/EK1bt6rZp1pAer755o2rstDnPPO0qZlfXHnvvfdjx112jQ8//KhYKvm8edj1sfTSbQu1SXGOdKIpJWibrnXX3feq+M61bDlbnHLSCdF5pRVj5plnTtMLS/q7mTrZXnLpZZHeqbpL+nt95203l5QnZ9C25+ZbxQsvvFhyPcWNNVZfLc4847RoMeusxZJPAgQIECBAgAABAgQIECBAgACBKUhA0HYKelgulQABAgQIECBAgAABAgQIECAwNQlUC9ZNqPtcoUP7GHrNlSWHu/uee3M7ntaelDqIrrTiipFCWy++9HL89NNPtYcrrlcK2qYdVlm9ayEgXGnnFi1axPzz/zX+kgVm++yyU6y7ztplUz/88MNYY63/hi3LJmSFNm3mjjZzzx2po2jq4JpCy7WX0884K4Zc8N8Ov7XHiuutWs0enTquEN9n9//6629WDFqm+UssvljcctM/y0LCEztoe+9998cee+1TvOSqnzPOOGM8NXJEzDhj06rzGjqYuht3yZ7nn2P+zN3l7jtuLQsr506sUzz62OPjqquvrVP9z+Z6664Tg84r7ci72557x/33P5g7PxVXWWXl6NK5c8w55xyFTpspLHrX3fdUDPPO2rx5PPTAvdG8+Sw1x0whx/QsKy0plL3RBusXwqljMo/33n8vho94LF5++dVKu8TVV14WK3bqWDKeAu1bbbNdIdReMlBnY6EFF4hlllk6Pvro4yxs/2b2Hf2xzoz/bvbedutCcP6/lYiffv451lpn/fjii/zw8AwzTB8bb7RhLN22baQA6KeffZ4FzN+JW269LUaP/rX2oWrWV1yxY1x9xWU125PiHOlkU1LQ9vMvvogNNto0vv322xqnuivpPwuksPL8f50v3so6Z6fu2envWKVlwDlnxUYbrl8yPDmDttX+E0e6yKZNm8aCCy4QszRrFius0CH6ZUF1CwECBAgQIECAAAECBAgQIECAwJQhIGg7ZTwnV0mAAAECBAgQIECAAAECBAgQmOoEJnbQNgXyrh96daQAa+0lBfrWXm/Dij9TX3tu3fWllloyvvv2u/jo44/rDhW2qwVt9z/woLj1tjty96tbPPXkE2PzzXrWLUe69tW7rlM1sFt7p7yfK0/BtR6bbRmvvfZ67anjtD7HHK3jxhuGxlxzlYZ508EmdtA23UenzqtEXifTujezYRYEHXjuWXXL47x98SX/iJNPPT13/xSWfuDeu3LH6is+8ujw2GmX3XKnNWkyQzz5+PBoloX0iksKzm60Sff45ZfRxdJ4fR51xN9ixx22KznG77//np2jRyH0WDIwjhvrrL1WofNy3u4pSL5htx4NDrbnHaNYW7nzSpG6WaeutnWXm2+5NQ486NC65XHann766Qth/nbLLlOy/6Q4x5QUtE04qQN16kQ9IZZ9+u4V++/bt+xQkzNoW62Tcd0L7b7pJnFm/1Prlm0TIECAAAECBAgQIECAAAECBAg0UgFB20b6YFwWAQIECBAgQIAAAQIECBAgQGBqF5iYQdv2yy8X5559ZqG7a57jK6++FltstW0WUPwlbzi31rpVq7hp2HXRZ7c947XX38idUy1o+8WXX8b6G3QrdBbN3blWsVLQNk155JFHY6c+u9eaXXk1L2ibZn/11deFwNuTTz1deed6Rmaaaaa49uorom0WPs5bJnbQNp3z8COOjqHX35B3+pJa6gSbOsJOqKV7z83jpZdfyT1cn513jL8ddkjuWH3FFB5eYcWVK3Zp7X/aydGzR/eSw4x84snYdfe9xjucuvdee8SB++9bcuziRurg23v7neKdd98rlsbpM3XYHTLovEJnz0oHeOHFl7KO0/vGZ1kn2XFdFl10kbj+2qtilln+25m37rEuvPiSOPW0M+qWx2o7db8ddN6AWHON1XP3m9jnmNKCtgnphn8Oi9S5uVJ34FzIOsXum3bLQqr5XZYnZ9B2zJgxseXWvevtypxuR9C2zkO1SYAAAQIECBAgQIAAAQIECBBo5AKCto38Abk8AgQIECBAgAABAgQIECBAgMDUKjAxgratW7cuhAVTN9hpppmmKt3jI5+IfgcfGp9//kXVeWnwr9lPmQ8458xYZumlY+Osu+e4BG3TcW67/Y44+NC/xa+/Vv459DSvWtA2jR9/4slx2eVXptWqS6Wgbdopdcc95bT+8Y/LLo8//6x6mJLBxLrpJpsUfva8TZu5S8Zqb0yKoO3I7BlumwVAqy0pEPzUyOFVw53V9q87lrrIrrXuBnXLNdspfNwx+1n4cV323b9f3H7Hnbm7p6DqZZdcVDb2chb6PeqY4+LFl14uG6uvkALkB/XbPzbrVd5Bufa+X389Ko474aSsK+mdY/W+pGOkbrw77rB9oQPpDDPMUPuwueujRo2K5JC+o2OzpGe96y47RZ8+O8dMM85Y76633nZ74TvQkL8BdQ/Wtu1ScexRR0T79svXHSrZnpjnmBKDtgknva9777N/xc7gJYC1NuZp0yb6HbhfbNJt44p/3ydn0DZd6jvvvhtbb7t94T8z1Lr0slVB2zISBQIECBAgQIAAAQIECBAgQIBAoxYQtG3Uj8fFESBAgAABAgQIECBAgAABAgSmXoHxCdpOM+00MVuLFjH77LPH7C1bxnLLLRtrr7VWpJ9vn3baaRuM9u2338XgCy6MW269LbeD5uyzt4w9dts1tuu9TaSfiE/L+ARt0/6pO+jfB1+YdWK9vmLgtr6gbTrOSy+/HOcOOD8efOjhtJm7VAvaFnd4//0P4robboh/Drs5vsy67lZaZpmlWXRo3z4Luu0fSy25RKVpNfVJEbRNHSRXWb1r1bB0t403jHPOGr/OpTU3la0MPG9QnDPgvNqlmvWWLWeLkSMeiemmm66mNrYrKZi5/4EH5+6W3u10/PRe1l3+zNLSd9x5dwy78aZIXW6rdWtO359ls9B46vK73XbbNiiUWjzfiy+9VAh5Pzp8RKTwbbVl/vn/Wuj2ustOO1bsLl1t/6efeTaGXnd94b6q3U8KC6+zzlqx3z59o1Wr2asdsmwsHfeKq66Ou+6+N17Muummd6rS0rRpk+jUsWP06L5JdNt4o4phz7r7T6xzTKlB2+STujffe98Dhb+DIx57PP4ck5/2T+/qfPPOG9tsvWXssF3vqC+oPbmDtunefv75l7jy6qvjwosuqfgdEbRNUhYCBAgQIECAAAECBAgQIECAwJQjIGg75TwrV0qAAAECBAgQIECAAAECBAgQIDCRBFJI8c233iqEbb/Oumm2mWuuWHjhhaN161YT6YyRhWx/LZzvk08+iU8+/TR+/PGnmGmmGbOgYKtCYLhFFiRuyPLjjz/GJ598WjjGp9lxxmSBtdTZc64554gOHdrXBITrO1bqcPv2v/5VuKZPP/ssvvryq5hjjjliwQUXiAUXWGCsA4z1nW9CjKfnttqaaxfuv9LxLrrg74WwZ6XxqbGe3q0XstBoCnWP+ve/45t/fxNNsw6vs2dB4BROT4H02WabbbxuPdmnzs4ffPBB/Ds7x6jsHKnbccss+J7C74stumikoO2EWH766af41zvv1Lyb33//Qxa+nCcWWnDBWGCB+aNZs2YT4jSRgvcvvPhiIRyZ7un7H76P5rM0z+5ptphzzjljuXbLjndn5ElxjgmCMQkP8tVXX8f7H7xf83zH/DGm5u9O6iZeX7h2El7qWJ0qhba/+OKLmr/P6bvYtEnTaNFi1lhi8cULndLH6oAmEyBAgAABAgQIECBAgAABAgQITDYBQdvJRu/EBAgQIECAAAECBAgQIECAAAECBAiMj8DgIRdG/zPPrniIeeeZJx68/+6x6nJc8WAGCBAgQIAAAQIECBAgQIAAAQIECBAgQOB/UkDQ9n/ysbtpAgQIECBAgAABAgQIECBAgAABAlOuQOpw+sijw2Pf/ftF6sRbaTn04H6x2667VBpWJ0CAAAECBAgQIECAAAECBAgQIECAAAEC9QoI2tZLZAIBAgQIECBAgAABAgQIECBAgAABApNT4JtvvonNt9wmWrZsGT/88EO8+dbbkX6Wvdoy99xzxV233xLNmjWrNs0YAQIECBAgQIAAAQIECBAgQIAAAQIECBCoKiBoW5XHIAECBAgQIECAAAECBAgQIECAAAECk1tg1KhR0XGlVcbqMi69+IJYbdWx22esTmAyAQIECBAgQIAAAQIECBAgQIAAAQIECPxPCAja/k88ZjdJgAABAgQIECBAgAABAgQIECBAYMoVGNug7SEHHRi779Znyr1hV06AAAECBAgQIECAAAECBAgQIECAAAECjUZA0LbRPAoXQoAAAQIECBAgQIAAAQIECBAgQIBAnkBDg7bNms0cRx95ePTq2SPvMGoECBAgQIAAAQIECBAgQIAAAQIECBAgQGCsBQRtx5rMDgQIECBAgAABAgQIECBAgAABAgQITEqBakHbWZs3jwUWXCC6dF4pdtllp2gx66yT8tKciwABAgQIECBAgAABAgQIECBAgAABAgSmcgFB26n8Abs9AgQIECBAgAABAgQIECBAgAABAlO6wB9//BHPPf9CfP755/Hjjz/FdNNNGwsusEAsuOACMdtss03pt+f6CRAgQIAAAQIECBAgQIAAAQIECBAgQKARCwjaNuKH49IIECBAgAABAgQIECBAgAABAgQIECBAgAABAgQIECBAgAABAgQIECBAgAABAgQmn4Cg7eSzd2YCBAgQIECAAAECBAgQIECAAAECBAgQIECAAAECBAgQIECAAAECBAgQIECAAIFGLCBo24gfjksjQIAAAQIECBAgQIAAAQIECBAgQIAAAQIECBAgQIAAAQIECBAgQIAAAQIECBCYfAKCtpPP3pkJECBAgAABAgQIECBAgAABAgQIECBAgAABAgQIECBAgAABAgQIECBAgAABAgQasYCgbSN+OC6NAAECBAgQIECAAAECBAgQIECAAAECBAgQIECAAAECBAgQIECAAAECBAgQIEBg8gkI2k4+e2cmQIAAAQIECBAgQIAAAQIECBAgQIAAAQIECBAgQIAAAQIECBAgQIAAAQIECBBoxAKCto344bg0AgQIECBAgAABAgT+j727DoyrSvs4/ot70rRN3aEUargs7rA4xV0Xd7eFZXF3d3f3xaVAKRQrFaDuFteZTPI+54SZd5JOpDRp0vZ72clcOfecM5879+4/vz6DAAIIIIAAAggggAACCCCAAAIIIIAAAggggAACCCCAAAIIIIAAAu0nQNC2/ewZGQEEEEAAAQQQQAABBBBAAAEEEEAAAQQQQAABBBBAAAEEEEAAAQQQQAABBBBAAAEEEECgAwsQtO3AF4epIYAAAggggAACCCCAAAIIIIAAAggggAACCCCAAAIIIIAAAggggAACCCCAAAIIIIAAAgi0nwBB2/azZ2QEEEAAAQQQQAABBBBAAAEEEEAAAQQQQAABBBBAAAEEEEAAAQQQQAABBBBAAAEEEEAAgQ4sQNC2A18cpoYAAggggAACCCCAAAIIIIAAAggggAACCCCAAAIIIIAAAggggAACCCCAAAIIIIAAAggg0H4CBG3bz56REUAAAQQQQAABBBBAAAEEEEAAAQQQQAABBBBAAAEEEEAAAQQQQAABBBBAAAEEEEAAAQQ6sABB2w58cZgaAggggAACCCCAAAIIIIAAAggggAACCCCAAAIIIIAAAggggAACCCCAAAIIIIAAAggggED7CRC0bT97RkYAAQQQQAABBBBAAAEEEEAAAQQQQAABBBBAAAEEEEAAAQQQQAABBBBAAAEEEEAAAQQQ6MACBG078MVhaggggAACCCCAAAIIIIAAAggggAACCCCAAAIIIIAAAggggAACCCCAAAIIIIAAAggggAAC7SdA0Lb97BkZAQQQQAABBBBAAAEEEEAAAQQQQAABBBBAAAEEEEAAAQQQQAABBBBAAAEEEEAAAQQQQKADCxC07cAXh6khgAACCCCAAAIIIIAAAggggAACCCCAAAIIIIAAAggggAACCCCAAAIIIIAAAggggAACCLSfAEHb9rNnZAQQQAABBBBAAAEEEEAAAQQQQAABBBBAAAEEEEAAAQQQQAABBBBAAAEEEEAAAQQQQACBDixA0LYDXxymhgACCCCAAAIIIIAAAggggAACCCCAAAIIIIAAAggggAACCCCAAAIIIIAAAggggAACCCDQfgIEbdvPnpERQAABBBBAAAEEEEAAAQQQQAABBBBAAAEEEEAAAQQQQAABBBBAAAEEEEAAAQQQQAABBDqwAEHbDnxxmBoCCCCAAAIIIIAAAggggAACCCCAAAIIIIAAAggggAACCCCAAAIIIIAAAggggAACCCCAQPsJELRtP3tGRgABBBBAAAEEEEAAAQQQQAABBBBAAAEEEEAAAQQQQAABBBBAAAEEEEAAAQQQQAABBBDowAIEbTvwxWFqCCCAAAIIIIAAAggggAACCCCAAAIIIIAAAggggAACCCCAAAIIIIAAAggggAACCCCAAALtJ0DQtv3sGRkBBBBAAAEEEEAAAQQQQAABBBBAAAEEEEAAAQQQQAABBBBAAAEEEEAAAQQQQAABBBBAoAMLELTtwBeHqSGAAAIIIIAAAggggAACCCCAAAIIIIAAAggggAACCCCAAAIIIIAAAggggAACCCCAAAIItJ8AQdv2s2dkBBBAAAEEEEAAAQQQQAABBBBAAAEEEEAAAQQQQAABBBBAAAEEEEAAAQQQQAABBBBAAIEOLEDQtgNfHKaGAAIIIIAAAggggAACCCCAAAIIIIAAAggggAACCCCAAAIIIIAAAggggAACCCCAAAIIINB+AgRt28+ekRFAAAEEEEAAAQQQQAABBBBAAAEEEEAAAQQQQAABBBBAAAEEEEAAAQQQQAABBBBAAAEEOrAAQdsOfHGYGgIIIIAAAggggAACCCCAAAIIIIAAAggggAACCCCAAAIIIIAAAggggAACCCCAAAIIIIBA+wkQtG0/e0ZGAAEEEEAAAQQQQAABBBBAAAEEEEAAAQQQQAABBBBAAAEEEEAAAQQQQAABBBBAAAEEEOjAAgRtO/DFYWoIIIAAAggggAACCCCAAAIIIIAAAggggAACCCCAAAIIIIAAAggggAACCCCAAAIIIIAAAu0nQNC2/ewZGQEEEEAAAQQQQAABBBBAAAEEEEAAAQQQQAABBBBAAAEEEEAAAQQQQAABBBBAAAEEEECgAwsQtO3AF4epIYAAAggggAACCCCAAAIIIIAAAggggAACCCCAAAIIIIAAAggggAACCCCAAAIIIIAAAgi0nwBB2/azZ2QEEEAAAQQQQAABBBBAAAEEEEAAAQQQQAABBBBAAAEEEEAAAQQQQAABBBBAAAEEEEAAgQ4sQNC2A18cpoYAAggggAACCCCAAAIIIIAAAggggAACCCCAAAIIIIAAAggggAACCCCAAAIIIIAAAggg0H4CBG3bz56REUAAAQQQQAABBBBAAAEEEEAAAQQQQAABBBBAAAEEEEAAAQQQQAABBBBAAAEEEEAAAQQ6sABB2w58cZgaAggggAACCCCAAAIIIIAAAggggAACCCCAAAIIIIAAAggggAACCCCAAAIIIIAAAggggED7CRC0bT97RkYAAQQQQAABBBBAAAEEEEAAAQQQQAABBBBAAAEEEEAAAQQQQAABBBBAAAEEEEAAAQQQ6MACBG078MVhaggggAACCCCAAAIIIIAAAggggAACCCCAAAIIIIAAAggggAACCCCAAAIIIIAAAggggAAC7SdA0Lb97BkZAQQQQAABBBBAAAEEEEAAAQQQQAABBBBAAAEEEEAAAQQQQAABBBBAAAEEEEAAAQQQQKADCxC07cAXh6khgAACCCCAAAIIIIAAAggggAACCCCAAAIIIIAAAggggAACCCCAAAIIIIAAAggggAACCLSfAEHb9rNnZAQQQAABBBBAAAEEEEAAAQQQQAABBBBAAAEEEEAAAQQQQAABBBBAAAEEEEAAAQQQQACBDixA0LYDXxymhgACCCCAAAIIIIAAAggggAACCCCAAAIIIIAAAggggAACCCCAAAIIIIAAAggggAACCCDQfgIEbdvPnpERQAABBBBAAAEEEEAAAQQQQAABBBBAAAEEEEAAAQQQQAABBBBAAAEEEEAAAQQQQAABBDqwAEHbDnxxmBoCCCCAAAIIIIAAAggggAACCCCAAAIIIIAAAggggAACCCCAAAIIIIAAAggggAACCCCAQPsJELRtP3tGRgABBBBAAAEEEEAAAQQQQAABBBBAAAEEEEAAAQQQQAABBBBAAAEEEEAAAQQQQAABBBDowAIEbTvwxWFqCCCAAAIIIIAAAggggAACCCCAAAIIIIAAAggggAACCCCAAAIIIIAAAggggAACCCCAAALtJ0DQtv3sGRkBBBBAAAEEEEAAAQQQQAABBBBAAAEEEEAAAQQQQAABBBBAAAEEEEAAAQQQQAABBBBAoAMLELTtwBeHqSGAAAIIIIAAAggggAACCCCAAAIIIIAAAggggAACCCCAAAIIIIAAAggggAACCCCAAAIItJ8AQdv2s2dkBBBAAAEEEEAAAQQQQAABBBBAAAEEEEAAAQQQQAABBBBAAAEEEEAAAQQQQAABBBBAAIEOLEDQtgNfHKaGAAIIIIAAAggggAACCCCAAAIIIIAAAggggAACCCCAAAIIIIAAAggggAACCCCAAAIIINB+AgRt28+ekRFAAAEEEEAAAQQQQAABBBBAAAEEEEAAAQQQQAABBBBAAAEEEEAAAQQQQAABBBBAAAEEOrAAQdsOfHGYGgIIIIAAAggggAACCCCAAAIIIIAAAggggAACCCCAAAIIIIAAAggggAACCCCAAAIIIIBA+wkQtG0/e0ZGAAEEEEAAAQQQQAABBBBAAAEEEEAAAQQQQAABBBBAAAEEEEAAAQQQQAABBBBAAAEEEOjAAgRtO/DFYWoIIIAAAggggAACCCCAAAIIIIDAyiRQHqzUoopCP+W8tE5KT0qNOf1QbY2CoWpNL16gr2dPVEmgQgNyuvtX/5xu6pSSEfM8diKAAAIIIIAAAggggAACCCCAAAIIIIAAAggggAACK1qAoO2KFmc8BBBAAAEEEEAAAQQQQAABBBBAYBURqLXPUVtbq1BtSNU1IRVWlWhOySLV2n89MrpYYDZLaYkpfruiukoBC9e69oGaapVZKHdW8WL9vHCqyoNV6pnZWb2zuqpfdjflJKerxtolJSQoMzlNqQlJSoiLV1xc3Coix8dAAAEEEEAAAQQQQAABBBBAAAEEEEAAAQQQQACBlUWAoO3KcqWYJwIIIIAAAggggAACCCCAAAIIINDBBFwY1oVsXYi2JFCmOaULNSl/hoIWpB2Q3VN9s7qrZ0aeD9rOKlmowspSf6zUKtguqijWgrJCzS8tUJUFcDOS0tQlLVt9LGybYZVwg6GQclIzNDi3p7qnd1JqYrIS4xM6mADTQQABBBBAAAEEEEAAAQQQQAABBBBAAAEEEEAAgVVdgKDtqn6F+XwIIIAAAggggAACCCCAAAIIIIBAKwq4irQuSFsZqlKVBWyrQkG/7qrSuqDt+CVTFKqp0ZDc/hqY09vCtj3seEC/Lp6qeaVLrKptUKVWzbagotSq2lZZXyGrXivFKV4pFqbNtmq2LlAbtPBtngVs1+s2SIM6dVduqquOm9yKn4SuEEAAAQQQQAABBBBAAAEEEEAAAQQQQAABBBBAAIHmBQjaNm9ECwQQQAABBBBAAAEEEEAAAQQQQAABE3AhW1fBtjhQatVoF6mgsshCsxUWlK1VckKKiqpKNLlghhLiEjSi62D1z+6lzlaldnFFkb6eO14ziuZZ0LZa1RbErTsnWVnJGUqMS1TAAreV1UEL31ZagDdo49T6SrbrWtB27c591D+nm3JSMtr1OoSsym4gEFRaWmq7zmNVH3z69Bm6/c67lJSUpLPOOF29e/da1T8yn6+BwFejv9bDjz6mEcOG6bRTT1ZKSkqDFm27+dTTz+qD/32ovffaUwfsP6ptB6N3BBBAAAEEEEAAAQQQQAABBBBAAAEEEOjwAgRtO/wlYoIIIIAAAggggAACCCCAAAIIIIBA+wrUqtaCsTUWhK1UsYVpiwL2svdyC8UGrLqtC9ZmJGXY8YBml863irSJGmwVbbuld1FqQrJmlSzQp7N+0PSi+Va5Ns4q06aqc2qOVanNtvdsJcUnWWXcagvullpV3CUWzC1WWaDCjmdqRN5ADe3SX0M691YXC+2uyMUFa99973298trrcuHPefPmq7q6WpmZGerXr5922WlHC+Ltob59+67Iaa3yY510yun68KOP/efcb9Q+uvH6a1f6z/zr+PF6++13G/0cLlTcrXs39ejeXQMHDNDgwWs22nZVPxAMBrXlNttr8eIl/qPedMO1GrXvPivsY0+cNEl77FUXro2Lj9OnH77PPb7C9BkIAQQQQAABBBBAAAEEEEAAAQQQQACBjilA0LZjXhdmhQACCCCAAAIIIIAAAggggAACCHQYAVfFNhAKaHH5Ek0pmuYDt7mpnZWdnO0DtimJKVaVNkFBC92WBMoUFxen3JRsq3KbpGoL6E4pnKVPZo7VvNLFVpU2S70zu1uV2v7qkeGCuCmKj4/3FW6XWMB2SuE8TbXKt9MK51sAN0FDuw6woG0/rdOlr7qm5awwk08+/Uz/vuJKzZ+/oMkxU1NTdN01V2mvPfdosl1HO+jChC40nJiYqHXWXrtDTe+4f52kzz7/ws9pzz120+233tyh5vd3JvOqhbXPv/CSFp+6ztpDtP9+o3TgAfspPT29xef93YZVVVX6/Y8//OmdcnLaNVjq5rL5VtupsLDQz+eaq/6jgw868O9+tGU+75dff9W++x3kz7NHmf73/jsaNHDgMvfDCQgggAACCCCAAAIIIIAAAggggAACCCCw6ggQtF11riWfBAEEEEAAAQQQQAABBBBAAAEEEGgTgYrqCuVXLNGi8sVaUL5I8Raq7Z3ZS3npXZVtwdkUC8u6xVW9dWHb2tpaH7atrK5SflWx/iyYqe/m/arSYIX6Z/fWGp36WtB2gIVuMy20W2X1cmV9JNl60Pov0B8Fc/TD/D9UZhV0+2d3t+q4vTW0cz/1zOzi2yVaALctl2efe0FXXHmVampq/DAuCLzRhhtowID+Sk5O1q/jf9MkC6pWVQUi0zj+2KN1wfnnKiGhbecWGXA5VzbbfGstWrxYeV276tuv60Kty9llq53+++9/6IabbpGr8nqhmQ4cOKDV+m6vjqKDtq5KanxcfL2p1NSE7L6pt8tvDBo0UPfdc5fWXGPQ0gdbcc/UadO00y67+x732H033XFb+4abXUXj+x54SCOHD9eFF5yntLTUVvy0zXd17/0P6P0PPtS+e++lY44+svkTaIEAAggggAACCCCAAAIIIIAAAggggAACq7QAQdtV+vLy4RBAAAEEEEAAAQQQQAABBBBAAIHlF1hSsViT8yeq3IKyXdO7KVzNNj0pzarOJkVCg7UWmXUhWxe2rQxVWTA3X9OKZml60RxNL56ntMQ0rd9tHQ3M6WN9ZKsqFLRjc337vLRcH7xNS0zV7JJFVgH3J80uXWQVc1PVyyrfDu0ywM7roe4ZuX7f8n+q2D188L8PdcppZ0YO7r7bP3XeOWepX7++kX1uJRQK6dHHn9BNN9/m192+HbbfVg/ef69b7fBLRw7adni8vzHB6KDtvy+9WEcfdUS9XoLBoFVPnq9p06br9Tff0nvvf6BAIOjbuIq2jz78gDbeaMN657TmRkcL2rbmZ6MvBBBAAAEEEEAAAQQQQAABBBBAAAEEEEBgeQUI2i6vIOcjgAACCCCAAAIIIIAAAggggAACq6hAqDakgA/MLrSqtL/7yrODc4dYJdtuSk5IVoJVto21VIUCKgmUalbJPI1fNFkz7b3ItrtZBdzNe1llWKtqmxifqIUVBfpxwSRVWFXb/tk91Terh/pkddPC8kJ9MH2sVbadrZBVle2cmqUhVtF2cG4fq4bby2/HGnd595WWlmqnXXfXwoWLfFfHHnOULr34wia7HTfuR514ymnKzy/w7e68/Ra5cG5HXwjartgr1FzQtuFsZs2apRNPPk2TrbqvW3r16ql333pdWVlZDZu2yjZB21ZhpBMEEEAAAQQQQAABBBBAAAEEEEAAAQQQWEUFCNquoheWj4UAAggggAACCCCAAAIIIIAAAggsr0BFdbkKKpeouKpQpRaUTbGKtL2z+lrl2U6+im2c4mIO4arZFlWVaHrhTI1bMF6zSucpYFVue2f21FZ9Nlb/rN5SXJwP4I6e85PKAhVas1M/C9H2taq1vVVg534043v9nj/LquhWWQXbNA3q1FNr5fbTiLyBFtjNjTnu8u686ZZbdf8DD/tuNtl4Iz33zJMt6vLJp5/Rlf+9xrdda63Beu/tN5o9r7q6WkVFxerSpXOzbZtrEAgEfF9du3Yx1tjXpGEfHSlou2DhQqWmpConJ7vhNJd5u6yszBu4KrB/Z6moqJQLXOfldf07pzd6zrIGbV1H5RUVOvCgQzVx0mTf7wH7j9L1117d6BjRB8rLy32l5ZYGc5c3aLus40XPtTXWayyQ78Lu7n5q6T3QGuM27MPd1yUlJcrNbZtnVPR4bhz3DxE65eRE717mdWc3f/4CP+e0tNRGz3dVvBcvXuzD3n/3/nKdt8U91pJniPuci5csUWZmptLT0hr9nM0dyM/Pt2dVjhISYv9Dk6bO7yjf06bmyDEEEEAAAQQQQAABBBBAAAEEEEAAgdgCBG1ju7AXAQQQQAABBBBAAAEEEEAAAQQQWO0FXMB2TskMVVZXKD0pS9kpOcpN7aJUC9w2tQRCQZUGyzS7ZK6vaDvL3ostqNslvbM26bGeVa/tY32karFVtP1p4SQfpu1nFW17Z3ZTz4yuWlRRqE9m/qAphXMsSFarTilZFsLtrTVze/uqtp1Tlz+QGWv+22y3k2bPmeMywHrjtVc0bOg6sZottc8FXbfbcRcfVnMHR3/xiXr06LFUu98mTNRDDz/iq5ROnTpNLpTngoFDbZyRI0bopBOOV2MBtt333EdunJEjR+qWm6735z7x5NN67vkXNWPmTLkAV0pKsjZYf32d8K/jtPVWWy41/n0PPKhXX33d758+o+6c+Ph4DejfL9J2jz1205mnn+a3FyxYoMOPPMavR++PNI5aKS4u0X4HHOT37LDD9rrogvOijkoN5+8qAT/3wov65tsxmjdvvvr166tPP/rAn/POu+/p9jvu8utX/udybf6PzZrsy1V/ffLpZ/Xd2LGaMGGSt+jZs4c23WRjm8f5zYZmFy5apMefeEqvvf5GpJpxdnaW1l9vPV1w/jlae8gQ/fzLrzrv/Lrqxscdd4wOPvCAenNqbuPvBG1dnxMmTtK++x3or3dycpLGfjvaBwVjjffOu+/rjTff9N+vOfY9dkufPn00fNhQ/WOzzXTYoQcvddpJp5yuKVOmKBAMavbsunMyMjLUvVtepO2ll1ykbbfZOrIdXvk744XPbe792utu0Keffe6bvf7qS3Jzari4oLr7Tv/88y9y95YLWbt2QyzsvuGGG+j0U0+OeV7DfmJtH3TI4Rbczdcaa6yh+++t+y6G211y6eUa+/33fvPDD95VZWWl3dePasx3Y/XjTz/77U6dOmnoOmvr/PPO9vd2+NxleZ84aZLOOPMcf8oRRxymIw8/TAUFBbrN7o2PPv5ECxYs9Mfcd3X77bbTySf+S2uuuUbMIWL19fobb+m99z/w9427fw88YD9dd81V9c53Bs+/+JI9N96IPGdcg5zsbG2zzVY6/LBDtOEGG9Q7J9ZGa9xjy/IMCc/BPWPffPsdPWnPykmTf1fQvuduyc3tpF132VnHHH2k1hg0KNw85rt7trrnw9fffKvx43/TIgsbJyUl2XkDtc466+iM007xz6+YJ9vOtvyeNjYm+xFAAAEEEEAAAQQQQAABBBBAAAEEWl+AoG3rm9IjAggggAACCCCAAAIIIIAAAgggsEoI5Fcu0pT83xSqDalf9mB1TstTUkKyEuKaruRXU1uj6pqQVbUt1tzS+ZpeNEuTC6ao1v5bK3cNq1rbT32yeik5IUn5lcUWpg1Z1dp0pdi2q0Y5vXiePp4xVvPLlqhLaicL5vbQsK6D7JxuyrTqtu681l5cEG2PvUb5bl3w9a3XX1mmIaZMnRoJ2rqArgvahRdXCfKee+/XPfc94AOT4f0N34dZIPLRhx6Qq0zbcBk6Yj1VVQW06aYb64F775YLAk7+/Y+GzSLbRx15uP596cX1qntefe31euzxpqv0HnrIQbrqyit8P3PmzNXW2+3o16P3RwaJWiksLNSGm2zu9+yz954WBr4h6qgUPf/rrr5K++x3gFy4L7xEB22fe/4FXXb5lf7Q/fZZd9px+3Az/x7d112336b9DjxYs2bNrtcmvOECgfdZUNKFbmMtLgA4av+DfNg31nEXRL7yin9b4HKQDj38KN/kgvPO0YkWil6W5e8Gbd0Yp1vY8t333vfD3XTjdRq1z971hnbhy8v/819rUxdUrncwamPUvnv7irjRlTj32HuUJlqYt6nlzttv0e67/TPSZHnGi3TSzMqZZ5+nt99517f66Ycxvopq9CkuWHvKaWdEwsHRx8Lr7jt12y03ab11R4Z3tfg9XPF5HQvLvv3Gq/XOO+a4E/TFl1/5fX9MGq+TTz3DB1/rNfprw31/Lr7wfB17TN13J1abxvb9ZAHi/Q6oC0efefqp2mH77XT4UcfUu2+iz01MTPQh/D123y16t19v2Neaa65p36uz67VrGLT9/odx9tlO95WC6zVssHH8sUfrQgvWu88aa2mteyz6vm/uGeLm4b6n/zrpVP3440+xpuX3OTNXJXrfffaK2cb14b6Lo7/+JuZxt9P944j/XH6p9hu171Jt2vp7utSA7EAAAQQQQAABBBBAAAEEEEAAAQQQaDMBgrZtRkvHCCCAAAIIIIAAAggggAACCCCAwMop4AKxtRaWXVKxQH/mj/cfYnDnERa07Wb7a/22C8T6/1z5V1uLtVSFAiquKtG0ohn6fv6PKrTgbdf0LuqT2csq1A5Q17TOSohP9P24cG5lqMralGhq0RxrP9Eq6QasXV8L5/bXOl0GKi/t/8OrscZbnn0PP/qYrrv+Jt/FKSedoHPPOWt5uqt3rquGeNU11/l9LoC7rVWCXNfCfz179NTceXP12mtv6FerlOiWPn166yOrkukqJkYv4ZDZuiNH+BDv5198qV69evpKo5ttuomv1uj2TZgwwa5R3ZkNP8e4cT9aOPd3f/D6G29WaWmZVUfNqFd91gXwNt5oQ9+mLYK2ruKm++78+eefVn1zTW1gVWNdINItJ1lFTre0NGi7llUuTU1J0R9/TtE2W29pIeRN1C0vT1OsWvCzzz0fCT4PGjhA773zplyoLnpxP2F/yGFHROxddeGtttxCW2yxuQryC/Tl6NEaO/Z7q4JZrdNOOUl33HWPP31FB21dgDYcivznrjvr7jtvj/4YclVpP/zoY79vwID+2tLm775faampmjptup559rlI9dO999pDt958Y+R8V9HUhaQXLVoc+Xwjhg/TQQfuH2mzxeabR66R27k840U6bWalqaDtn1Omaq99RvngeVx8nI447FB/H3SzKryuuu3X34yRq4rsFlftdfSXnyk9rekq3A2n09Kg7f777auXX3nNV1123z9XTddVBn7HgtHhgKe7l9+375+7NsuyRIdjD9h/lL4a/bUPhLvw73bbbmOVltfyVXQ///xLX4nb9e08Hn3wfm299Vb1horuy1UndtV3XbXX4XatN1hvXeXYc6m/3YfhkK6r3Lr/QYdGKsC655K7N9yzZsbMWfrSgsaueq/rwy2usq0LpDdcWvMeCz8DW/IMcVWG9x51gD1npvgpde/ezVf53mzTTb3V1998o++/Hyf3jyDccs9dt/sKt37jrz+u+u2uu++l6dNn+D3bmOn++42y0P1A63eqGX6nN996WyUlpf74S88/ow02WD/SxYr4nkYGYwUBBBBAAAEEEEAAAQQQQAABBBBAoM0FCNq2OTEDIIAAAggggAACCCCAAAIIIIAAAiuXQI1VsK2uCarAKtrOLHLBzDgN6LS2slM6W/VZC1ZZrjYhLtFXtnXVbePiYlcydFVtqyw8O6Nopr6dN9ZXt3Xn5aTkqE92L+Wld1VOcrbvp6K60qrbFml26UKrZLtYC8sLlZWcoZFdh2iwBW37ZnW38zLbDNL9VP0jjz3h+7/37ju0y847tcpYLoi2zfY7+dCnq3z4wnNP+5+Ub9h5dLDwxeefXurn2MMhs/B5LnjnKjE2XF57/U2dd8FFfrcLlr7z5msxf04+HCTM69pV3379RcNu/HZbBG1dxy546MKeu/1zl5jjtjRo605OTU3R448+HAkHhzssKSnRwYce4QPIbt8N113tQ3Lh4+79lNPO1Af/+9Dv2mjDDfT0k48tFXCeNWuW9rWKtwUFhZFTzz/37EgoOLKzmZXlqWibn5+vjTfb0o/ggtavvvxCZDQXJNx19z19uNoFEF9+4dmlqr+Wl5fLVa6dMWOmeaXq53HfLRU6njptmnbaZXffrwtb3nHbzZExoldaa7zoPmOtR98PDSvaXnTJZXrp5boqs9ddc5VcJdaGy3XX36iHH33c73YVml1F5mVZwvdHcxVtXZ8XX3S+jj/2mHrd19TU6OJL/+1DuO7AvlaF+GarRrwsS3Q4NnxerIrG7li0iQuuu2BvioXQw0vDvlzw9Am7bwYPXjPcJPLunll77bNfpGJ2w0q34YYuuH+IVXl27S07r6efeEybbbZp+LB/b817LPoZ2Nwz5Mabb9UDDz7s57D++uvpGbu3oz3cgeh70j0HP/zgnXr3TvSzdJ+99/LVgn2HUX8+/uRTnWBVc93iqj676s/hJfqatNX3NDwW7wgggAACCCCAAAIIIIAAAggggAACbS9A0LbtjRkBAQQQQAABBBBAAAEEEEAAAQQQWKkEwkHb0kCRFpfPlas2m2vVbF1ItixYrJAFcZPik5WWlGlh2E5KSUiN+flcP8FQUDNLZmuMBW1nF8+xc2uVlJBsod1sH7LNttCtC+uWBytUYNVsF5QvUUmgXEELqnW3IO4G3Yb6qrZ56Z2VkbRsVSljTqqRneecd4HeePNtf/T5Z59aKrjZyGnN7l6yJF+fff65b+dCbSNHjIh5zh9//OmrJ7qD555zpk456cR67aJDZsOHD9WLzz2zVHAsfMLl//mvVTF93m8ecvCBuvq//wkfiryHg4TtEbS9+cbrG/2pdjfBZQnaNhY8dP18+NEnVn31NLeqo448XJdfdolfd39+//0P/XOPvf12z5499MarL8tVtI21fP/DOB1+5DGR6p4rOmjrqkgPGTrSV990c/3q808i05w0ebJ++22C3978H/+QOx5reerpZ/Wf/9YFsxtW3nTtWxq0ba3xYs0xel9TQdt9rFKpqwAdHx+vX3/63oeHo8916y78+ebb76jWniM9e/b0FWcbtmlqO3x/NBe0dRVtb7jumphdLV68RFtvt4OvvOuqz77z1usx2zW2s2E4trGqse78qqoqX4F2woSJvjsXlA5Xp3U7ovtybp9+/IH69O7t2zb846oju6rFbhk5Yrj/xwHJyckNm/ntp595TldceZVf32qrLfT4Iw9F2rX2PRb9DGzqGVJaWqqNNt3C3699+/bRqy89r86dY9/bN99ym+57oG7ODQPZ191wkx5+5DH/eR5/9CFf0Tfy4aJWPv3sc7kwvAv/7rXnHpEjK+J7GhmMFQQQQAABBBBAAAEEEEAAAQQQQACBNhcgaNvmxAyAAAIIIIAAAggggAACCCCAAAIIrFwCtbL/LFzrqtpWhSpVVV1h7xUqqlyseaUzVFldrpTEDHVN76kBOUPUKbVrzA/oqt9WhQKabUHbcQt+tBDtQh/Wram1YJjttzclxiXZe5yqLZQbslBcyHZartDv62ZB25F5Q2yM3uqcmqO0xNiB3piDL+POo449Xl999bU/64N334pZBXYZu1ym5u4nzNdapy6Eu8MO2+nB++6pd350yKy5ILAL3Y1cf2MfNszLy9M3X31mFSet5GTUEg4Sruigrauy++P338pV921sWZag7Q/ffa1O9rP3sZbCoiJtuPE//CH3s++PPvxApNmdd92jO+zllksuukDHHXu0X2/sz+lnnqN333vfH17RQVs3aPh6JScnaeL4nxubZqP7R3/9jY48+jh//NKLL9SxxxxVr21Lg7b1Tmpio7nxmjjVH2oqaBtdJTVW9efm+m7J8bB3c0Hb5qpf72Zh7skW6naVhH/7ZVxLho60iQ7HpqQkWyXisUtVXI40tpVvvh3jA+FuX8OqxNF9rbfeunrlxeeiT623fva55+vNt97x+5556nFttukm9Y433Nhpl90sqD3dV0ke882X6pST45u09j0WfgY29wx54823dM55F/o5xPpHC9Hznz9/vrbYenu/a4vN/6EnH38kcviJp57Wf6+61m+fc/aZOvXk+v/4IdKwkZUV8T1tZGh2I4AAAggggAACCCCAAAIIIIAAAgi0gQBB2zZApUsEEEAAAQQQQAABBBBAAAEEEEBgZRQIWbA2ECq3sKv9FLj95yrZuqq05cFSFVQs1CKrbju/dKYqLGibnJimLha0HZizjrqkdbcqte5nyuOsEm1A8VahNs2CuAnxCRbWrbaquIv1Z+EUFVUV+Uq4ARunsLLYtotVHCi1c0JKtiq36YmZ6mQVblOtb9dXroVrB+b0VfeMLspMyrA2SW3GevKpZ+h/H37k+3/j1Zc0fPiwNhursY7XWGuoP7T1VlvqsUcerNcsHDJzedmffvhOmZmZ9Y433HDVWl1FSbd8/umHS1WvDAcJV3TQ1lXIfO2VFxtOt952S4O2/fr11acffVDv3IYbw9fdUBUVFRph1/N1u67h5fQzz7bgbN257mflG/7kfbhd+P3Bhx/VDTfe7DfbI2i77gYbq7S0TDkWYhw39pvwtFr8/u2Y73TYEUf79hecd45OPOH4eue2dtC2ufHqDR5jo6mg7WOPP6mrr73en5WZmaEzTz9Ne+6xu/LyYgf+Y3Tf7K7w/dFc0Hb0F5+oR4/YVYTdIMefcLJcxVO3/PrzD0pPa3lV7uhw7LBhQ/Xmay/7fhr7U1hYqA032dwf7t2rl774rO555nZE9/Wv44/VRRec11g32mb7nTR79hx//Af7roWDs42dEH0vRVd+jd7gwh/zAABAAElEQVTfGvdY+BnY3DPkkksv1wsv1Vm556h7nja1bGBh/CIL5Te8tyZMnKQ99x7lT3XP3SOPOFyHHHSgXGXyliwr4nvaknnQBgEEEEAAAQQQQAABBBBAAAEEEECgdQQI2raOI70ggAACCCCAAAIIIIAAAggggAACK71ARbBIBeWzLEhbbBVQE6zCbLVVr61QWdCFYvNVFij2IdtqC8bKjqdamDY7pYtyUrpaVdtuvmpqYWWBBWJT1Tt7gO3vrMT4RAVD1SoJlFigNmgVbRPkgrZue07JXE3K/92CvBXqmpannpk91S+7r52X7S2T4pOUmZyuVAvxJlpoNz4uvs2M/33FlXr2uRd8/49Z5dOtrQJqay+z58zRzz//4kNvf/z5p4qLS1RSXKySklIVlxT7n5h3Yzb8CXa3Lxwyaxigc8diLdFBxVfsp9PXW3dkvWbhIOGKDtpuuunGevapJ+rNpeFGS4O2Lelro003V0FB4VJB24MOOVzf/1BXYXTc2G8tZFf3nWs4l/B2dLXQFR20rays1LCRG/ipuJDf+++8GZ5W5N1VRHbfKReodN8xF5R03yn/3bLvmDMIL7Hmv6xB2+UdLzyXxt6jv78//TBGWVlZkabBYFCnnnGWPv7408i+uPg4rbP22tp4ow215Raby1UwTkhIiBxf1pXw/dFc0HbK7xOa7Po0m+d77//Pt1meoO2offfWTTdc1+RY7mB43q4C7oRff4q0jw7annn6qTrDXo0tw0aur8rKKgsu5+nb0XUh4cbauv133X2vbr/zbt/kphuv06h99vbrrX2PhZ+Bzd330eHmbt3y1KVzZz+fxv5MnDTZH3Jh2km//eIr84bb3v/AQ7rpltvCm/69T5/e2mTjjXyl35132rHedzO64Yr4nkaPxzoCCCCAAAIIIIAAAggggAACCCCAQNsKELRtW196RwABBBBAAAEEEEAAAQQQQAABBDq8QK1VrXVVbEsqF2h+yUSVBhbbnK0are2vtOq1FcFyX9XWBWVrFW8vWQi31q8nxicrLSnLgrZ5tjdehVUFSklIV/9Og9Uto7eFZnNtO021te4sy+damslVua2wAO+8svmavMSCtrbeNa2remT0UN+s3hbezarX3p/Yxn9cUMwFxtxy9X+v0CEHH9RqI5aUlPifMv/k089a1GdTQVsXInzisYeb7ee2O+7S3ffc59s98tD92nabreudEw7kra5B2wMPPkw/jPvRm/z4/RhlZ/9/kLMe1F8by1uh9dXXXtf5F17ie/v3pRfr6KOOiDVMzH0TJ03SHnvVVdZs+PP27oQ/p0zVSSefpmnTp8c8v+HO5Q3atsZ4DefUcLupoK1rW11drQceekQvv/KqZs6c1fB0denSWXvtuYdOO/XkZiuyLnWy7QjfHx0laHvuOWfqlJNOjDXVevsOPvQIjf3+B79v/M/jlJaW6tdbGrStqKjU8HXrQt0utPz8s0/V6z/Wxptvva2zz73AH7rkogt03LFH+/XWvsdaGrQdtf9B+vmXX2NNtdl9333zlf/uRDd8+5139eRTz0SeF9HHXKB5px131Kknn6i11hocfcivt/X3dKkB2YEAAggggAACCCCAAAIIIIAAAggg0GYCBG3bjJaOEUAAAQQQQAABBBBAAAEEEEAAgZVDoLqmSpXBQhVWzNLc4t9UUrXQh2lrLBxbXVNjlWir7T2kGsUpwYK1NbVxvjqtO1Zr6/FxiUq0qrO1djwQClhF23R1Se+hnln9rULtmr6ybbSEC92GLMRbUV3pK9u69RQ7P9Uq4aYlpSnJquCu6OW99z/QaWec7YfdZeeddO/dd7TKFObNm68jjz5WU6dN9/316d1briLjgAH9ldupkwU8syMvFxBzS1NB24EDBuij/73r2zX15/wLL9arr73hm7z4/NPacIO68Fz4nHCQcHUN2kZXGn3mqcd9dcqwTaz3hx55VNffcLM/FCuoGuuc6H3LE7S94667dedddSHwU046Qeeec1ak66+/+VYnnXK6ysrK/L6RI4Zr5MgRclU3c7JzfIA4JydHEyZM1LXX3+jbxJp/SyvattZ4kQ/QyEpzQdvo01xl4i+/Gq3vxn5v1Xx/jlSGdm3WHrKWnnz80aXCk9Hnx1oP3x8dJWh78EEH6Jqrrow11Xr7tt52R82ZO9dXZZ084ZfIsZYGbd0Jaw9bV64aa0urZ0dXfb3+2qt1wP51ofDWvsdaGrQ98ujjNPrrb/xnd/9oIi0tPeIQa6Wmtsb+f62uWvquu+yslJSUWM00ffoMffTJJxo79gcfZi4qKoq0c0H9Rx9+UOuvt25kX8OVtvieNhyDbQQQQAABBBBAAAEEEEAAAQQQQACBthMgaNt2tvSMAAIIIIAAAggggAACCCCAAAIIrBQC1TWVqgjkK79iuuYW/ayiyvkWpnUVaOOtAm2yhZBSLUib/td7qg/Xuuq2gWoL6IYqVGWB2UqrSusq1bowbmpipjq7oG3mAA3stLZVu+3apIMLOrlzq0JVVjm33LdNS0xTSmKKhW6TLMhbF4JqspPlPFheXq6NNt3ch/QyMzPsJ9O/jFSDbEnXruqoC9W6xYWtcnNz/fp9Dzyom2+53a+f8K/jdJ6FJGP9pH2NhZYHrz3ct9t6qy312CMP+vXwn3DILC4+TuN/+kGpqXWVKsPHG77vPWp/jR8/we/+5MP31b9/v3pNwkHClgZtDzxgP113zVX1+ojemDVrlrbdYRe/a5+999QtN90QfVjh+Tf3s+/upOeef0GXXV4XKrz/3rutYuT2f7svd00LCgo1Yvgwvf7qS5F+oiv+RlfhjDRosHLGWefqnXff83tjBVUbNF9q8+8GbV3gcdfd9/IhP9fpO2+9ZuHRIZH+jzr2eH311deKt6DgPXfdLvdT9rGWb74do8OPPMYfuuC8c3TiCcfXa9bSoG1rjVdv8BgbyxK0jT7dVWR1laNvu/3OSIXfWN/H6HNirYfvj44StF1//fX08gvPxppqZJ8LW49cf2O/3b17N3395WeRY8sStN1ym+39s8yKj+vncWOVkZER6SfWyjnnXaA33nzbH3r04Qe0zdZb+fXWvsda+gw59/wL9fobb/k5xPpHBrE+w7Luc89rF5y95777/f3nzu/Ro7tGf/Fpi7pqre9piwajEQIIIIAAAggggAACCCCAAAIIIIBAqwgQtG0VRjpBAAEEEEAAAQQQQAABBBBAAAEEVl6BUE3AKtSWq7B8umYX/qCiijm+4my8Va9NTcpVRnJ3dUrrq/TkXAu9Jlv4Nt6CuDWqCJaqoGKBBXTnKb98nsqCJRa0lTKTO6tX1hrqkTVA3TP62nZOkziuCm5ZsEyLyhdpZvEMH/Ltk9VHeel5yk7J9tVum+yglQ7+68RTfEjPdXfm6afqDHu1ZCktLbWQ6c4+0OmCsGMspOt+ut4thxx2pK+06cJqP/0wxgciY/X5448/af+DDvWHmqpo6xq8YYHR4RYcbWxxIbAR622oysoqZWVl6vsxX/sKl9Htw0HCpoK2Lnw8cv2NLFgtxQr/Rvf3xZdf6ZjjTvC7YgUbWxqScx2siKDthImTtOfedZU3XeXO1155MXLNoj+XWx837kcdduTRCgSC/tCKDNpGhxUHD15T77/zZmR6lZWV2mDjzXw4fLttt9HDD94XOdZwJTrwHWv+LQnatuZ4DefXcPvvBm3D/bjqozvuuptqa2rVMHQabtPUe/j+6ChBW/f8+Hncd/bstfRrI0v0M2TbbbbWIw/dH2m5LEHbE04+VR9/XBcYffnF55qs0uoG2GOvfTVx0mSbmzTawr3du3Xz47b2PdbSZ8jDjz6m666/yc/h8ssu0VFHHu7X2+JPKBTS9jvuqtlz5vjuY/2jhqbGXd7vaVN9cwwBBBBAAAEEEEAAAQQQQAABBBBAoHUFCNq2rie9IYAAAggggAACCCCAAAIIIIAAAiudgA/ahkpUWDFD84rGqbhyng+7JifmKCetn4Vs3auv0pI6WdA20Qdtay19WVHtzpmvxWWztaBshlXCXWxVaSutXZZ6ZA6yoO1AC9r2s6Bu/aBtyFevrfQVbANWxbbCqtiWWEh3oQvaFtUFbXv7oG03q4abq/SkdCXauCkJKdZ3mq9y2xbIY7//wYKxR/hgqasY++rLz2vIWms1O9Qtt96ue++vq0C7ySYb67mnn4ics8XW22n+/AXN/gz7LbfdoXvve8Cf11zQ1oXoXKiysdBd9E+577nHbrr91psj8wmv/GPLbbRw4SL7mfRkTfj1p/Dupd533Hk3Xxm0Z88e+vyTD2NW43Un/fuKK/Xscy/48/feaw/devON9fpqaUjOnbQigrZunOhg9UYbbqCnn3xMSUlJ7lBkcZV6993/IB+iDu+MFVQNH2vs/e9UtH3hxZe9qwvzuRDjU088pn9stmlkiJkzZ2m7HeuqCI/ad2/ddMN1kWMNVw48+DD9YIFht8Savwv87bDzP/3xxkLVrTmeH6iJP40FbQsKCvTjTz/7M/v26SMXPm5s2X3PfTRp8u8+3D5x/E9Lhc0bO8/t72hBWzenC88/V64qdqzFPY+P+9dJ+vyLL/3ha676jw4+6MBI02UJ2rpqsK4qrFtcgPuhB+5t9Fnz4Uef6ORTT/PPzA03WF8vPv9MZEy30pr3WEufIXPmzNXW29VVdh45Yriee+bJJiuAv/veBxaiDyg7O0vbb7etn7/z/OzzL+xz1SozM1ObbLyR3x/rz3+vvlZPPPm0P+SeIe4eXVHf01jzYR8CCCCAAAIIIIAAAggggAACCCCAQNsIELRtG1d6RQABBBBAAAEEEEAAAQQQQAABBFYagWCozMKui6yS7XQtKvlN5YElFqxKUmZKb3XPXk/ZaX2UnJChBNvnwp2WPbIgbkjVNZWqrC5TSVW+lpTPscq2c+21wIeTclK7qXvmAPXvNEw5qXn1LMqtEu7i8gVabG2XWLi2JFCsShe4ra5QabDCn5+SmK40e2UkZykjKdO/uqZ1VV8L4Loqt221XHLp5XrhpZd99506dfJVIddbd2TM4Vw461b7iXpXQdFVznTVbF996XmNHDEi0v68Cy7Wa6+/4bdfe+WFesfCjd5+5125dsFgXcXU5oK27ryzzjhNp592SriLyPs3347RkUcfJ1fV1i0uZBYrJDbqgIP188+/+DZvvvayhg0b6tcb/jnjrHP1zrvv+d0333i99t1nr4ZNNOa7sTr8yGMiY64sQVtXsffAQw7XRKtu65bOnXO1xeb/0JZbbK78gkKNHv21xn7/vQJ2XY456kg9+lhdgDpWUHUplAY7liVoO2nyZD38yOOR743r6pijj9Rll1zUoFdpq2130Ny58/zP1r/71hvKyal/b7ig4DXX3aDHHn8ycm6s+btqtcPX3cDf264a85effWwh7JTIOeGV1hov3F9j740Fbd01cyHx0tIyX6359Vde0oAB/ZfqZtq06drJVbS1Z9Waa66hD959a6k2Te3oiEHb+Ph4Pfn4I/XC1uHPcNfd9+r2O+/2m+655SqrRn8XliVoW15RoZ133V3z5s33/TVW3dsZ77PfAf5auIZ33n6rdt9tV39O+E9r3mMtDdq6sU846RR9/Mlnfho77biD7r37jpjVxKMrPZ9y8ok69+wz/Tnuj3umueepW+68/Rb7bHVBdL/jrz9VVVXaZbc9NWvWbP/8/+bLz5WX11Wt9T197/0P9Ig9d9YespbOPvOMmFW3m2vjngH32D/i+N+HH2lnszj1lJMaDU5HfzbWEUAAAQQQQAABBBBAAAEEEEAAAQTqCxC0re/BFgIIIIAAAggggAACCCCAAAIIILDaCNTUBlRtIduq6gKVVy1QadVsFZXPUNBCr0lWzTY7bYC6Za9rgdsef5lYWU1bqmtcFdpChWqCilOCvVer3Krb5pfP05ySySq36rQpiRnKTeupPtlD1Dmtt9KTs60SbV1wr7iq0NpN09zSmZpfMtvOLVeiHUuIT/YVc2ssGBSwPqstzFtjAdbkxBR1SsmVq3K7Vu5a6pLW5a/5tP5bUVGxDj/qGE2YMNF37iqJ7rLzThYw3dsCfQOUZpVu//jzT02yn0p/7Y039eefU3y7hIQEXXrJhTrqiPo/U/7mW2/r7HMv8G1ycztp77329FUi+/Xtq59/+UXffDNGL778stZdd1399FelzqaCti406AJ3bg4uFLrdNtto00031uTJf1g1yy98uKysrMyPt8/ee+qWm27w6w3/XHjxpXr5ldf8bhesdCEy11+vXr00dJ21I82j5+8+4wnHH6utttrSh8lcFdQvvxqtp555VuvZ/N1P17tlZQnaurnOnz/fV6x11X1jLe76X3rxRVp//fW0n4WT3XLBeefoxBOOj9W80X3RQdvN/7GZRlilzejFBV1d5ePp06dr8u9/RB/SUUcerksuuiBmRdZLLrtCL7z4km+/xhqDtNceu8tVPE5MStS4cT/pg/99qK8sMLzeev///YoVtHUdbLP9Tpo9e87/97XnHho2dB0L+Q2Rq2jsltYcz3fYyJ/GgraueXQFUReyPeKwQ+UqSQ+2e8PN/9sxY3TTzbepqLjY9+7uAXcvLMvS0YK27pp+N/Z7/xFc1VVXaXbIkMH67rvvfeXVL0eP9mF/1+C6a67SgQfsV+/jLkvQ1p34hVXGPeb4E30f7h8QuPD51ltuqc2sWuuMGXbffzlaH33yiZYsyfdtXJj1/nvv8usN/7TWPbYsQdsFCxb4AGxJSamfzrojR2ibbbaykPJmVt02RVOmTNNLr7yiMWPG+uPu++3+wUHnzp0j03fB1JNPPcNvp6Wl+Wef+565f3hRWFio8b9N0I0332p9TfVtnLmzDy/L+z0tLi7xoXL3bHDLKSedoHPPOSvcvX9vSRt3/x91zP8/r5547GF/Pet1xAYCCCCAAAIIIIAAAggggAACCCCAQLMCBG2bJaIBAggggAACCCCAAAIIIIAAAgggsGoKBCxgW1Y51UK2c1UZXGKvQqtQW2Jh1zRlpPZVpr2y7JVioVsrgWehWqtmaxTlgXwtKvtdAatAm5HcVamJnSwMm6miqkWaumSsCirnW/MEXwU3M6WL8jL6qW/2/1e2La4q0OziKZpnQdsFZXOtx3irfttXnVKtr4R01dgopQEL7lbma37pPB+47Wzh2t5ZfTUkd4gFbbu26QVx1QhPOf1MHyZryUAupHXnbbdoA/vp9IZLKBTSVVdf58OoDY+FtwcNHKCXX3xeG2y8md+1tQVZH3vkwfBh/x4dMrv+mqutkuSBKioqqtcmesP1ce/ddyotLTV6d2R9xoyZ+ucee6mqKhDZ51YOOfhAXf3f/9Tbd9sdd+nue+6rty96o0/v3nrqiUe13Y67+N2xAr7R83/2qSeiT19q/bnnX9Bll1/p999/793aacft67VZlr422nRz+xn3Qo0YPkyvv1oXSK3XmW0sWLjQV3x1oeKFtu6qoOZkZ/vrefZZZ/iwaXRQcXmDtg3Hb2y7V6+euvD8c7XH7rs11sQH/k48+TR9/8O4Rtu4EPWhdl0Pswqdbmls/m+8+ZbOOe/Cpfq547abI3NwAcPWGm+pgaJ2NBW0LbTv/UUXX6YPP/o46gz/iPLXLrwzPT1d//3P5TGrMIfbNPbe0YK2rqrsEKtqeuoZZ0UCtbHm7qpcu2rXDZfo729jFWobnuO+Dxdf+u+lnhEN2+24w/a67ZYb5bwbW1rjHluW+97N49fx462y7al2T8cO0Yfn6p7f7pnUr1/f8C7/7qqC33HXPbrXqsGGK4S7Ay58754R4cVtH3fM0TrfAviJiYnh3Vre7+nsOXO07Q47R673/vvtqxuuuybSv1tpSZvXXn/TKqZfFDnvphuv0yj7hyMsCCCAAAIIIIAAAggggAACCCCAAALLJkDQdtm8aI0AAggggAACCCCAAAIIIIAAAgisMgKVwQUqKvvFwrYzVBUssEq25VatNmSh2c7KTh+stJReFpbNsZ/ETrCgUUA1VmHWYkZWzbZIS6zyba39l+MCuSndrWJtZxVXLtTvi7/U4rKZPiwrq3abYJVq8zIGaO28LayybS9fBbewcrEFbf/UIquAW2KB2rSkLA3IGaKu6T2VllgXtC2zqrgLyhZoWuEU3yY5IVndMrprsAVtu6V3V5JtJ1iYt60WF5B9+5139ejjT2j8+Akxh3GVEXfeaUddcfll6pRjYeQmlieffkZPP/Ocpk6dGglpJSUl6fDDDtFpp57sz19jraG+h+aCti4UtnjxEt162x165bXXVV1dHRm5R4/uPvR15BGH1Qt9RRpErYwf/5tciHbs9z8oXAX30EMO0lVXXhHVqm7V/fS4q446ceKkSOjMVbrcf9S+9nPrZynJKqhuuMnmvvHKFrSN/rDup+ArKirUqVOn6N36Ydw4HXhwXbXixoKq9U5osBFd0bbBIb/pAnrdu3VT9+7dNHDgAO1l1WRd5VtXvbi5JRAI6JrrbvDB0wULFkaad+6cKxe8POyQg30Q99DDj/LHmpq/+xn6+x54SH/88YcCgaBvf+ftt/iKx+GOW3O8cJ8N35sK2obbvvzKq3r8yaetouiUyFzdMXcPDB82TBdecK4GDRwYbr5M7x0xaHuGhW1/s0rb19q1HvPdd5HniPtgI61C8iknn7RUKD38of9O0NadO/n33/XwI4/pnXffWypwO3z4UF9NeD97BsS5tGkLl797jy1r0NZNZ9GixXrkscf10suv+lB69BS7dcvTMUcf5Z/B6VaxtrHlR6s07irXTpw4UeEKua5tdnaW1l57bV/p1lUYbmxZnu/pDTfdosefeFJ9rQL63XfcprXWGrzUMM21cd4ucDz666/tmfIPPfTAvUpJqasuv1Rn7EAAAQQQQAABBBBAAAEEEEAAAQQQaFSAoG2jNBxAAAEEEEAAAQQQQAABBBBAAAEEVm2BquB8C9r+ZEHb6Qr4oG2FQlaqLzmxqwVt11ZKcjdfmTZYU2FVbxf6IK6rPusCtLUWck21QG6n9P4WlO1igdokFVTM0u+LPreg7XQL2speLnyV4IO26+RtYxVru6vMh3Tn+oq2pcFiJcWn+v39ctZSbmqe9WN921nVNUEVVhZoVvEMC9zOs+q2i30Idw0L2vbK7GNtc238xsNR1kWrLX/88aem28+lz5o1W6WlperSxarr9u6lTTfZpNGKsY0N7s6fOGmyci3I6SooJicnN9a03v7GQmYuZDtt2nQtyc9Xnz691bNHDyUkLHsA2f0EuQtkdenSuclwZ7mFUCdY2C87K0v9+/dbbQJbL770iq/u6S7KTTdcq1H77lPv+nSUDVc51H0f3Pezd69eTV7LpuZca8+B/PwCJSQmNBkib63xmppLc8dcKN7dn0uW5GutwWsuFZJu7vyOerypcKyruv3Hn1MUsvvfhTDz8tq2yrd7NsyZO1fz5y/w976rtty5c+dWpWvLe8x9R+bOm6e5c+cpNTVVA/r3V05O9jLPf968+Zoxc6b69unj77Fl6eDvfk/d/2dkZmY2OVRrtWlyEA4igAACCCCAAAIIIIAAAggggAACq7kAQdvV/AvAx0cAAQQQQAABBBBAAAEEEEAAgdVXIFC9WKUVk1RRNdMq2i5WsLrEB1yTrIptRtpgC9p2t6Bemg/YFldY1dvqYsOKt2qymUpL7qGMlB7KSumpxIQ0C+gGlV82TVOXfKX8itlW/Tbezk22YxlWqba/BnXe2AK52RbGnadFZbM0t2SaghamdeHbvIy+6p21hvWVW+9ilAaKNa90joVyZ2h60RRfQbdfziD1yepv7fsqK3nZg1L1BliJNhoL2q5EH6FDTdWF3i68+DKrXluunOwcXXP1lY1W5XSh06OP/Ze+Gv21/wyvv/qiRgwf3qE+D5NZ9QSaCtquDJ+We2xluErMEQEEEEAAAQQQQAABBBBAAAEEEECgpQIEbVsqRTsEEEAAAQQQQAABBBBAAAEEEEBgFRMI1ZRZJdtFFrKdr8rAXFUFFipQvUSKS7IgbV+lpvRVekp/C81KxVb1tqq60ATirOJtjjJT+vlKtokJqXa8WhXBQhWUT9fswnEqseq3cXHJSk3qrFwL2eam91OXtL7WrsZCttO1sGyGFpbOsL7i1S1zoLpl9Pdh24zknHrCZcFSaz/PB22nFk5WZajSQrs91Cd7gNa0yradU9u2imO9ybTzBkHb1r8A//nv1Xrq6Wd9x8cdc5TOP+8cJSUl1RvIVYq8+dbbI+1GDB+m1199qV4bNhBoC4GVPWjrTLjH2uKbQZ8IIIAAAggggAACCCCAAAIIIIAAAu0hQNC2PdQZEwEEEEAAAQQQQAABBBBAAAEEEOgAArVWhTZUU2GVbPMtbDtXlVWzrbrtDAvEBpSY2NnCtv2Umb6OVabNVGUwX9WhCqsqK1/RNsMq2SZZtdpaC89WVhdZEHe2Ci1ou7hsigVyS62SbaayUntZkHaoctJ6KTUxyyrjVlq12zkWnp2pBaXTVFMTUpf0PupqFW27ZQ5QRlJuVFXRWrmKtvNLXfXbmZpVPE3VtSF1z+yrXlbRtn/2QOU0qIDbAUjbbAoEbVufdvacOdp1t72sqm2F7zw5OUlDhw7VuiNHKCUlRbNnz9Hor79RUVGRPz5o0EA9dP+9GjCgf+tPhh4RaCCwKgRtuccaXFQ2EUAAAQQQQAABBBBAAAEEEEAAAQRWWgGCtivtpWPiCCCAAAIIIIAAAggggAACCCCAwPIK1FhQNmRh2zIFg4utqu0MlZX/9ldV22QlJ3VXZto6Sk7uZWHbDF+l1o0YH5eohPhUq20bp5CFcsuq5mtx6W8qqpil8kCBhXHjLKTb1QK2Vqk2cx2rfttdCXZOjY0VsLBuQcVczSr6zYK0+UqyfnLTeqp39jrKSe1ufSfYOLJ51aqwcrGmF07S/LLZKqoskKt4u1aXkephYdv0pAw7N3l5AVaa8wnats2lmjV7ti68+FKNGTO2yQG23mpL3Xn7LcrKymqyHQcRaC2BVSFo6yy4x1rrG0E/CCCAAAIIIIAAAggggAACCCCAAALtKUDQtj31GRsBBBBAAAEEEEAAAQQQQAABBBDoAAI1NZUKhYqsou00C9qOU1VgrmpsXgkJOUpJ7m+v3ha67WFVarMsBJvoZ+yCsKHaKqtSW6bSqnkqKPvd3hcqWGPVcOPT5SredkofqC4ZayvdQrfRS1HlAgva/qL88jm+ym1aUo56ZK2p7JRudq6FZy1pG6qp9kHbmUV/+veQVc7tmt5Lw/I2Vl5G7+juVov1Sy67QtXVQa0xaJBOPOH41eIzr6gP6b7L773/P/3y66+aMmWq/pwyRUlJSRo2dB2rcLuOvQ/VpptsbPdDwoqaEuMgoFmzZumue+7zEjvtuKN22nH7lVaFe2ylvXRMHAEEEEAAAQQQQAABBBBAAAEEEEDgLwGCtnwVEEAAAQQQQAABBBBAAAEEEEAAgdVcoNaq0taESixgO11lZWPtfY4FbWtNJUlxFppNSOikxMQ8C9rmKD4h3fYnWHXaoFW+LVNlcIm9ClQRLLLQbIWFb2t8IDcztY9VtB2o3IzBSkvqUk+4pGqR5hVP1JLyGSqpWmwj1VqF2s5KtcBtSmKGr4hbVV1uFW+LLWSbb+Hdar+/W0Y/Demyvrqk96zXHxsIIIAAAggggAACCCCAAAIIIIAAAggggAACCCCAQFsJELRtK1n6RQABBBBAAAEEEEAAAQQQQAABBFYSgVoLzdbWlCkQmKFyC9oGgha0tcCsC9u6d8WlKD7ehWwz7T3d9sb7irPBULkP2QZDldZOCtkRV4k2KTFbman9lW1B25y0NSxAm1tPoiJYqCVlM1RQOUdFlfPlQrWyPuPiEhRvFXNdxDdYE1K1vUI1NUqIT7GquJ18Rdu+OUOUk1I/uFuvczYQQAABBBBAAAEEEEAAAQQQQAABBBBAAAEEEEAAgVYUIGjbiph0hQACCCCAAAIIIIAAAggggAACCKyMAj5oW1uh6sBMVZaPU/CvoG2oNuQr19YozsKvSRa4dSHYRAvgyvbXhWqra4K2biHZ+FQftnXh20QL5GamDVJW6kBlpQ2warSd6rG4YK4L25ZbJdyyYL69F6sqWKaK6hJfGdeFdpMTs+y8LKVZaDfVvZIylWFh25yUrrbtquqyIIAAAggggAACCCCAAAIIIIAAAggggAACCCCAAAJtL0DQtu2NGQEBBBBAAAEEEEAAAQQQQAABBBDo2AIWqK2trVKoeqECVZPsfbEP0tbUVtt7UKHagFWWrbCXtfHBWlftNt6Ct8lWhTbDqtxmKiEh2wdtA6FiJcSlKt0q2qan9FZacnclJWTU+/w1Nl6oJmBVayusmm2ZKn3AtlilVfkqqppvc6mxCrZ5ykzuYq/OPmiblJCqZPdKTLX+E+v1xwYCCCCAAAIIIIAAAggggAACCCCAAAIIIIAAAggg0FYCBG3bSpZ+EUAAAQQQQAABBBBAAAEEEEAAgZVGwErIWri1prZMNdX5qrEArKVorXptjYVeXSi2WIHAXAUtiFtdXWDB26AdS1ZCYhclJ/VXUpKFaa1qrfWiQHWRnZmglKSuti9HCfEpim8QjK21li5M6/u2MK8L7/oqt9XFKqlaaPtrLWibq7SkHKVYddxE30e8BXoTLN6bYOHeuJVGlokigAACCCCAAAIIIIAAAggggAACCCCAAAIIIIDAyi1A0Hblvn7MHgEEEEAAAQQQQAABBBBAAAEEEGg9gb8q27qAbZxFWl1wVrYeChVa0HamgsE59lpgwdhKy+GmKjGph1JT1lZyck8lJmT51tVWodYtiYlW6dYq3rZkcVVzA6EKC+mW+Qq3LkibaiHbZKuEmxifbP0ktKQb2iCAAAIIIIAAAggggAACCCCAAAIIIIAAAggggAACrS5A0LbVSekQAQQQQAABBBBAAAEEEEAAAQQQWFkF6irbuoqz0UtNTZlC1Yusmu0C/wpZxds4C9omJOYpJWVNC9V2te1Eq4rr/lftT41Tou2Lj+6m0fVgqFzlAeu/psqq1qYoKT5NyYl1lWxdH3H2HwsCCCCAAAIIIIAAAggggAACCCCAAAIIIIAAAggg0B4CBG3bQ50xEUAAAQQQQAABBBBAAAEEEEAAgZVIoLY2oJqaEtWEiixwm6+a2iqraJushIRsC9l2t3BsmmqtKq2rfmsH7OVCtsn2aqoSrdXNra226rgVqgoWq8yCtm5JT+6mFKtmmxifapVsLbzLggACCCCAAAIIIIAAAggggAACCCCAAAIIIIAAAgi0owBB23bEZ2gEEEAAAQQQQAABBBBAAAEEEEBg5RCosSBttQ/TutCtakOWp3XVaq3arL3X1gQsMFtox+2YC9nGpysxoYsP4Mb+fFYzt7ZWwVCxVbKdp4pgvoLV5XZOpjqlD1JqUhcf0qWSbWw99iKAAAIIIIAAAggggAACCCCAAAIIIIAAAggggMCKEyBou+KsGQkBBBBAAAEEEEAAAQQQQAABBBBYpQTqKt2WWaXbfFUH51jV2wrL3lol2vhOSkrqYe9Z9nldhVvL5tp/LqBbq5C1C1owt8qCtiU+ZFtt61KCUhJzlZXW395z/Dn8QQABBBBAAAEEEEAAAQQQQAABBBBAAAEEEEAAAQTaW4CgbXtfAcZHAAEEEEAAAQQQQAABBBBAAAEEVlKB2ppKC80W+JBtoOp3Wy+1arY5SkjsosREF7TNVm1coq9e6yri1tRWWcC2wqrXlqjKqtjWWPA2ISHL2uYqJamrkhMtoJuQrvi4pJVUhGkjgAACCCCAAAIIIIAAAggggAACCCCAAAIIIIDAqiZA0HZVu6J8HgQQQAABBBBAAAEEEEAAAQQQQGAFCdTWWtA2VGRB29kKVk2yoG254hM62yvXh2wVl2oVbON9Ndu6oK0L2wZUHapQoLrYit0mKjmpm4Vs85Rq74kJGSto5gyDAAIIIIAAAggggAACCCCAAAIIIIAAAggggAACCLRMgKBty5xohQACCCCAAAIIIIAAAggggAACCCDQQMCFZ+vCtotVHZhu6wEL2XZVXFyKBWqDqq0JqkbWxv6TBW5dsFZxyf54nFIsjPvXy9on2HqcO86CAAIIIIAAAggggAACCCCAAAIIIIAAAggggAACCHQgAYK2HehiMBUEEEAAAQQQQAABBBBAAAEEEEBg5RKosXCtBWpDhQpVz7H1agva5tlHiFfIKt2GQmUWtK3yQds4JSkuPtVemUpIyFFSQicL2qatXB+X2SKAAAIIIIAAAggggAACCCCAAAIIIIAAAggggMBqJ0DQdrW75HxgBBBAAAEEEEAAAQQQQAABBBBAAAEEEEAAAQQQQAABBBBAAAEEEEAAAQQQQAABBBBAAIGWCBC0bYkSbRBAAAEEEEAAAQQQQAABBBBAAAEEEEAAAQQQQAABBBBAAAEEEEAAAQQQQAABBBBAAAEEVjsBgrar3SXnAyOAAAIIIIAAAggggAACCCCAAAIIIIAAAggggAACCCCAAAIIIIAAAggggAACCCCAAAIItESAoG1LlGiDAAIIIIAAAggggAACCCCAAAIIIIAAAggggAACCCCAAAIIIIAAAggggAACCCCAAAIIILDaCRC0Xe0uOR8YAQQQQAABBBBAAAEEEEAAAQQQQAABBBBAAAEEEEAAAQQQQAABBBBAAAEEEEAAAQQQQKAlAgRtW6JEGwQQQAABBBBAAAEEEEAAAQQQQAABBBBAAAEEEEAAAQQQQAABBBBAAAEEEEAAAQQQQACB1U6AoO1qd8n5wAgggAACCCCAAAIIIIAAAggggAACCCCAAAIIIIAAAggggAACCCCAAAIIIIAAAggggAACLREgaNsSJdoggAACCCCAAAIIIIAAAggggAACCCCAAAIIIIAAAggggAACCCCAAAIIIIAAAggggAACCKx2AgRtV7tLzgdGAAEEEEAAAQQQQAABBBBAAAEEEEAAAQQQQAABBBBAAAEEEEAAAQQQQAABBBBAAAEEEGiJAEHblijRBgEEEEAAAQQQQAABBBBAAAEEEEAAAQQQQAABBBBAAAEEEEAAAQQQQAABBBBAAAEEEEBgtRMgaLvaXXI+MAIIIIAAAggggAACCCCAAAIIIIAAAggggAACCCCAAAIIIIAAAggggAACCCCAAAIIIIBASwQI2rZEiTYIIIAAAggggAACCCCAAAIIIIAAAggggAACCCCAAAIIIIAAAggggAACCCCAAAIIIIAAAqudAEHb1e6S84ERQAABBBBAAAEEEEAAAQQQQAABBBBAAAEEEEAAAQQQQAABBBBAAAEEEEAAAQQQQAABBFoiQNC2JUq0QQABBBBAAAEEEEAAAQQQQAABBBBAAAEEEEAAAQQQQAABBBBAAAEEEEAAAQQQQAABBBBY7QQI2q52l5wPjAACCCCAAAIIIIAAAggggAACCCCAAAIIIIAAAggggAACCCCAAAIIIIAAAggggAACCCDQEgGCti1Rog0CCCCAAAIIIIAAAggggAACCCCAAAIIIIAAAggggAACCCCAAAIIIIAAAggggAACCCCAwGonQNB2tbvkfGAEEEAAAQQQQAABBBBAAAEEEEAAAQQQQAABBBBAAAEEEEAAAQQQQAABBBBAAAEEEEAAgZYIELRtiRJtEEAAAQQQQAABBBBAAAEEEEAAAQQQQAABBBBAAAEEEEAAAQQQQAABBBBAAAEEEEAAAQRWOwGCtqvdJecDI4AAAggggAACCCCAAAIIIPB/7Nx9kCRlfcDx3+zs7szuHgfcQRkKMUp8AyMYBDRKmVhAWYmlRgWUIGAMVCnBQyQYQBQNKr4AKdTIyWthYkVFRYhvENSKHhFfIIaSmOiVZ7SEI3o5OO5u32fSvbOzbO/N7nYvil73pylupnuenp7n8+yf33oIECBAgAABAgQIECBAgAABAgQIECBAgAABAgQIECCQR0Bom0fJGAIECBAgQIAAAQIECBAgQIAAAQIECBAgQIAAAQIECBAgQIAAAQIECBAgQIAAgcoJCG0rt+QmTIAAAQIECBAgQIAAAQIECBAgQIAAAQIECBAgQIAAAQIECBAgQIAAAQIECBAgkEdAaJtHyRgCBAgQIECAAAECBAgQIECAAAECBAgQIECAAAECBAgQIECAAAECBAgQIECAAIHKCQhtK7fkJkyAAAECBAgQIECAAAECBAgQIECAAAECBAgQIECAAAECBAgQIECAAAECBAgQIJBHQGibR8kYAgQIECBAgAABAgQIECBAgAABAgQIECBAgAABAgQIECBAgAABAgQIECBAgACBygkIbSu35CZMgAABAgQIECBAgAABAgQIECBAgAABAgQIECBAgAABAgQIECBAgAABAgQIECCQR0Bom0fJGAIECBAgQIAAAQIECBAgQIAAAQIECBAgQIAAAQIECBAgQIAAAQIECBAgQIAAgcoJCG0rt+QmTIAAAQIECBAgQIAAAQIECBAgQIAAAQIECBAgQIAAAQIECBAgQIAAAQIECBAgkEdAaJtHyRgCBAgQIECAAAECBAgQIECAAAECBAgQIECAAAECBAgQIECAAAECBAgQIECAAIHKCQhtK7fkJkyAAAECBAgQIECAAAECBAgQIECAAAECBAgQIECAAAECBAgQIECAAAECBAgQIJBHQGibR8kYAgQIECBAgAABAgQIECBAgAABAgQIECBAgAABAgQIECBAgAABAgQIECBAgACBygkIbSu35CZMgAABAgQIECBAgAABAgQIECBAgAABAgQIECBAgAABAgQIECBAgAABAgQIECCQR0Bom0fJGAIECBAgQIAAAQIECBAgQIAAAQIECBAgQIAAAQIECBAgQIAAAQIECBAgQIAAgcoJCG0rt+QmTIAAAQIECBAgQIAAAQIECBAgQIAAAQIECBAgQIAAAQIECBAgQIAAAQIECBAgkEdAaJtHyRgCBAgQIECAAAECBAgQIECAAAECBAgQIECAAAECBAgQIECAAAECBAgQIECAAIHKCQhtK7fkJkyAAAECBAgQIECAAAECBAgQIECAAAECBAgQIECAAAECBAgQIECAAAECBAgQIJBHQGibR8kYAgQIECBAgAABAgQIECBAgAABAgQIECBAgAABAgQIECBAgAABAgQIECBAgACBygkIbSu35CZMgAABAgQIECBAgAABAgQIECBAgAABAgQIECBAgAABAgQIECBAgAABAgQIECCQR0Bom0fJGAIECBAgQIAAAQIECBAgQIAAAQIECBAgQIAAAQIECBAgQIAAAQIECBAgQIAAgcoJCG0rt+QmTIAAAQIECBAgQIAAAQIECBAgQIAAAQIECBAgQIAAAQIECBAgQIAAAQIECBAgkEdAaJtHyRgCBAgQIECAAAECBAgQIECAAAECBAgQIECAAAECBAgQIECAAAECBAgQIECAAIHKCQhtK7fkJkyAAAECBAgQIECAAAECBAgQIECAAAECBAgQIECAAAECBAgQIECAAAECBAgQIJBHQGibR8kYAgQIECBAgAABAgQIECBAgAABAgQIECBAgAABAgQIECBAgAABAgQIECBAgACBygkIbSu35CZMgAABAgQIECBAgAABAgQIECBAgAABAgQIECBAgAABAgQIECBAgAABAgQIECCQR0Bom0fJGAIECBAgQIAAAQIECBAgQIAAAQIECBAgQIAAAQIECBAgQIAAAQIECBAgQIAAgcoJCG0rt+QmTIAAAQIECBAgQIAAAQIECBAgQIAAAQIECBAgQIAAAQIECBAgQIAAAQIECBAgkEdAaJtHyRgCBAgQIECAAAECBAgQIECAAAECBAgQIECAAAECBAgQIECAAAECBAgQIECAAIHKCQhtK7fkJkyAAAECBAgQIECAAAECBAgQIECAAAECBAgQIECAAAECBAgQIECAAAECBAgQIJBHQGibR8kYAgQIECBAgAABAgQIECBAgAABAgQIECBAgAABAgQIECBAgAABAgQIECBAgACBygkIbSu35CZMgAABAgQIECBAgAABAgQIECBAgAABAgQIECBAgAABAgQIECBAgAABAgQIECCQR0Bom0fJGAIECBAgQIAAAQIECBAgQIAAAQIECBAgQIAAAQIECBAgQIAAAQIECBAgQIAAgcoJCG0rt+QmTIAAAQIECBAgQIAAAQIECBAgQIAAAQIECBAgQIAAAQIECBAgQIAAAQIECBAgkEdAaJtHqWRjfnz/VNx292TctbEVmx6IeHBHRKuVneRgf8R+a/qyFwucjU+2Y/PWdoE7skOLPv+qM8azX+CMAAECBAgQIECAAAECBAgQIECAAAECBAgQIECAAAECBAgQIECAAAECBAgQmBGo9dWiv16PwYH+aAwORD1578gnILTN51SKUWlgu/6L43H79/JNp2jsuvBbH8vYVmi7UN85AQIECBAgQIAAAQIECBAgQIAAAQIECBAgQIAAAQIECBAgQIAAAQIECBDoLdBoDMTIUFNw25snc1Vom+Eo78mn/nUs3v/Z6V12rl1uxrtLbCu0XW4lfU6AAAECBAgQIECAAAECBAgQIECAAAECBAgQIECAAAECBAgQIECAAAECBLICq0aGY6g5mL3oLCMgtM1wlPPkulvH4sOfn17x5HaH2FZou+LldSMBAgQIECBAgAABAgQIECBAgAABAgQIECBAgAABAgQIECBAgAABAgQIVFhgZLgZw8nuto7eAkLb3i6luXrTHWPxsa+2Y3yyHZu3tlc8r9/22FZou+KldSMBAgQIECBAgAABAgQIECBAgAABAgQIECBAgAABAgQIECBAgAABAgQIVFzAzraL/wEIbRe32e0/2bR5Ks65ZjLas31tmWNboe1u/+dqAgQIECBAgAABAgQIECBAgAABAgQIECBAgAABAgQIECBAgAABAgQIECDwGxRYs9ceUa/Xf4O/4Lfz0ULb3851+ZX8qov/aWfcvbGW+a6yxrZC28wyOyFAgAABAgQIECBAgAABAgQIECBAgAABAgQIECBAgAABAgQIECBAgAABAoUEGo2BWL1qpNA9VRgstC3pKqe72b756smesytjbCu07bnULhIgQIAAAQIECBAgQIAAAQIECBAgQIAAAQIECBAgQIAAAQIECBAgQIAAgdwCdrXdlUpou6tJKa5cf9tY3PKt9qJzKVtsK7RddKl9QIAAAQIECBAgQIAAAQIECBAgQIAAAQIECBAgQIAAAQIECBAgQIAAAQIEcgmMDDdjeKiZa2xVBgltS7rSb7l2Z/zovtqSs1sY2w43arFmj+w96ZhfPNQ72B3sj9hvTV+sXV2LZz6xLx7c3o4f/KwV47030t3lt3Sfv/8+tUj/S4+lnrfwC7rPT68LbRfqOCdAgAABAgQIECBAgAABAgQIECBAgAABAgQIECBAgAABAgQIECBAgAABAsUEBgb6Y6/Vq4rdVPLRQtuSLvDJl+6M7aPZaLbXVLux6/MPrsdFJzVinySanX/cvXE6TrtibP6luffP+N2+ePepjXjCvn1z16amI777o+m4/LMTMZm8X+5In/vXrxycG3bhx8bji9+Zmjtf7k03thXaLiflcwIECBAgQIAAAQIECBAgQIAAAQIECBAgQIAAAQIECBAgQIAAAQIECBAgsLRAra8W++y959KDKvap0LakC/6Kd41Gu/dGtJkZN5PG9ZSjB+JPDk+2p+1xLBba7r+2FjecM7TLDrjdr9hwbye2Xeon7L2qFh98QyNWNTtx79fumY5zru4d9Xa/t9drGtv+84U5t9Ht9QWuESBAgAABAgQIECBAgAABAgQIECBAgAABAgQIECBAgAABAgQIECBAgAABAjMC+67di8Q8AaHtPIwyvX35xaPLTuegA/rirJcNxuP2zu5iO//GxULb685uxrMOrM8Mvfd/WvHeT43Hocl5+n3JztEzx99/fiJu//fFt7V966sH4/CndL5j2852vDKJg7c8vFSaO/+XZd/f+g6hbVbEGQECBAgQIECAAAECBAgQIECAAAECBAgQIECAAAECBAgQIECAAAECBAgQKC4gtM2aCW2zHqU5Wy60fclz+uMvjh2I2uKN7YxFr9B2IGlj77hsJPo7jWy87u/G4ns/no50Z9mLT27EsYd1Stuv/sd0fOiWiZ6mLzy0HutemmynO3tcflMa5U7F5q1C266JVwIECBAgQIAAAQIECBAgQIAAAQIECBAgQIAAAQIECBAgQIAAAQIECBAg8FgLCG2z4kLbrEdpzpYLbc89bjCed9BsKZvMemIqIo1qn/v0R66lGL1C23Qn3I+/ZWjGqpV0sUe+aUe0WjOn8fLn9cfbTmzMnPzkgVacfdV454N5/67doxZXvL4RI81O5fvNH0zH+z/dCXLHJ9srim3taDsP2FsCBAgQIECAAAECBAgQIECAAAECBAgQIECAAAECBAgQIECAAAECBAgQILBCAaFtFk5om/UozVmR0PZH97Xiis9NxNrVtXjnazqRbBeiV2j7p0f0x7tO6YzbOdaOo87d2R0e6U61l53WnDmfmo44/j2jc59137ztxME47MmdoHfbznasWz8eD+14ZCfblcS2QtuurlcCBAgQIECAAAECBAgQIECAAAECBAgQIECAAAECBAgQIECAAAECBAgQILByAaFt1k5om/Uozdlzz94R+63pW3Q+6Y62z3laPT759cn4zIapSHemPeRJfblC20OTcde/ubOjbfqAYy/YGVse7oSyrz12INa9dHDmuT/f0o4zPzKW+Q1HP6seZ76k83n6waWfmYg7/jMpchccRWNboe0CQKcECBAgQIAAAQIECBAgQIAAAQIECBAgQIAAAQIECBAgQIAAAQIECBAgQGAFAkLbLJrQNutRmrPD3rgjBvtj0dj2hBf0x3d+2IpNm1tzc84b2jaTTnbDB0aib7bjPfPKsfi32Vj2ktc24kXPTh6cHLfdPRVXfmFy7vv3SXbMveL1jRhu1GaupYFtGtoudhSJbYW2iym6ToAAAQIECBAgQIAAAQIECBAgQIAAAQIECBAgQIAAAQIECBAgQIAAAQIE8gsIbbNWQtusR2nO0tA2PZaKbRdOtldo+/2ftOKUy0YXDo1PnDcUT92/U9p+497pOP/68Thg31pcta4Zewx1Qto0ov30hsm52PeikxrxrAM79zy0ox3r1o/Htp2dnXB3ecDshbyxrdB2MUHXCRAgQIAAAQIECBAgQIAAAQIECBAgQIAAAQIECBAgQIAAAQIECBAgQIBAfgGhbdZKaJv1KM1ZN7RNJ5Q3tu0V2t7701ace81YbN6aDWIPOqAvrnnTUAwlu9umRyvZGLe7w216ftfG6Tjjw2MxOd15/inHDMYZLx5IP5o53nfjRNz5X8mHs8e+e9Yiff4hT6zHjvF23LOpFWnku32sHXliW6FtV9IrAQIECBAgQIAAAQIECBAgQIAAAQIECBAgQIAAAQIECBAgQIAAAQIECBBYuYDQNmsntM16lOZsfmibTipPbLtYaHvhDeM9Y9cX/H493ve6ZjQe6Wdn/Dbe14rTrxiLh2Z3q91vTS1uvGAohhudnW43JDvgXvbZiTnrPz6kHme9bLbYnbsasTMJbs9Ldsr92S+Wj22FtvPgvCVAgAABAgQIECBAgAABAgQIECBAgAABAgQIECBAgAABAgQIECBAgAABAisUENpm4YS2WY/SnC0MbdOJLRfbLhXapvf32lk2/c5DD6zHEU+tx5Zt7fj2D6dj0+Zke9vZo5a0tR/5q2Y852n1mSsP7mjHuivH4+HRzg65z3xiX1x0UiPqfZ0bHtzejuZgLfm/c/6Lh9rxluvGI73e6/mzjwmhbVfCKwECBAgQIECAAAECcS237AAADQ1JREFUBAgQIECAAAECBAgQIECAAAECBAgQIECAAAECBAgQWLmA0DZrJ7TNepTmrFdom05uqdh2udA2vX+p2DX9fOFx3FH9ccGrGnOX/+a6sfjhzzuRbXrxstMbceDvdCrbdKfby5OdboebtfjAXzYi3Qk3PT73zam44fbJmfeLPV9oO8PjHwIECBAgQIAAAQIECBAgQIAAAQIECBAgQIAAAQIECBAgQIAAAQIECBAg8KgEhLZZPqFt1qM0Z4uFtukEF4tt84S26f2Lxa7pZ/OP/dfW4pPnD8VwoxPMfum7U/HWG8bnnt+fbHL7ifOG5nazPeea8fjx/Z3dcP/sD/vj1GMGZr7unk2tuOgfx+e+utfzhbZzPN4QIECAAAECBAgQIECAAAECBAgQIECAAAECBAgQIECAAAECBAgQIECAAIEVCwhts3RC26xHac6WCm3TSfaKbfOGtun9vWLX9Hr3qCVt7Uff2IzDn5LUtMnxy23tOO7do7FtZ2c32/T5Rz2jPy497ZHdbl91yWhMTHW+4dnJfRe+enDmZPtoO06+dKzzwey/C58vtM3wOCFAgAABAgQIECBAgAABAgQIECBAgAABAgQIECBAgAABAgQIECBAgAABAisSENpm2YS2WY/SnC0X2qYTXRjbFglt0/sXxq7pte5xwgsG4rzjO6Fseu1NHx2Lr39/uvvxzOsLD6nHZac3Z96n+W0a2k7OhrZ/8Hv1ePufd+5vJx++6r2PfNb9kvnPF9p2VbwSIECAAAECBAgQIECAAAECBAgQIECAAAECBAgQIECAAAECBAgQIECAAIGVCwhts3ZC26xHac7yhLbpZOfHtkVD2/T++bFrep4ej9+nLz55/lAMzXa2n//2VLz9H8Y7H87793F71+JLfzs8d+Xca8Zj4/2tmfOXP68/Tjl6YOb9z7e048yPZHe07d7Ufb7QtivilQABAgQIECBAgAABAgQIECBAgAABAgQIECBAgAABAgQIECBAgAABAgQIrFxAaJu1E9pmPUpzlje0TSfcjW1XEtqm93dj1/R9rRZx9bpmHPbkenoa//tgO45/z2g8PJruWbvr8ZVLhmPvVclNyXHlFybjtrs7W9qe84rBOOoZne/4RrIT7uU3Tex68+yV9Pk3nLX454ve6AMCBAgQIECAAAECBAgQIECAAAECBAgQIECAAAECBAgQIECAAAECBAgQIEAgIyC0zXCE0DbrUZqzw8/aEa3O5rC55pTGti96dn+88zWNzPh7f9qKC2/YdTfazKDkpBvbnvhHA3HucbNb2SbX160fiw33Ti8cPnd+8cmNePGRycOTY+v2dlx762SsXV2LU48ZiL5OfxsfvHkivnbP4t+R3nvVGcv/xnScgwABAgQIECBAgAABAgQIECBAgAABAgQIECBAgAABAgQIECBAgAABAgQIEFhcQGibtRHaZj1Kc3bMBTvi/x4uNp3nH1yPD72hmbkpb2ib3rR2j4gPnzEUzdnO9pY7p+IdH186gB1Kxl579lA8/fF9med2T75811R89IuT3dNFX4W2i9L4gAABAgQIECBAgAABAgQIECBAgAABAgQIECBAgAABAgQIECBAgAABAgQI5BKoJTtk7rP3nrnGVmWQ0LakK336FTviro3FJnfk0+qx/syVhba1ZPfZd5/aiIMO6ASzD2xtx/GXjMb20fayP2LfPWtx/gmNOOKpfTHS7Gxj+8tt7fjWf0/HdckOt63lv8KOtssqG0CAAAECBAgQIECAAAECBAgQIECAAAECBAgQIECAAAECBAgQIECAAAECBJYWGBjoj71Wr1p6UMU+FdqWdMHXf2E0rvpya0WzG+yP2G9N7x1m83zh+GQ7NiehbdGjL3nkwU/oi7FkE9zJ6WJ329G2mJfRBAgQIECAAAECBAgQIECAAAECBAgQIECAAAECBAgQIECAAAECBAgQIEBgocDIcDOGh7Ibdi4cU7VzoW1JV3zT/VPxyvckxeoKj99UbNv9uUWfL7TtynklQIAAAQIECBAgQIAAAQIECBAgQIAAAQIECBAgQIAAAQIECBAgQIAAAQIrE1iz1x5Rr9dXdnNJ7xLalnRh02m98+M74+Y7i+8s2yUpGrt27+u+rnRn2+79RZ4vtO2qeSVAgAABAgQIECBAgAABAgQIECBAgAABAgQIECBAgAABAgQIECBAgAABAsUFGo2BWL1qpPiNJb9DaFviBd60eSreuH4i7ttS/thWaFviP2RTI0CAAAECBAgQIECAAAECBAgQIECAAAECBAgQIECAAAECBAgQIECAAIFfu4DdbHsTC217u5Tm6k13jMXVt7Zi89Zyx7ZC29L8yZoIAQIECBAgQIAAAQIECBAgQIAAAQIECBAgQIAAAQIECBAgQIAAAQIECDzGAqtGhmOoOfgYP3X3eJzQdvdYp0f1K6+/bSxu3FDu2FZo+6j+RNxMgAABAgQIECBAgAABAgQIECBAgAABAgQIECBAgAABAgQIECBAgAABAhUVGBluxvBQs6KzX37aQtvljUoxIt3Z9tp/acV9W8q5s63QthR/piZBgAABAgQIECBAgAABAgQIECBAgAABAgQIECBAgAABAgQIECBAgAABAo+hgJ1sl8cW2i5vVJoRmzZPxce+MhE331m+2FZoW5o/UxMhQIAAAQIECBAgQIAAAQIECBAgQIAAAQIECBAgQIAAAQIECBAgQIAAgV+zQKMxECPJLrb1ev3X/KTd/+uFtrv/Ghaewab7p+LWuyfjro2t2PRAxIM7Ilqt/F8z2B+x35q+/DcsGDk+2Y7NW3+1sa/QdgGyUwIECBAgQIAAAQIECBAgQIAAAQIECBAgQIAAAQIECBAgQIAAAQIECBAgMCtQ66tFfxLVDg70R2NwQGBb4C9DaFsAy1ACBAgQIECAAAECBAgQIECAAAECBAgQIECAAAECBAgQIECAAAECBAgQIECAAIHqCAhtq7PWZkqAAAECBAgQIECAAAECBAgQIECAAAECBAgQIECAAAECBAgQIECAAAECBAgQIFBAQGhbAMtQAgQIECBAgAABAgQIECBAgAABAgQIECBAgAABAgQIECBAgAABAgQIECBAgACB6ggIbauz1mZKgAABAgQIECBAgAABAgQIECBAgAABAgQIECBAgAABAgQIECBAgAABAgQIECBQQEBoWwDLUAIECBAgQIAAAQIECBAgQIAAAQIECBAgQIAAAQIECBAgQIAAAQIECBAgQIAAgeoICG2rs9ZmSoAAAQIECBAgQIAAAQIECBAgQIAAAQIECBAgQIAAAQIECBAgQIAAAQIECBAgUEBAaFsAy1ACBAgQIECAAAECBAgQIECAAAECBAgQIECAAAECBAgQIECAAAECBAgQIECAAIHqCAhtq7PWZkqAAAECBAgQIECAAAECBAgQIECAAAECBAgQIECAAAECBAgQIECAAAECBAgQIFBAQGhbAMtQAgQIECBAgAABAgQIECBAgAABAgQIECBAgAABAgQIECBAgAABAgQIECBAgACB6ggIbauz1mZKgAABAgQIECBAgAABAgQIECBAgAABAgQIECBAgAABAgQIECBAgAABAgQIECBQQEBoWwDLUAIECBAgQIAAAQIECBAgQIAAAQIECBAgQIAAAQIECBAgQIAAAQIECBAgQIAAgeoICG2rs9ZmSoAAAQIECBAgQIAAAQIECBAgQIAAAQIECBAgQIAAAQIECBAgQIAAAQIECBAgUEBAaFsAy1ACBAgQIECAAAECBAgQIECAAAECBAgQIECAAAECBAgQIECAAAECBAgQIECAAIHqCAhtq7PWZkqAAAECBAgQIECAAAECBAgQIECAAAECBAgQIECAAAECBAgQIECAAAECBAgQIFBAQGhbAMtQAgQIECBAgAABAgQIECBAgAABAgQIECBAgAABAgQIECBAgAABAgQIECBAgACB6ggIbauz1mZKgAABAgQIECBAgAABAgQIECBAgAABAgQIECBAgAABAgQIECBAgAABAgQIECBQQEBoWwDLUAIECBAgQIAAAQIECBAgQIAAAQIECBAgQIAAAQIECBAgQIAAAQIECBAgQIAAgeoICG2rs9ZmSoAAAQIECBAgQIAAAQIECBAgQIAAAQIECBAgQIAAAQIECBAgQIAAAQIECBAgUEBAaFsAy1ACBAgQIECAAAECBAgQIECAAAECBAgQIECAAAECBAgQIECAAAECBAgQIECAAIHqCAhtq7PWZkqAAAECBAgQIECAAAECBAgQIECAAAECBAgQIECAAAECBAgQIECAAAECBAgQIFBAQGhbAMtQAgQIECBAgAABAgQIECBAgAABAgQIECBAgAABAgQIECBAgAABAgQIECBAgACB6ggIbauz1mZKgAABAgQIECBAgAABAgQIECBAgAABAgQIECBAgAABAgQIECBAgAABAgQIECBQQOD/AQAA///oHzJqAABAAElEQVTsnQe4FTXax1/srnUta3dVbIg0kd6LKALSBewiCvaKBQt2RBQLIkhRsSsKdlGwgYAVG2IF7IoV0bXtfnu+/HPNkJMz7ZzJPVzYf57n3pmTyaT8JpO8efMmUy2nnNCRAAmQAAmQAAmQAAmQAAmQAAmQAAmQAAmQAAmQAAmQAAmQAAmQAAmQAAmQAAmQAAmQAAmQAAmQAAmQAAmQAAnkEahGQ9s8HvxBAiRAAiRAAiRAAiRAAiRAAiRAAiRAAiRAAiRAAiRAAiRAAiRAAiRAAiRAAiRAAiRAAiRAAiRAAiRAAiRAApoADW1ZEUiABEiABEiABEiABEiABEiABEiABEiABEiABEiABEiABEiABEiABEiABEiABEiABEiABEiABEiABEiABEgghAANbUOg0IsESIAESIAESIAESIAESIAESIAESIAESIAESIAESIAESIAESIAESIAESIAESIAESIAESIAESIAESIAESIAEaGjLOkACJEACJEACJEACJEACJEACJEACJEACJEACJEACJEACJEACJEACJEACJEACJEACJEACJEACJEACJEACJEACIQRoaBsChV4kQAIkQAIkQAIkQAIkQAIkQAIkQAIkQAIkQAIkQAIkQAIkQAIkQAIkQAIkQAIkQAIkQAIkQAIkQAIkQAIkQENb1gESIAESIAESIAESIAESIAESIAESIAESIAESIAESIAESIAESIAESIAESIAESIAESIAESIAESIAESIAESIAESCCFAQ9sQKPQiARIgARIgARIgARIgARIgARIgARIgARIgARIgARIgARIgARIgARIgARIgARIgARIgARIgARIgARIgARIgARrasg6QAAmQAAmQAAmQAAmQAAmQAAmQAAmQAAmQAAmQAAmQAAmQAAmQAAmQAAmQAAmQAAmQAAmQAAmQAAmQAAmQQAgBGtqGQKEXCZAACZAACZAACZAACZAACZAACZAACZAACZAACZAACZAACZAACZAACZAACZAACZAACZAACZAACZAACZAACdDQlnWABEiABEiABEiABEiABEiABEiABEiABEiABEiABEiABEiABEiABEiABEiABEiABEiABEiABEiABEiABEiABEII0NA2BAq9SIAESIAESIAESIAESIAESIAESIAESIAESIAESIAESIAESIAESIAESIAESIAESIAESIAESIAESIAESIAESICGtqwDJEACJEACJEACJEACJEACJEACJEACJEACJEACJEACJEACJEACJEACJEACJEACJEACJEACJEACJEACJEACJBBCgIa2IVDoRQIkQAIkQAIkQAIkQAIkQAIkQAIkQAIkQAIkQAIkQAIkQAIkQAIkQAIkQAIkQAIkQAIkQAIkQAIkQAIkQAI0tGUdIAESIAESIAESIAESIAESIAESIAESIAESIAESIAESIAESIAESIAESIAESIAESIAESIAESIAESIAESIAESIIEQAjS0DYFCLxIgARIgARIgARIgARIgARIgARIgARIgARIgARIgARIgARIgARIgARIgARIgARIgARIgARIgARIgARIgARKgoS3rAAmQAAmQAAmQAAmQAAmQAAmQAAmQAAmQAAmQAAmQAAmQAAmQAAmQAAmQAAmQAAmQAAmQAAmQAAmQAAmQAAmEEKChbQgUepEACZAACZAACZAACZAACZAACZAACZAACZAACZAACZAACZAACZAACZAACZAACZAACZAACZAACZAACZAACZAADW1ZB0iABEiABEiABEiABEiABEiABEiABEiABEiABEiABEiABEiABEiABEiABEiABEiABEiABEiABEiABEiABEgghAANbUOg0IsESIAESIAESIAESIAESIAESIAESIAESIAESIAESIAESIAESIAESIAESIAESIAESIAESIAESIAESIAESIAEaGjLOkACJEACJEACJEACJEACJEACJEACJEACJEACJEACJEACJEACJEACJEACJEACJEACJEACJEACJEACJEACJEACIQRoaBsChV4kQAIkQAIkQAIkQAIkQAIkQAIkQAIkQAIkQAIkQAIkQAIkQAIkQAIkQAIkQAIkQAIkQAIkQAIkQAIkQAIkQENb1gESIAESIAESIAESIAESIAESIAESIAESIAESIAESIAESIAESIAESIAESIAESIAESIAESIAESIAESIAESIAESCCFAQ9sQKPQiARIgARIgARIgARIgARIgARIgARIgARIgARIgARIgARIgARIgARIgARIgARIgARIgARIgARIgARIgARIgARrasg6QAAmQAAmQAAmQAAmQAAmQAAmQAAmQAAmQAAmQAAmQAAmQAAmQAAmQAAmQAAmQAAmQAAmQAAmQAAmQAAmQQAgBGtqGQKEXCZAACZAACZAACZAACZAACZAACZAACZAACZAACZAACZAACZAACZAACZAACZAACZAACZAACZAACZAACZAACdDQlnWABEiABEiABEiABEiABEiABEiABEiABEiABEiABEiABEiABEiABEiABEiABEiABEiABEiABEiABEiABEiABEII0NA2BAq9SIAESIAESIAESIAESIAESIAESIAESIAESIAESIAESIAESIAESIAESIAESIAESIAESIAESIAESIAESIAESICGtqwDJEACJEACJEACJEACJEACJEACJEACJEACJEACJEACJEACJEACJEACJEACJEACJEACJEACJEACJEACJEACJBBCgIa2IVDoRQIkQAIkQAIkQAIkQAIkQAIkQAIkQAIkQAIkQAIkQAIkQAIkQAIkQAIkQAIkQAIkQAIkQAIkQAIkQAIkQAI0tGUdIAESIAESIAESIAESIAESIAESIAESIAESIAESIAESIAESIAESIAESIAESIAESIAESIAESIAESIAESIAESIIEQAjS0DYFCLxIgARIgARIgARIgARIgARIgARIgARIgARIgARIgARIgARIgARIgARIgARIgARIgARIgARIgARIgARIgARKgoS3rAAmQAAmQAAmQAAmQAAmQAAmQAAmQAAmQAAmQAAmQAAmQAAmQAAmQAAmQAAmQAAmQAAmQAAmQAAmQAAmQAAmEEKChbQgUepEACZAACZAACZAACZAACZAACZAACZAACZAACZAACZAACZAACZAACZAACZAACZAACZAACZAACZAACZAACZAADW1ZB0iABEiABEiABEiABEiABEiABEiABEiABEiABEiABEiABEiABEiABEiABEiABEiABEiABEiABEiABEiABEgghAANbUOg0IsESIAESIAESIAESIAESIAESIAESIAESIAESIAESIAESIAESIAESIAESIAESIAESIAESIAESIAESIAESIAEaGjLOkACJEACJEACJEACJEACJEACJEACJEACJEACJEACJEACJEACJEACJEACJEACJEACJEACJEACJEACJEACJEACIQRoaBsChV4kQAIkQAIkQAIkQAIkQAIkQAIkQAIkQAIkQAIkQAIkQAIkQAIkQAIkQAIkQAIkQAIkQAIkQAIkQAIkQAIkQENb1gESIAESKCOB2++4S558arp0PaCL9O7Vo4wpMykSWPEEPvpooUx58CGdkQ77tJe6dWqv+EwxBystgdffeFPeevtteeedBfLHH39K+3ZtpEvnTt7K88cff8h1o0br+GrsvpvXuL1lMkVEfO9SQIoI4ovdr7/+qusS4ht4zABp2GDviBQrx9tXOSond4yVBPwRSGq3n3n2OXn1tXk6wQH9j5BNNtnEX+KrcExx4xcyXYUf/CpQtNlz5gr+4A49+CDZaqstV4FSsQj/qwQ+/vgTufb6UbLmmmvKKSedKNtss/X/KoqVutyTbrtDlnzzjay33npy/LEDV+qyMPMVBPBuvjZvnrw9/x35/vvvpXr16uodPSHAEydHBYEynrwwe45MuPkWqVWzppxw/LGy9tprZ4xx+e1J8vXykOU9owxaXt5MrXIIJOlqsvQZP//8s9ZDffLJp3LcoGOkXr26lVMIxlqlCHD8U6Ueh7fM+JQlrrxqpM7XTjvuIL16/u/MT1f2PJK3h13GiFa1upA0/7IqyI6rQhnKWMVTJVVVxzqpMs9AK5wADW1X+CP4387Av//9b7nu+hsER7j+Rx4uW2yxRWoo99x7nyxe/LEO36Z1K2ncuFHqexmQBMpN4N333pPOB1QMXqqtVk2enT5Ntttuu3Jng+mRwAojMH3GMzLouIoJh0svHir9+vZZYXlhwis3gSuuvErGT7g5rxAH9u4pwy67JM8vyw8opevWr5ArOnfaX6675qos0a2we/nelY7eF7tbJ90ul1w2TGdku+22lWdU/7/aaquVnrEi7/RVjiKTZfAqSGDmzFmB0dl++3ZInGz7v//7Pxlx9TWS++9/ZY0115AzTjtVqlWrFluyV159TWbMeFqHadmyhTRr2iQ2fLEXpz74sLynZGo4twxJ7fall18ht9x6m753+pOPyU477qjP+S+aQNL4hUyj2fHKiidwvVowZRZNPTD5Hi7yW/GPhDnIQGDQcSfK9L/61549usmVV1yeITbeuqIIdO7aQ9599z3ZfLPN5MU5M1dUNqpUuosWL5Z7752cOU+nnXqyVwPTNBnCO3nCSafKf/7znyD49ttvJ8/OeFL/TpKjgpsynGBOpXmrtvLdd9/rWEYMv1x6dO+WIcb8W5Pk6/zQ5ftFGbR8rJlS6QTwXo6fMFFHgAUWJ514fF5kSbqaLH3GTeMmSGBEtdOOMn3aY3lp88eqSYDjn1XvufqWJarvuoeG1LJFc7ll4rhVD1hIicoxjxSSbJX3WtXqQtL8y6ogO64KZahqL0ZVHetUNU7MTzgBGtqGc6FvGQlcPfJauXFshUC3f8d9ZdR116RKHbvY9ejdV0385tRuRH+X6U8+LhtvtFGqexmIBFYEAdTZ7j0rDAtho/CUUnC4E/yfffaZLP3pJ529XXfZpexK4hXBhWn+7xBIUiD+75BgSbMQuPmWSXLZsOE6irXXXktatmghW265hdSuXUt6dOuaJeq8e1eVQRbfu7zHqn/88MMP8sWXX+rzbbbeOnJXS1/sximj8OHKOBwOu+k9/8x0WX311fXvcvzzVY5y5JVpVC6BGU8/IwOPrVjw0rdPb7nskotiE5w373Xp3ffgIMzDU++XmjUrlPKBp3NyxpnnyNS/dq+/9ebx0qJ5MydEtp89evWRN996W0fi5iep3aZCsnj2SeMXMi2eKe8oH4FyTDRj94sPPvxQFwr6KC6krZznSz2JyFFHD5Lnnq8wzOzSeX+5duTKuQiwcmrIyhNrFqOpYkoJowwYf66xxhpSY/fdi7m17GFnznpBjjzqmMzpvvHaS7LBBhtkjidtBJBHD1RysjGybdyoodrNdifZeOON5bRTTtLRJMlRadOKC4d+qGmLNrJ06VId7LJLLpS+fQ6Mu6Woa0nydVGRpQictr1fGWXQtHqIFJjKEoQyTnbMz6uFrv0HVOxe3q5taxk39sa8SJN0NVn6jBtGj5Frrhul08MCACz4Tlo0m5e5Mv5YmfqsMmIpKSkf45+07XBJGeRNRRPwLUusasaVSUDLNY+UlI+qeL0cdaGcskTS/MvKKDu69WZVKINbJvu3T1k5bd0r91jHLi/PVwECOToSWMEEfv/991zrdh1yO+1SQ/8pBVtijtTuSrmu3XsF90yZ+lDiPQxAAlWBwOgxY3NduvXMKQE/NDsnnXJ6UK8XLloUGoaeJLCyEnhq+tNB/b7r7ntW1mIw3yuYwMGHHhHUo1dfe63ScrNs2bIgHbTNK6vje1f45ND+GLkzri3yxe6nn5blzjn3glzvPgfl1ERLYYYq2cdXOSo5m4y+DASU8ii3y+576vrfvkPHxBTVJ6qDdwXvzJix4xLvadGqnb6nxp51cr/99lti+GID1NmrgY6/QeNmaqPd/+bdntRuq52lg/JQzs5DF/sjbvxCprHoeHEFE1BfTwreefWpyErJDdoSI1OszPJipcDxGCn1JLnc++9/kFPGOjm1YCa3aNFij3QZVTkJdDqgu24zGjVpUanJIn60TZWdjo9CYB4A8mnY38671QzaWJQnLIzxgxxYTjfqhhuDvN1w49jIpOPkqMibirzw1PQZue69+uSGXnhJ7tdf/crfSfJ1kVlNDJ62vV8ZZdC0eohESGUKQBknO2jM/xg58bbb7yyIMElXk6XP+PHHH3Nnnj0k16ffIbnZc+YWpF2VPFamPqsqcQvLi4/xT9p2OCx9+lUOAZ+yhGmTjuh/dOVktorFWq55pCpW7FTZKUddKKcskTT/sjLKju6DXBXK4JbJ/u1TVk5b98o91rHLy/OVnwB3tF0FjKVXhSLMemG2KMFOF2WHHf4pTzz6kKy11lqRRbvzrnvkggsv1tebNG4kd9x2S2RYXiCBlYnAyaeeIY8+9rjOMj9puzI9OeY1DYGklfpp4mAYEqi3dyNZtuxn2XrrrWTWcxWfJ68MKqvKaka+d4W14+577pXzLqjYyfPSi4dKv74Vu827IVcVdqtKOdznw9+lEVATbfLqa/P0zS/NmSWbbbZpZEQ9D+wnb7zxZnC9UaMGctftk4Lf7skXX3wpLdu0197NmjaR226t+EymG67U3/j0ZqOmLfTtXQ/oLCOvujIvqqR2e1Vf+Z8Ho0w/yLRMoJlMSQR87OiUlPAi9cnzffbtpIN17rS/XHcNdxlNYlbKdepJSqHGe6oigSy7ExZTnsZNW8q3330nm2+2mbw4p2In5GLuryph1UYbsmuNWjo7tfasKQ9OmVxVsib4SgS+FgH33NNPrrI7mifJ174fSNr2fmWUQdPqIXwzLTU+yjilklt+3/lDL5K77r5Xe2BH2X/+c/vlF9VZkq6mXH1GXqZWwI9Vpc9aAegKkvQx/knbDhckTo+VgkA5djGtSiDKNY9UlcqcNi/lqAtVSZZYGWVH91muCmVwy2T/9ikrp6175R7r2OXl+SpAYOW3FWYJVhUCJ5+6fCfPUaPHRBbr+++/z9Wr30ivBt29Zm3u5BBJihdWRgJcMboyPjXmOS2BpJX6aeNhuP9dApABzGrbU047o1JBrCqrGfneFVaTtKtjVxV2q0o5Cp8kfUohYO++9djj0yKjWLr0p5y7i9hue9TO/evXXyPvwVdGTBt90/iJkeFKvfDSy68E8T8w9cGCaJLa7VV95X8BkDJ4kGkZIDOJkgn42NEpKfG0u2QkxcPr8QSoJ4nnw6srD4EsuxMWU8pVZXfA//znP4Hshy/bVSXXoWNnnbfGzVpWpWx5z0uSfO07wbTt/coog6bVQ/hmWmp8lHFKJbf8voMOOVy3E2ox6nJP6yxJV1OuPsPK0go5XVX6rBUCz0nUx/gnbTvsJM2fKwkBo7P7X9jRtpzzSCvJ48/LZjnqQlWSJVZG2THvgakfq0IZ3DLZv33KymnrXrnHOnZ5eb7yE5CVvwgswapC4Ntvv8vVrd9QDz73qFU39+lnn4UW7Ywzzw6UbBg4pHFq96McPpeysjgoEr9esiSHY6nu3//+dw7l9uF++eWX3L/+9S8fUcXG8ccff+TQqSU5TPCnCRcVj+b79dfeyuSTT9aBrM+6/uPSpblvvvm24LO8UVyT/NVOFLpeo25mdWnzplYj5ZZ8800OaZfq8FlicPj9999LjaLgPnxK+csvv0p8x1HXs+Yf71WW9g/vWpxRTUHhYjySFIg//PBDpvqGuvW1erf//PPPmFyku5S2jvl4RmlyhPr31VdfeSkb3ge166CXTwpCYZGlr0LfUkx7DlnBKAEGn3VOGnRBGJQb71Pa+ox8mbTQNlclh7zBCC6NS3rvouLw0Z9kbX+Qt8p4x9IO2pPYZW2zotjDv5xtL9q7Yt7DqHyn7dt8tmdRecnqn5V/se1NXH59ttlIB59PN20bPi8b5R5/YloQ7oSTTg3On3n2uahbcmcPOS8It+DddyPDmQuQT4qRUe6+974gfshmrsNzM2ULa7crSyFZbDncfJvfkDnRryY59LtpwkXF43OcWFlMo/Ke1t/HGCBtWr7C+eh3TV7wjNFHZXF4n9LKGlHpVEYfHpYW+jE8c9eVMtFcrGyaVnnv5s38LjY9c1+xR8jQ6KezONQpyHY+HPJTzOfNs+pJfOTZxFHVxokmX2HHrGO1sDhdPx9thU/ZsFx9qeGAd6IYvVkpRlOltKVZjJZ86lUMp1KPkHmMbFeqoW1lyQTt991f561l63ADulLLbO7z0ZebuNwjxhdoh/G+JLkk+Rqf6UVefbm07X2cDIryFTPGCMt7Ke9dWDy2X1o9hH2Pfe5jzFFMv5BVxrHzviLPK6sNSFMmGOKjDTvvggtDgyfpnErpM0ITKrMn2g28Q2ldlj4rbRoIl7bdi4rTR7vgS1fkc/zjljdtO+zeZ377HNeaOOOOxY4rouJalXSaWpZT9gWob64zclUxhrY++h83H+5vMwcblmc3bNrfqBumvJU9j5Q2T+UOt6LrQlZZwqe+JE52DHsuqItZ+42weG0/PB+0mWldUhl82DGsSLkpq6xsc0xb9yp7rOOr37fLxvOqQ6AasrIKbMzLIqwiBOxtwdu2aS3jb7oxr2T4zGnfgw5RBuIiO+24gzz2yIOy1lpr5YXBD2VkJY8+9rjcdc99smDBAvnjjz91mHXWWUfq1KklB/frJ/vtu4+svvrqBffC45DDjpQlS5bozz7dPOGm0DDG85hBx8nixR/LZptvLnffEf0pVRM+6rh06VK597775f4HpsjHn3wqSrCUddddV2ruUUNq1dpTunfrqs+j7of/OwvelfETJsr7H3woixYtFqWQlE033UT2UHHUrlVLBh0zQP72t7+FRtGpSzfNrXbt2nL1iCvks88+k9vuuEtefuUVxfA9nZ+tttpSGjVsIGefOVg233yz0HiSPO+5b7JMnHiLDnbViOEqX3vKrZNul+een6k+Y/ua/P77H7LtNttIr57d5dhBx8gaa6yhw/76228y9qbx8tDDj8gXX3yh/apXry716taR448dmPiJLjUpJEh7ypSH5JNPK/giko023FBatWohhxzcT+rvtZeON+yfLz74XC/ygryPvXGUTmrO3Bdl6IUX6/Ml33wrSnjU59tuu42steaa+ny77baTsLqYta4POfcCeeXVV3Ua0598XJSRoky4+VaZq/L0/gcf6Hdt9sxnZMstt9Rhkv658SE8PqV245ib5L3339fv4mqrrSY771xdDj/sEOnZvZus+VcZ3bjduNLm7YXZc+TOu+6RuS++KD///IuOFvVop512lN49e0jvXj1kgw02cJMr+I1833zrJP3JZLQh1VarJjts/099/1H9j9B18/TBZ8tbb72l2yG0R7Zz6zreZdTh2XPmijJyESVEq3dtuHTr2sW+TbcnE2+5VZ6aPkO+//4HfQ2Mdt9tVzn0kIPkgC6dI5mZiPDsJk26Q95+5x35QLUHaAvwycDdVBzt2rWRQw8+SKpVq2aCFxzx6Sq0oW/Pny+fqvcFDnVwt1131e9K82ZNC+5J4xH2SSxlsKPTevmVV+Wrr76WjTfeWPaqV1fweeojDz8ssp026S396Sf9vCff/4B8rtqG3H9z+llVtCM95JCD+uo4TXj7WGodQ5uf9RnZ+Yg6/2jhIrlDtcPTnnxKf/YR4fDYtthiC8GnaVE2PJcw9+5778lJJ5+mLx166MFy2CEHy4MPPSJPTHtSt+vLlv0sB/buKcMuuyTs9kg/9E1os9FuzZ//js4X6md19X7VqFFDTjrhONl++/A8mUjVDoqqLX9Y91WmPd92221lz5p7SJPGjeVgVS7X9TvkcPnu22/l/1T6n6g+Em6DDdbX9dqEHaj6uF7qHbcd6v7Djz4mt912h2qDPtDvHa7//e8bKzmggxx5xGEq7zvZtwTnalApdes30r/tTwH/+uuv0kt9Th3v8NbbbC2Tbp4Q3BN2Ama9+hwkPy9bpvrkTeXuO2+Lff/C4oDfiy++JJNuvzOvbdtuu22l1p57yt7199LvZphcE/behaWRtT8xcWZtfxBPZbxj6Fu79eits7lMPVulxNDnm222qWxo9Qn33XOnqh9/19fC2JXSZn32+efS/6hjdJw9enSTYwdWnGsP61852160t1dfc5288MLsoH1B+7t/x33lmAH9I9uWUvu2UtoztFO9+vRT7fp/pX37dnLW4NMtWstP33jzLRl85tnao2eP7jJo4NHLL1pnz8+cJZdeNkz7DDnnLGnTupV1teKzjVn6viztTWW12XkF/OuHUvDI3o2aCvjutusu8vijD4UFkyHnDVVjk8my9tprybNPPyUtWrUT3HuY6lOGnn9u6D3tOnSUjz/+RPBevTh7Zmhbh7YMsib6fSPzYnyCMQba5GZNm4TGDc9hV1yp762x+27y6MNTC8JFtdsmoM9PbJVajrBn/fQzz+o+GrLrjz8u1X1Uq5Yt5bwhZwXtEdQ2Ux96WI+jFqpxHvqgLbfcQo+F+vXtE8sN5c8yTgwbv2RlWhl9aZYxwIirR8pTT83QxbL7AVNO+3jDjWPlIfUs4CbdMlG23nor+3Lq86z9rivHKkM1pQu4WdTOz3qsgd9o1/eosbsMPuNUrQ9IylypsoYdb2X04Xb85vzDDz+SsePGC94fM+bDO9GubRs5+cQTtB4k7adTS5FNBx13oixcuFD+VO/i559X6CfWW2892eIfm5ssyrlDzpbWrVoGv81JKemZe9Me0UYgnTvvulu9/xU6MciJu+6ys9YvQd+2j+pb4xz6tfETb5bZs+fKBx9+qMemGFfvosby0DF16dxJWjRvFhqFKy/UqV1Lj0tHXH2NvKb0ej8puRhuiy3+Iei7+6v238hfJsJS9CS+dHnu+5VWF1GZ9f+xx5+Qa6+r0CFddOEF0rRJY4MqOPoYqwWRxZz4aCtKkQ1Nlsrdl7r6QLwbk9T48m6lczb6RchLe9WrJ8ccfZS0bNHcZLXgmPYz4KXUpTE3jVM6zwq9lNErQ/+2g/Wp8s6d99dtpJuxLHoVNy6fvyF77lqjlo6y1p415cEpk1NFn0UmiEvgiiuvkqeVrhDuM9X2o61Fu7i9Gpcb17hxI7nkoqHmp8TJUW5bU2pffvmw4fLsc8/rNMEI/ZHrlEGsoI68qcZOkAshhyMcxgP1lT7hxOOPDb0vTL7GmP/uu+/TuiX0D2uvvbaWM/baq65qz4/QfbCbftzvUtp7V67fcYcd5DalL8Gzx/wCxjrQC9avX0867NNe63/i8oBrpbx3SXGWooew4yx1zGHiKKVfyCLjmHSLOWK+75wh5+lbOnbcT0475aTY25XhhAw69gQdBmN6jO1dl6UN8DUuwLOvXa+BzhrmgMLkrjCdk12WtH2GfY85x7j86IHH6p+9e/XU/ZO5tkTNe0JmgovqF0xYvEs9e/fRP9u1a6vmBc8wl/KOxeqzsvRZeQlbP8Lkz8n3T9HtI+a/fvjhR8H8cPXqO8lRRx4uXQ/In5OxogpOfbQLWXRFQUbUic/xjx0vzktph00cWce1Jp6oY9hz/eCDD6WYcYWJ240r7XxdKXKrrfPYQfVRrq2DyZM5Qqbo0buv/K7mwTEXe/ukm82lWFnCBMJzeGDKVD13sFDNKaH9X2edtdV84G5aD71P+7Y6aPVd99BHyKu3TBxnbi84Zu1/CiIM8cDc56jRN8pbb8/X9RvMoB+Ezg/jzcMPPUR23HGHkDvjvco9jzRQ9UmLVN+0udIF3HX7pNDM4flgXgLPeeedd5Yxo68PDQc7kd59DxZMzHdS83+nnFTR34UGjvCsCnUhiyxRqr4kaf7FlR132nHHAoKlyssFEcV4ZNHPhpXh9dffkGuUnuBNZafwyy//0vPH22y9jfTt21vNH/dLZQuxIuWmrLKyi7rYulcZYx1f/b5bNv6uegRoaFv1nsn/dI4wgQghAh0D3E1jbpD2agAHB+Val649tGEOft952y0C5ZXr1G51MnDQ8cpA7B33Ut7vJureG0ZdKxtvtFGeP360arOPNtiCYd70aY8VXLc9OnbuqicMMKkze+az9qXU52++9bbO87fffRd5D5S2MIgKGwCCzWg14TdaGTOiAY9yNZUR083jb9KT324YtYuwNoKEcduoa6+Rngf2Vca2n7vB9G8Yp45RCgJMiBfrbho3Qa68aqS+7a47JsmLL70k14/KN6g2ccJwCGG+U1xgpKR2ADWX8o7bbL21NlzaRhk8hTkobI49/kQ9mA67bvwG9D9CzlLKAiiiXeeLT+OmLbVBSw014fnoQ1N0MrZSxU3X/A6riz7q+pHK8GfmrBd0Mgvefl0O7HewMp5bYJLVx2IMbe34Fn6wQM448xyZ+mC4AQcixzOeMG5MqLBnx5UmbxiknHv+UDWgzDd4zSuM+oH6Mu6m0cpwdTf3UvAb79JIZYAU5XZViuh77rxdjj3hRHnppVe0EcqCtyvaLXOPW9efeOJJuf3Ou8xlfXQNbTEYhmFL3Htcf696Mm7s6Ejj0YcfeVTOOfcCZbT+e15a9g8Yyo64cpj8Qy0QsB3akitHXK2NWGx/+xyGnkcecbgMPv3U0IUOdlj33K7rl148VBnsb67ezZP0wN8Ni989lUHa8GGXhRrq4Pp81c4POObYwEgMfq5DGhPHjw1dqFBsHUPcPp6Rm8ew33fcebdcfOnluu8Luw4/KEvAB0agroPhWU+lnIE7+cTj9QD+xJNPzQtWrKGtWr0sJ596hjYWz4vI+gFlyIUXnKsnzC1vfYr7L1CLCh5X70Kc69G9q1xx+aV5RtbNWrZRCwGWxN0m55w9WAb0PzIIg/SOVvKAkSmCC9YJJsWQVvduB1i+FadhgywTCAqUGX9NsD35+CN68YC55h5hTNbv4MO0NxYYXHDeEDdI7G+8l+B2z73xk4qNGzWU0ZBrlFGN7dz3DgZZrvPRnyDOLO2PyVNlvWP28zRphR1fmjMrkJNcdqW2WYsWL5Z99u2kk4Mh4XlDKoxCTfrlbnu32morOf7Ek/XiJpMH+4iJhzE3XCctW7awvfV5KX1blvbMTCzBgP/ZGeFtBwyGsaAHLsoAE9fUqm+9UAD92NwXZgaLxnzwz9reVEabjTJHOTz/aU9O18q3V1+eGzoeUrtzyRdffiktWjSTWyeOFyiqX1YGfDvtuINgcZbrvlGLIZo0qzBe7npAZxl51ZV5QcD5wosvlbvuvjfP3/2BxUDnn3dOXh9gwhw98DiBsfvRyhg8bILPfs/tBRLm/jCFpLmW9pi1HO6zhmGD2kkkVBbCgskHH5isDdGOOmaQzJo1OzSba621pho3jw417EF+s44Tw8YvJiNZmPrqS32MAc48e0gwhrD7AVNO+4h6fLtaCAWHdilpgZF9rzn30e/acuyH783XMrWRTUw65ojx7TlnDZb+akI5zKGeZJE1TJyV1Yeb+M0Ri28HnzUkUk5ef/31dLs1Sy0muW7UaH3bA5Pvkbp1apso9DGLbGr6p7wInR/XX3u1dNq/Y+CbJb0gkhQnWEw08LgT9ILRuOCoD2hLwxZqYZHsGWpR6bvvvR8ZBerVRUPPl4P6FcqWrryw+OOP5fwLLgpt65AAZKxJt4zXCztNgrYcZvzco6sn8aXLs9+vNLoI5Kuy67+9McHYG29QBjsVulLDBPUry1jNxBN39NVWZJENkb9y96W2PvAmxR6Gk9jgIMphzHf+ueeE6jFM24GF0C/OmRkaRal1ye6TQyNWnnhfbSNQhMuqV4lKy4c/6lwxhrY+ZIK4fJ8++Cy9OCoujLtxSJwcZbc1WfpyvPtYMAj3xmsvFehYMaF/3AknBQtDwvIPeeaaq0cU9JWufH3GaSerOYN+wcYAblwYj911x22y4YYbuJcif5fS3tv1ffqTj+nNSyb8tbGHmxDGf8Muu1RvnOBeM79Lfe/M/VFHm19UGPi78ifqftaxU6n9gmmn4vLryjhxYZOuQQeudn7VCw7RNs554bnQuRkTz6gbbpRrr79B/4ShEgypjfPRBvgaF6Bt7aqMqiBnzXtlrqy//vomm8HRrvvQk7v6OvMs4vqMIDLnBEaZ+3Wq0HUOOOpIPRYwQdRXzqRlmwpuYf2CCYcjjL7qN6zYcAObhWAuw3aoq6XMJdjvsB2ffZ6UNzsszl35ExuIDLtihBss+I2NmG64/trQ/hqBfLQLeA+z6KZNZn2Nf0x87tGui+4189uVu+HvY1xr4o86us+1lHGFiduNK818XRa51dZ5PPf0k5GbGiB/2IjqqKMH6axiM5EzzzjNZFviZAkEgnHgAKUzmveXXUVwo3Wyv1rIgLZ7591qat8oQ1sf/Y+VbOQpNoM5f+hFuu2PCoQ5jglqM7Z69epGBQn1L/c8kt2eRc2lY/Olw444SucXGzq9+tKcUF3s9BlPCwwF4Urpa6tKXTD9ly5IxD+3fFn1JUnzL/ZzguzoGtpmkZcjipjnjXcrq37WLcNDDz8qN4wek5eO/QPy/W23TpTttl2+KNC+XhXkplJlZbsc9nmxdc9OH3MJWcc6vvp9u0w8r7oEaGhbdZ/N/2zOsCq6S9eeetIEK4+nKQOWddddRyaqnY8uV7sYwcEIZ8Twih2pbFBY+bB/527aSBb+Gykj2mZNG0vzZs30SiFMtMxVuyghHByMHR984L5g11Ttqf75Us6b+OKO2IkBxlBm113s6NG6VSu9K9Hvv/+mdvt4XR6Y+mBgeHf2WWfI0Uf1z4sSuwvCeAAOwmfrVi3Uzr21Zastt5Ivv/pSpk59KDA83nbbbWSGmhx3dxE1imMYEK6jVqJ/+NFCadWyudpVsqE2xsPOSWrb9sDQCZPsTzz2cAE7nYmYf/ZgBjuLYgffhspgt12bNtrgAQpzrDTF6jU47AYBI6U31A6gMA5s3rypMpTcRuarnTofUbsUGuNb7Pbp7iiK+6HUgJEuBAY4lB+7rsAg6ZNPP1MT1i/oHX+MYSN2tsVkket88QkbFGEXTuQDDrsaGyNxGMeZnYM3VMbN9iSdr7puK3Wxix0M4GA0jp04dlfK0d/Uczjm6AGpFaR2fCedeJw2ooZyFc+ulTLYwSpoDBqxivjPPyueCQxH7737jgKlhh1Xmrwdd8LJ8uRT0zVHGBw02HtvVV+a6V2FMJDBqqwlS77R17Frw2MPTwkd3GLF3MmnnqZ388XkId6lliqe6tV30nUR7Qh21MTuRBDCXpv3eqKhrck/duCsq3ZhrqN2jl5NDaiw8h67TcNNUe85JozhoISD4UULVd+xgvWll14WpGvyD6P5qfffWzApivfprHMqdgHABPPxxx2rleTY+RvGMdjxCYbncHgmk26ZoM/NP9swGrtBDBo4QBskq88R6Tw89sQ0tcPtZzr46Uq5ftyggebWVEdbaYP6jPxspna9Q91osHd9vas2VrBiZxgMPOCijGk+Um1Ut54Hivqsjw6HNgDPG7uivq3iwPM2k1943o8/+qDezUIH/utfsXXMxzOy0486n3T7HXLxJZfry5gQ2GOPPXRdqLlHTdUWviGzVNk+sCb2rr92pGof9suLzp58RF3F7mZo5/ZUu8DspergRqqv+KcaaIUZ6eZF9NcPtKFQ0GJHBDg8M+weW736jvLRR4tU/C9rI0uzo9hktSvoXurdth2UBFAWwO2wwz91HcT7ta4y6lu0+GO945ap466RFnbj/e23X/WOZcOVMTgclCw9lTxgHN6tGrvvrn/C0BwKbdQTOPStUCA1btRIywhz5s6VV1+dF9QzGKhih1vbuYOs6665KriMHadhJA6Htg47p0U52yDnoSmT9TOIChvmf8ppZ6j+rmLSDG3D3nvvpeUE7EyEHZTuf2BqUE7ITVMfuFc22WSTICr7vQtT3PvqT7K2P8hwZb5jqMPIIxzkiocfeUyfH9ClkzRssLc+xz98QQCGpnA2uyxtVpKip5xtLyYqID/9omRh9D9tVPuA9xH95HPPz5Jvv/1Wlx1G6JPvvTPoo7Sn+mfLcWn6tqztGXaTGXtTRV81Z9azekdvkxdzxI4ARnZCm2kb0ZowOBpFi73YCf5Z+ftob3y32ShXnLvn3vvU4qQLdZCw3XXsOnvB+UP0LhLjJtwsw9UuXnAzn50h7gI3TO5jkh8Oi3l6qHfJdmedc65ur+AHGaVpkyZaJkd/j/qHHVTMGC1q11yzYy529gjbyS+u3Ua6rkLSVaoiTJLLWg77We/bYR+9W/mmShbaT51jxw4YteEdNfIWygkZFIadGKe1b9tG9yPYyWnG08/qXcmQZyy+eWb6tIJ3xMc4MWz8YjhlYeqrL/UxBvA1oW64xB199bu2HIuvwUAeQH3B+B2702GXVcjuZsERxv/T1Pgdbb7rssoaiK8y+3A7vxhLYhJRrdHWDosoW7duqRcB4+sF2NHv3Xff04abGO+YRZ9hhrZZZFNMDMLwQH1KMDDmxW6LfQ7sFWS3WdOmeYbYWdILIk04wZeAsEDdyOwYB4EDxp3Qq2F8hAUPyDsc/LHw1XZ//PGH1omZheD42kjDhnvrryjgC0QwWsACMLOw8/JLL84rN+Ky5YXj1JeK0IfgiyoY82FssvHGG8nzM1/QO+ub3W2hv8MCNqMDKUVP4kuXZ79fRt6J05OUo/7HGdr6GKvZdSDq3EdbkVU2RN7K3ZcafSB2ZobOFV9JwG7mqMvQLaLtgR++qGbaJtT70087pQClkUejjKay1KV5SjcFnTocdl7FjkaQuezFSdhBC++hcT70KiauyjhCTizG0NaHTBBXDswpfKwWDsDB0A8LG1AnMCFr3NaqX4K+xLg4Ocpua7L05XGGttiF74BuPfS8Aww7sKgNdfcfatc17G47Z+5Lagf0J3R2ob+dPes5+Zv6wp5xtnwN/S12hPz+h+91GVH/N9hgQzWH8JGWVU3fAl3NvXfdXqCzNHG6x1Lae1sGNezw1Tx8HaO2elfVp3P1e4lFenAoOwzlsfO967K8d25c7u9S9BCII+uYI0u/UIqM45a72N/YaAA7hcPdefutum2NisNseoN378XZz+fNcfloA3yNC7AQ/dTTz9SbjGDeI8zZOqcwfV1SnxEWp/Erl6FtqfqUUvosU7aooy1/Yv4Y44Bdd9lF6x3QLqGNmvviy8HCBMQTpruAv492wYeuCHl5zuP4B/GFuVLaYV/j2rD82H72cy11XGHis+MyMn7cfF1WudXWecBwFga0Uc5ue9xNPeJkCexce6BaBGaP+6Hnhiyy0UYbqr5Qjblmz9bzskgfDOCiDG2z9j9R5bP9F6jxOsascNA/t1L2DPhy7S5KTsUut7NeeEF/4RFyNXRdGMvHbZpkx43zcs8jzZz1gkCmgxt51fDQzdKGDR8h9oIg18hU36z+GfkmzhjXhHWPVakulCJLZNWX2LrssI1ODFtwcw1ts8rL7rMI++1DP2uXwbzPeEcw5wn5fs0119DzO9CzGxsbfKkabQp0Q66rCnJTqbKyWxbzu9i653Os46vfN2XhcSUgoHYQpSOBKkdAKQRzO+1SQ/9ddfU1ua+XLMnVqru3/r1Xgya5H374ITTPajfL4L79O3fN/frrbwXh1GqCnPr0aRDu2utHFYRROzjp6+333b/gmuuhDI902KYtWruXEn8ro6ecGjAHeTnx5NNC71FK5Nwuu++pw9Wt3zD3r19/DcKpTiiHtMFrzzr1c2rVTXDNPjnplNODdNQnlOxL+rzGnnWC60qJnFNGKAVhli1blgNX82zUp9oLwiR5jL1pfHA/4lEGwgW3oLy161U8b5PWyGuvLwj36Wef5dSK5yA+t16ATce/ng/iOXvIeQVxwEN9ujCnFLc6nuq71sjNnftiQThffBo1aaHT6XRA94I04GE/JzWBHhoGnr7qutpBK+AHRkpQU19o/m9kukkX3PjA366v5n5lyK3rq3m+aqLOXAqOblxxeVMGCUE58B4gftehXGr30yBcv0MOKyir+rxCzjzr6rvtkVMKWTca/fsyxcnkHcfda9YuCOfW9b4HH5ZTQltBOHgoBXAO7zbiQrrKYLgg3C+//JL3/iF+17Vqu4+OQ61MzS1atNi9nMM7oT5BE+Td5qQm43Oo/8hD+w4dQ5+bWvGeq7d3Yx0G7Q7asGLcU9OfDtJGOl269QxlgjYKHBAGbb7r1GRLTu2gEcQV1o7gnsFnnROEQX1yXTF1zNczcvPg/lZG3Lk9atUL8j31wYfdIPr3uAkTgzD1GzbJff/993nhXn/jzeA6ODZp3ir3wQcf5oUp5seUqQ8F8Z12xlmht6pd1IIwbn+mFLxB/erQsXMO/YnrlIIu16b9vjoOMEB9dZ0yZgjSwPONcsoYNwiHuqIGOQVB1c4EQRi0zW6e8Bvs8Ie22XbqEzzBu4DyRDnU1UZNK/qpfffvEhUs0l8NDIM8oG2aP/+dgrBIQ62QD8KNHjM2L4z93qkFM3nX8MNXf5Kl/UE+yvWOIS1wMM82jAnCwNnsEL7UNgv9uUnPba9WRNuL9vX552dWFNL67/aTB3TvmUP9sl0xfZuP9kxNZgfs1A4edlb0Odo+03eZfgPvtuvUiv6gX0H7YJwP/j7aG99ttilf1BEytKmTkK9cd+tttwfX8Rzh0IeYe+6+9z73lpzaiSK4rnY1ybuO+mbuRZ9l4rQDqd0Tg/EenqWaeLMv6/PHn5iWg8yHNjjMxbXbCI/3z+QjTs4Oixt+PsrhPmv0UWrRUF6SqNf2GAZ5PvTw/jll/JYXDn3bQYccHpQJfGyHftTHODFu/JKFqY++1NcYwJYZIWvEuaEXXRIwD6vLcffimq9+15Vjx0+8uSBptOFqwi7I7+mDzy4I40PWKFcfjjqvdt8KyoOyhTm1UDkIY955tbtPXlBfsqndx7vyop2gr/TsOMPO7frZbp+OBfIt7kGfaOvEoA+xndq1KeB32hln2peC8wXvvqvHwKZ9Ci78deLKC3qMrsYDroPOzm7vTj19sBtE/06rJ/Gly3PfrzhdRLnqvy2/Qka1Xdaxmh1X1LmPtsKHbIj8lbMvRXpGR2TaE2WAAO8CZz8H6Bjx3rsOukDEg77VdT7rkum7w9Ix6aKP8KFXMfFVxhE6J8O9a/desUn4kgliE7EuYs4AeUO7E+fMswjTA7ttTal9ud1GunoN1FfDUG3uEJrVy4cND8LceVe+zsCWrxFPvfqNcpDbXQf5qXmrtkE8YWHce8J+22WJk9dtGRT5OmfI+WHR5W4ce1OQJ7VYuiCMz/euIHLHw27H4/QQPsYcdntUig4PWU8r4zjFLOmn2jAheE7qKwuRcXy0cGEQbuiFl+SF89UG+BoXIK/IU5gez2Tc1jmF1Ym4PsPEEXW0x+9q86K8YNCDmHbhvAsuzLvm/sBcqgnryoU+9ClIz7STcX2Wm6+w3678ecyg40PnLjCnacqEdst1vtoFH7oin+Mft5xRv9O2w77GtVH5MP7uc80yrnDjipuv8yG3QueBuS3UN+hYoxx0N+hfES5M3jHvSJgsYfctNWvvFSp/Yn7W2DGYun94/wEF2fHR/xREGuJxwkmnBu9g2LwwboE8YvJ6w435cx0hUYZ6lWseCTo9M15QXxoNzYvhb3TXUfNaxl6ke68+ofHEeVbFupBWlvChL7HTcudfwM2WHV0ZM6u8HPdccM2XftYuA96PBo2b5b766quC5NF323J5GI+qJjehEHYdDpOLCgoa42HXB/RrUc7nWMdHvx+VT/pXTQJqpTUdCVQ9AlC2GwX5bnvUzlP83Tc53LgTRpYwLkPnAoO1uEkvDN6N4AODTnfS0qRd2Ya2ame/QFiEoBVmkGiejvosbhBW7WRhvHNq9XxO7dCm/2AkGOXswbVrhIN7DA/ww8RUlLMVABddcllUsEh/ezADg78oo04M3I0g3UtNQEe5EVeNDMKp1Z15wdSKweCa2u2s4DnbgdUuUUHYsEGGLz5xgyLkJ81A1mddt5W6UYbINqekczu+Ons1yKmddCJvefSxJwLmMOx0nR1XUt46dekWxIUJoCgHoantPvsFYd0JV/UpteDamLHjoqLRhkdHDzw2CJtkaAsDuzBDP5PAlVctNwqcMPEW411wVDs4a+EZ7waM92wDKLQf5p3BZEmU+/rrr4M2A+2CcTAqNvfjvYpyaD9NmwOBvRhntx9oe13jUDsu+12AQZDt1G4xQV6hNLM52OEwgIHCxJQLSk7bFVPHfDwjO+2oc7WLQ5DfCy++NCqY9j/hpFOCsG59tScf0Td+9vnnsXElXYRS1nBUq3Qjg6MeoX64BnFq9/ag3qAeR7nbbr8zSMed9Mc9aRQkMGiH7ID8wvgzrp7ZfUjchFLYYAxKfcMkbBIV+cWiFRNGrRiHV1HOKFcQR1zfDC5Gcac+j5SnSLbfO3eA6qs/ydr+AEq53jGklXbQbrPL0mbZA3tXsVHuthd1SX1qERhCHYxvjNE0wrqLj2w5Lqlv89GeoR03i+2GnFeorERbg3xCjjBK/pNPLVSe2AsBYLxrXFb+vtob3222KV/c0SxsgAG569Tn6gKu9jVjmAV5yXVYdIBngTGN68wiH8hLYW27CQ+lvjGcdhdsmDBxR1s5FtZu2wpJV6kaF6+55qMc9rPG4kb11QATfd4RhhDgiT9ww2KUMIc+2YTDYlXb+Ronxo1fsjLN2pf6GgP4mlC3+Yed++p3Ebctx0YZnCIcZAQzlsWiWdf5kDXK1YebNh91HvmOG1/BSMO8Gzi64z5fsqndx4e1O4a3r/RMfGFHjM3MAm1MQNtjPTe8+vpHwMftN9GuQJ6H7Onqyux4jj/xZB1H2AI5W14Af/XVGPvWvPPFiz8OFlqjD8BCe9fZY8O49tuXLs9+v5J0EeWq/7b8ChnVdlnHanZcUec+2gofsiHyV86+FOmZNhR1GUYScW2PvfAIsqnr4oymfNYl03fjGOV86VWi4vfhX4yhrS+ZIG2+fRvaZunL7TYS8rDtYLCDugu9kLu4y4TDmAttPtp+tQOW8dZHW75GPHH6ILudKmVzDiRolyWuvbdl0AP7HhyrFzSGBmEGdT7fuzxwIT9sPjiPcj7GHD76hbQyTlQ5ivWHfgF1DO1WlJ4XugyEwR82arGdrzagXOMC5N3WOYXVibg+wy572DnkQMOqsgxts+pTTL7T9FkmbNzRlj/32a9TrBxryzVLl/6UF62PdsGXrsjn+CevkDE/0rTDPse1MVnRl+znijqdZVxhx1UOnSYKYOs8Pv20YiG7W2bMa5v3Ve2i614OjNHDDG3tuU71pamCe40H5mkxX2vSCZsD99H/mPSijrAHwGIQyBzQ1ca5vRs11fk97Iij4oJFXivnPBJ4gi0Wu7oO87G4hrEu5n5xjrld19mbRIRtEOeGd39XxbqQVpbwoS+x03LnX8DKlh1dGTOrvOw+C/e3L/2sXQbI9vYch5sm7IXMHCnGs+7GhFVRbkorK7tlDftt1wf0a1HO11jHV78flU/6V00CNLStms+FuVIE1Cf/tMBhBD8c+x50aKRh5t1qZyUTNo0QYibjcY8r0PlSzic9SOzWYfIcp6hCPFj9hsE3jEfjDGqj0rSVk0cPOq4gmK04jjOew2SwybP6HEJBPEke9mDmuutviAxu76IStputudE21sQOj7ZTn7UL8honcJh7YKSBsmHnCXfS2xcfozgIGxQhH2kGsj7ruj2BBCV7VmfHF2fIY9Lp0++Q4Bm5wq0dV1zeMDFn6iSMKpOcvVILO9MaB4UzDB4QFwyqoozATXjsBmvSTTK0hYImzhljF6SftEssJvpMuvbu1MivMbTD0VWux6WPa9htwsR72JFHJZY/Kb6w67YCMWmAbBu/uwoU7FRh8hpnsIM8YEdYE9Zd/Zq2jiEeH88I8cQ5PEOzlWg1/wAAQABJREFU8xwGQVE79pk4sMLelM01lLInH6Ekyers3Q1djlnjtu+3J/0n3nyrfUmfp1GQPPjQ8mcetrDEjhQrPg1D7BZoO3uQFTYYg1Lf3Bsld8BYGmGwWhlKlWIcFGAm/jjjeRMn3mHICPjDDtjG2e+dq7j31Z9kbX+Q13K8Y4ZJ2kG7zS5Lm2UP7F1FT7nbXuxundS/2Yp8GETYzpbj4vo2n+0ZFlTgXQhblIPdeXANO82ZBWzoA92JObNLE4x2MZFsXFb+vtob3222KV/c0RihQTEHZZBx6HuwCwa42nISrhvjEey0YcsrWNBg2iv3HiyuMMazSe8R0mjdroOOC0ZicYYsCOu6pHbbVki6cqcbl/vbVznsZ42vK0Q5W86EvBzloKw17GEgXYpLGifGjV+yMEVes/SlvsYAyEe5JtR99bvIsy3HTnvyKXhFOrNjKAwibedL1ihXH27vfDMn5Cs0dtnQltljeNfQ1g4bd54km9p9fJi8GBd32LWk9MLuMX7YDci0B3ELJ014LKaB3OguWDbXk45Xjbw2SG/+OwvygtvywsGHHpF3LewHdD4m7668ivBp9CQI50uXZ79fcboIpFmu+m/Lr5BRbVfZYzUfbYVP2bDcfandloR9/ct+FpBdzBezMIHuyt1xRlM+65Lpu3GMcr70KlHx+/C3ZZSwHd5MGj5lAhNn0tG3oW2pfTnyabeRri4Qu7ia9tXWISaVz1y35esknSUWIJu04nYlNXGHHe2yxMnrtgyapPexF6m7C7F9vndh5bH97HY8rK9DWF9jDh/9gm8Zx2YRdo7F6ab+RM3jGJnW3RzHZxtQrnEBGNg6p7A6EddnhDG0/cphaJtVn2Lym6bPMmHjjrb8mbR5hdHXos65Rts+2gVfuqIVMf5J0w77HNfGPVNcs59r1nGFHVe5dJqYyzdtW9QmHOYrNJgPCpubN++IO6ecVm9kGNuLFVxDW1/9j0nLx7F3n4M0O8zVluLKOY908y2TgueMOTvbYfM41AEY+MPuAHpY/IZxqe2efubZII5i9RdVtS74liXi9CV2Wu78CzjbsqMrY2aVl+3nmOXcHvuE2fHYZYD9S5LDDsum/YHux7iqKjelkZVNGZKOdn1AvxblfI11fPX7Ufmkf9UkQEPbqvlcmKu/CJgdMtARQMiEsBDljDCKsEnKKcRhG3G5kxC+lPNReTX+9mcPXUWPCePzaDpUTBq4ziiOMbmd5Mzke5ySMyoOezATN6Fjf9IbhpFR7sWXXg4EBcRtO5uvazhrhzPntuLNNXz2xSdqUGTykGYg67Ou2xNI7oomk6dijnZ8rgF7WDz2py2xitF2dlxxecOuC6ZuJylREL+t+LWN12x/GPUnORjxwAgEaScZ2mLhQJQzKxoRTxqDyFsnLf+cMxSntjPGSIgLSseHH3m0YKWaHd4+R3nMJ2pwPwzpMYHtGivZ9xR7bisQMTEb5+yBpfv5PKPwgvFiXN1A/Biwojz4cz8Tl7aO+XxGcWX+4osvg7xCeZzGmZW9KJ+945Q9+Ths+Ig0UcWGeWfBu0HeYDCFHc2htPXtoEw3z8tt05FWGgWJPWGYNDGOOOvt3ViniaPt7EFW1GDMTK5hJ0fXYVK1cbOWOu40xmXu/XbbVuokFeK03ztXce+zP8nS/pTrHTOM0w7abXZZ2ix7YO8qesrd9vYfMNBgiDzaEzLup6psOS6ub/PZntmLr9AGGId3rGGT5vodm/XCbP1lCPTHaEPciRKzMh311HZZ+ftqb3y32XYZo86hYDPtrf0sYXhl/N0drewda+bNez2IGmMvcw92pbWdrWiKm8gw9ww67sQgLkzcFeOS2m1bIekqVZPS8VUO+1m7O9DaebA/5xm2I54d1rCHXFOqi4sjbvyShanJa6l9qd1PZhkDIB/lmlD32e/acmzYp+IMXxzNLtV4zvZXdGyGpcoa5ezDza7aKEfYBKRdZpxjIZqp28VOVJm4kmRTu4+PkhdNXGmOSenFxWHXL3ehYtx9pV675rpRAV+0bbaz5QV3AYYdzpzjqzTmWZ1x5tnGOzim0ZMgsC9dnv1+xY03y1n/bfkVMqrtKnus5qOt8CkblrsvNfpAjIPtxUn2M7DPzadhUafdL8tEGU35rkum78YxyvnSq0TF78PfnmyO00HbdTSrTJA230Z+QbsT58yzcI1jcI/d1pTalyMeu42EPGw72/ADhipY0OwagNjh3XNbvobBS5zDFxhMWz7gmGPjgkZes8sSJ6/bMiiMLuKcWXSJvOErXcb5fu9MvFFHux13dTPmHl9jDh/9gm8Zx5Qx6ogd7c0ntcPkUjs/rnG1zzagXOMCcLB1TmF1IqrPiGJo+9t6ncvVV8psZ481z7vgQvtSwTlkbvNe4wuUtsuqTzFxmXYyrs8yYeOOtvyJjTfiHDbsMeWCnsM4X+2CL13Rihj/pGmH7XFH1rl4wz7qaD/XrOMKOy5bD+am7VNuRdzYYRn1LUyW+bfaDMDMyUEfFubMO+LKEphPNfUY86xJDvO1JrxraOur/0nKQzHXsWM98gtZvBRXznkk29DV3VnY2B1cdfU1uhjGgNg1vEZbjfJijgoycDGuqtYFu+9G25LVxelL7LTc+Reka8uOCGu7rPKyHVfWc/OOhul47TLcNH5iYlL210OHj1i+GVhVlZvSyMqJhf4rgF0f4uqer7GOr34/bfkYrmoQqIZsCB0JVFEC8+e/I1179Na567hfB7nh+msjc6oMB0QZ1OjrM558XHbccQd9HvVP7UIg/Q4+TF/u1bO7DB92WRC0VZt95PMvvpCddtpRpk97LPAPO+nYuauogatsueUWMnvms2FBIv3USnD5448/ZfPNN5cXZz8fGS7tBeT5zTffEmVcIB9+9JEsW/az/Lxsmfz88y+y7OdlOi3E1aJFM7l14vi8aE1eGjVqIHfdPinvmvtDGXbJjz8ulVp71pQHp0x2L8f+VsKjXHnVSB3mrjsmSaOGDULDT5n6oAw+a4i+dv21V0un/TuGhnvp5VfkoEMO19fOPOM0GXjMgCBczdr15Pff/0jNV63ok2uvv0HfP+LKYdKjW9cgLl98GjdtKd9+953UqLG7PPrQlCB+c3LyqWeIEsT1z+lPPiY77bijuRQcfdZ1ZUwpyqhYx73wgwVBGqWe2PE9/+x02XabbWKjuvuee+W8Cy7SYdznZ8cVl7dx4yeKEhJ1HJddcqH07XNgbJpKCSTKWFzUIFa23XYbef6Z6Tq8MioVtaOlPj/i8EPl/HPPiY0HF5VBrrzy6muy1lpryrvz38wLn7auvz1/vnTrsTzPNXbfLS8e98e7770feB137EA5/dSTg99KGSQHHXqEfPLJp4HfOuusLXXq1JaGDRpIm9atpE7tWsE190QNVEQpw9V783twaeONN5YGe9dX9+8tHTq0T3ymwY0hJ9NnPCODjjtBX7n04qHSr2+fkFAVXvbzOOfswTKg/5FBWGXgLGoHYv07ide///Mf+eijhTps/b3qyX333BnEk7aO+XxGQeIhJ2++9bb06FXBpEvn/eXakVeFhMr3Uiu5RS040J6znntatt56K32OfqBn7776/OQTj5eT1F9Wp5RRMuLqa/KiwTuEutG4UUPpsE972WCDDfKuuz/w/qF/Qv7QXynlru6fdD+l+iv0LcYNPv1UGTTwaPNTH9XOfdKoaQt93rNHN7nyisvzruMH6rBSlmn/f/xjc9l0k00Kwtge5p2qVk3kvXfekjXWWENfVpOoUrd+I33eudP+ct01hc/DZvLk44/IzjtXD6J+9bV5onYh1L+vHjFcunXtElxLc2K3IWnatqg44947n/1JlvanXO+YYWT3PXFtURw7E5c5xrVZixYvln327aSDHnnEYXLekLPNbfpYzrYXchL62zinlHm6n8QR/Tj6c+Psehknx/lsz5SBgrRu20Fn4fprRyqZcD99riYP5YBuPWXdddeVea/MVX3xWnL4kQNETbTKqSefKCccf6wOp3Z4FqWkFGWYKxdfeIEcfFBF22jKlIW/r/amMtpsU76oI7io3X8F7fIxRx8lZw0+XQcdcfVIGXvTBFlvvfXktZfnyJprrhlE8dtvv0v9ho31mMLuW9TOxzLptju0PDTvlZfUM1knuEctlpErhi9vP5P6bdMmI4Lbbp0ozZo2CeJKOklqt9XOx3LLrbfpaKLk7Kg0fJUj7bNWEzuiFg3q7BzUr49cctHQqKxJ9V330Ndatmgut0wcFxouyzgxbvyShanJaKl9qa8xAPKhJgrlgSkP6iy9NGeWbLbZpiZ7BUdlwCNq0a72f3bGk7L99tsVhIny8NnvppVjkRc1sSNPTHtKZ+vtN1+Tv6l2E85u00uVNcrZh5sx+eabbSYvzpmpyxD3TxlKiPospQ5y/313S726dQqCZ5VN7T4+Sl60E82anh2Xe27XiTQ6Mfd+9zfGhO8sWCDKqFHeemu+1mPY+iXom4xz+dp168orLpOePbqboKFHm2NYW5ZGT4KIfenybJZxuohy1n9bfh174w2yT/u2eSztttRcKHasZu5zj/bzLLWt8CkblrsvNW3PNltvLTOfm+HiKfht19cHJt8jdZU+xji1k5W8++574rZjvuuS6bvddEw+cPSlV7Hj9H2ONlPtEKyjjdNB+5QJ0pZBGc3IokWLC8ZL7v3mWYTpgdO2NYgzqi/HNbvOvfHaS3l6Geg+j1dywNNPL5+zqLZaNamx++5a19e8WVNp1bKFrL766oiqwCXJ1/YN9vNq26a1jL/pRvtyqnO7LHHyejEyqNo1XUbfOFan/5Cax9hTzWfA+X7vdKQx/+x2PEoP4WvMgWxk7RfsvjmNjBNT9NSXjjjqaJk1a7ZuI+e88Jysttpqwb3q61pyjXqW0N3NfHa5/hMBfLYB5RoXIN9JOqeoPgP3Jjm1oYiohR862ICjjpRzzhoc3FLMWHPp0qVKB9BU3wu9JvSbtsuiTzHxmHYyrs8yYeOOtrwSp69CHBjPYVwHN2HcGD1ngnNf7YIvXZGRQdKySTP+QTnjXJp22Oe4Ni4vuGY/16zjCjuuuDriU25FGez2+LlnnpLttt0W3trNVDYNRyrbBrixN45SMn47fW7/M++IK0vY5YnqV+x4oBfCeAmuRYt8GwGf/Y+dZtw52hewfuPNN9W4811ZquaFlqn5GMgeGGv++uuv+vawude4eM21cs4jIc0WrduJ2hlY652hf4aDbNSgUTP5Sc173XfPHVJ/r73kxrE3ydUjr5MmjRvJHbfdosPhX/eeB8pbb8+X/TvuJ6Ouq7ChCC4mnFTVulCsLJFFX2KnFTb/Eic7ZpWXEx5P3uUs+lm7DLdMuElaKhk+ztn2M/ZcalWVm9LIynHlta/Z9SFOjvU11vHV79tl4HnVJ0BD26r/jP6nc2gPCMMGcjYcI4RgsP3+grcjFUTmniXffCNNm7fWP9u1bS3jxi5X/vhSzpu0wo6YqN6zzl76EozY7rnr9rBgqfzQEahP54pafZkqvCtE4yYzaFtVDG1L4at2/5RTTz9TMxxy9plyVP8j9Dn++eITNSgyCaUZyPqs68UodU0e444mPhhlvDv/DaX8Ui9kjIMy5pDDjtQhjh7QX84+84wgtIkLHnGTW2o3MBk/4WZ9HwYmGKAkuXYdOor6/KE2Innr9Vd0cLVrm6hdJ/V5mCAeFmc/ZeT9sjL2XnvttWTB22/kBbEHN3EDdywQgHKiFAdjITNoM/ejbRszZpw8/Ohj8tNPPxnv4Fi9+k7Sp3cvQRlthaUJgMHtuPET5OlnntPGyMYfRzzORg0bSv8jD5d2bdvYl1KdJykQ7UiijNYw4QtD6VIcyv7UE48Gt6atY76fUZAB50Tt8i1qxzHtCwMxGIoluSHnDZV775usgz089X6pWbPC2Cbt5GNS/O51LARQKyHltXmvu5f0e7BP+/ZyvDIA33XXXQquf7RwkQw69gRZ/PHHBdfCPEo1tIWxMupxKe7luS/IpptWGOamGWTBuLS5UqLk/psT2+gMaRvDs7/97W+CeG3DszR5K6VtC4s37r3z2Z8g7VLbn3K9Y4ZP2kF7HDsTlzlGtVm4bg/so/qXcrW9V1x+qfTu1cNkO/IY1k8icNq+zWd7hnTbd9hftx2HHNxPLhp6PrxkzE3j5Kqrr1X90XI5HkaUUDrtVa+uTL63whDOrl+uQltHpP6Vyt9Xe1NZbbYpX9RR7Q6h2/O6yvjsAWWEBndA917yzjsL9OKJMaOvL7jVTKjYjM0EYNMmjeX2SRUymbkRi6GgwCvF2YbVae5PardthWTcxH1YWr7KkfZZFzP5GWdo62OcGDd+ycLUcC61Ly2ln4xq28o1oe6z300rx4JzlHFOKQzNczNHu401fmmPYWOZqHtLGd+bCSzE6RqCws+HbGr38XHKe1/pIZ4oV2z9iooH/tNnPC2nDz5b1O6EccGCay5fW16YrBY67qUWPMY5TKjttkct9dU1kdq19pSpD9yXFzyNngQ3+NLlpX2/ylX/UTZbfg0ztEWYLGM13B/lfLQVPmXDcvelRh8Ig8RJt0yIwhT4q92e5YbRY/TviePHSutWLYNrRmZyDWZ81yXTd7vpmIz41KuYOCvjaBtuxhnallJHo2SCtOVYWQxtUR4soFS7Xona7Uw+/fSzgiJCB3JAl856oeLGG22Udz1JvrYD289rZTC09f3e2SzCzu12PMogyteYw6SfpV8oRsYx6WU92nMzri69U5du8t77HxQYJiFNn21AucYFyHeSzimqz8C9Sc6eV61MQ1vko1R9iilDUp9lwiUdbfnTrT/uvVGGtr7aBR+6osoY/7gcwn6nkbuLHXfEzcWH5cH2s59r1nGFHVdcHfEpt6IsS5YskWat2ur5g7PU/Ocxah7UuLOHnCeT758if//7xmozrpnBBiDmOo7mHXENbYtt+7Dv3u4162i5wLUR8N3/2Pl3z5EPbHg1+sYxevznXnd/V6ahrY931eRXfY1K7rl3st6IBRuywL3++hvSq89BstGGG8orL83WdisL1KK7LmrxHebQ5736ol4IjXE3NnzBJhHDh10qvXom6+5NujhW1bpQjCyRVT9jpxU2/5Kkv8wiL9vPIurch37WLsNzTz8p220Xv/A/qu0ttr6gTFFjJ59yUxpZOYqv62/Xhzhdna+xjs+2xC0Lf1ddAjS0rbrPhjlTBOwBYZKhrdnBCuDS7KSJXTl6HdhPc+7W9QC1GvMKfY5/vpTzQYQRJ0ZZu8UW/5A5s56LCBXv/dVXXyvjwP7KiONjHRA7j8FYdocd/il/VztRbqgEOPOHhh7OFaLhZ/KyqhjaokwYNGAlUtpdJ+yVha4hii8+UYMi5BcuzUDWZ11PO4FUkbvk/3Z8c9Uuzf9QuzXHuQemTFU7SJ2rg5ymdmaFgZ5xdlxxhrb2BGqaVa0YrNSqu7fetXWrrbaUF55/RidptzcN1U7Ld98xyWQl9Ih4MPjBIChssJd24P7avHlyYN+KXS+x++ZZg5cbG4cl/N/cf2X1v1b077DDDpE71P75558C5RCMv7Drrvr8sh7Mmzi7HtBZRgwfFrkoAStK1SesBLt/v6L+sNLOOBjcXnjB+QKDp2JckgLRjivKaM1WCCC8u5LejsOcG2brr79+noFw2jpWWc/I5M8c1We4pbcyeoLr0b2rfj7mWtTR7PaA6/bgKu3kY1S8Sf4wVJ/xzDOqbrym65dt1L3hhhvIzRPG5e0ahuepPn8UTNZjAr222l15W7Uj7kYbbqT6qQ1kIzWhs0CtXlafydHJl2poC4N5GM7DYfJi3XX/ps+j/pn6gev77dtBGQyvrYOmHWSZ9LCbrVGioJ42bdFa1CcZ1Q5e4TvvRuXH+Nt90uWXXix9DuxlLhV1jHvvfPYndqaKbX/K9Y6ZPKYdtMexM3GZY1Sbhev2wD5M0WPiwLGy294TTzhOTjmpYmdxO137vKKfrK+/CuB+sSFt3+azPUPejOH6LrvsLNMee1hn1yx2wU6f2PETbrGSh9VnXPVCktdenqvbFnxJAfneUfWZM556XIeL+lcsf/P+I74s7U1lt9lR5b1+1Gi5Tv1hJ+/X1e5Xv/36m9o1vLlWdA+77BI5sHfPglvNhBQW64Ax3F5ql9ucWnDgfp0A10aPuUlGXnMdTtUEfie1Y9ZyYxPt6fyz2+S969eXbbbZ2gkR/TOp3bYVksUa2voqR9pn7cPQ1tc4MW78koWp/STNu1RMX+prDIB8+FQM2+Vyz332u2nlWOQhytDWh6xRrj7cHgOkHd+biS4wcA1Bfcmmdh8fp7z3lR7KEuXsccEz06fJP/+5fVTQWH/0mdjdHEavaOthXIhFdFttuaXuVzfYYEMlt2+odwh/anrF7p4uX1teuHbkCOnSuWJn/6iE7d2VsJM5djS3XRo9CcL70uWlfb/KVf9RNlt+jTK0RTi4YsdqFXdF//fRVviUDcvZl4KK0QemkSUR3t5NzuxcBX+4KKMp33XJ9N1RhrZ2m4p8ZdGr4P7KcrbhZpyhrU+ZIG1ZViZDW7tM+PLOrBdma13fm2oHOXxpz7jdd9tVtb83B4uP4Z8kX5t7cbSf18pgaOv7vbNZhJ3b7TjGjmFf+fI15nDTL6VfSCvjuGll+Y1FAPiK1S+//EvrnM0iWzsvI4ZfrnSm3fKS8dkGlGtcgAIk6Zyi+oy8wkf8sOc5KtvQ1mShWH2KuS+pzzLhko62/BlnRIl4jF4D5/aOtr7aBTO+Rfyl6orsvtrH+Ad5SePSyN0+x7VJebKfa9ZxhR1XXB3xKbea8hlm9qJCGPY1bNJCb5Zz2KEHy9DzK+ZJzT3maN4R19DW7jPSzIt+8+230qRZKx2tayNgx1WZujvICscef6Le5AcZWX/99aRlixb668KbbbppMEe0ofpq4kD1ZcwffvgxdO7VsIk7ptnR1se7avKAsfGxx5+kNyvCpiubqK8sXjfqBrl+1I36i734cq9xTZq30vNG2P0fMpO9szF2dN/iH/8wQVMd7edXleqC3X9Xtr7ETits/qUY/WWx8nLSQ/Kln7XLcKfadKxxwqZj+XZQy3elr6pyUxpZOYm1uW7Xh7i652us47MtMWXgcSUgoIQ1OhKosgQ++ODD3E671NB/p51xZmw+1Y6uQdinn3k2NiwuqpVFQXi1eiMvfMvW7fW11u065PmH/WjWso0Oqwxqwi7H+pl0UMYff/wxNmzURdUh5pVDCeehQZUAG4Q7ov/RBWFq7FlHX+93yGEF11yP+g2b6LBdu/dyLyX+Vgr6IB/qc+eR4ZUBZhBOrb6ODIc4TB1B3LYzz6b6rjVy6vO49qXQ81NPHxzEpVYt5oXxxadRkxY6jU4HdM+L3/w46ZTTgzwsXLTIeOcdfdZ11AXDLy+REn/Y8c2c9UJiLJcPGx6kj3fSdnZctr97ft/kB4I4EF+SU8rFILxafRsE//XX33LmOdfZq0FOGRoF18JOPlq4MIhn95q1C4KkreuffPJpEM+hh/cviMeXx7fffpebMPGWHMpmnvm9992fOvoPP1qYG3rRJbnqu+0R3A+WxThluBvce9fd98Teqgwlg7Dq0zV5YdHeogx4XlFtXt4NET/S1rFyPaNPP11eFw7o3jMi1/nealAecEIdNk4NogL/666/wXhXyhH9i/oMSe6wI48K0nT7RHNt591q5p58anpkPpQRQhCH26bjJtRjU3/VBGZoPJAXTJhXX3stNEwaz2XLlgXxoG2OclMffDgIpxTZOpgybg/85qoyleLsfhDvXqku7r3z2Z/E5S+p/SnXO2byiPbH1JG4tiiOnYnLHOPaLPTnJr1LLhtmbkl19N32KoP3xHTtftJti9L2bT7bM2T42eee1wwh0/3www9arlOfkdV+n3/+RV6ZIL+D9+NPTNP+PXr31b/VZwHzwqX5kcTfV3tTzjbbLreaPNBswEtNuOceevgR/Rucv16yxA4anH/62WfBPdOefCo34+lngt/z31kQhDMnkDVM/Vef+zTelXJMarfx/pm8RMnZURnzVY60zxr12uT1vAsujMqW9jfhINfYztc4MW78koWpnddS+lJfYwDkAzKF4fjVV1/ZWSs4t/tO9F/FOPverDqLtHIs8nf8iScH5fvXr78GWfYha5SzD7fl3jTj+54H9gvKPe/1N4Jy48SXbGr38XHyoq/08grh/LDr8RPTnnSupvupFkvl1OfkNTe8+4sWLY68UX2KO+CLts12trww4qqR9qXQc7wP5h2EXsZ1afQkuMfo2LLq8tK+X+Ws/7b8Chk1rUszVkuKy0db4VM2LGdfCjZGTwRdyG+/LR9zR3GD/Gzqs6szgS4Q1/B+2c53XTJ9t5uOnaYvvYodp+9z6HsMyzgdtE+ZIG0Z1OI+nTe0O3HOPIswPXDatgbxR/XluGa3kZCH0zrokB597Ilcu306Bpzd+Zck+dpOy35e6vOp9qXU53ZZ4uT1YmTQq6+5Lijf22/PD/Li+70LIo44sdvxKD2ErzFHRBa0d9p+Ia2ME5dWKdfU7o76eeHdQV7hRo0eo/3UF85yasOLgmh9tgG2PFWZ4wIUIknnFNVnFAAI8bDnVdWGBnkh7LEmeMc5u/9224e4+3AtSZ9i7jftZFyfZcLGHW35M27eEXGor7UF7YL6SmgQra92wZeuyOf4JyhkwkmadtjnuDYhOzn7uWYdV9hxxdURu967etGo/NrPyp6jMeEffGj5/MFnn3+uvdUmOUE9tPsnc485mnfElSVsG4c086KYrzVy1eH9B5jo9bEc/Q8SsvWQBx1yeC5ObunT7xCdX8jipbhyziMhf8pgL7fL7nvqPJvxePdeffTvB6Y+mFcE09cNvbBizufKq67W4Tp2OiAvXNofVbUupJUlfOhL7LTC5l+KkR1t7mnkZTt82Lkv/axdhlsn3R6WVJ5fVL2oqnJTGlk5r4AxP+z6gH4tyvka6/jq96PySf+qSUDtUEBHAlWXgD0gTBrITbz5Vi2IQFAcM3ZcYqHUzlhB+EcefSwvfLcevfU1tWtBnr/7Q62yzWEiGmm6RkVu2LDfameZIA8wLkpyMCxQq7ByP/20XGnW96BDdRxqh85A+RAWjy3AukI0whvF8apkaHv0oOMCvu7EWhgj9QkiHT7MuMAXn6hBkclPmoGsz7pejFLX5DHuaMfnGkeG3WcEaLxDb771Vl4QO668C84PGHVEDRCdoPqnWlkYhFe7HOUFOWbQ8cE1tcI175r9A4o+O2wWQ1soouvVb6TTrbd3YzuZSjm3B81hk5hJidoCo2scnXRvkgLRvj/OaA0Ke/PM333vPfu2os7T1rFyPSOks1eDioUM6H+MQjmqUOgLDIf2HTrmBUs7+Zh3U8YfyL+Z3Ea+zKQiJiNNG3rU0YNiU7EHnWF9eRoFCdoewyXNgDMqQ2kHWTBYMQYJxqj5oksu03lo3qptotF+VPow2jXlgGIpyWHQ//3332s5Ac/CuLj3zmd/YtKLO0a1P+V6x0ze0g7a49iZuMwxrs2yB/Zhih4TR9zRV9vbpv2+ccnoazCGN3XPnXRJq5T22Z4hU6jf6GuRLxh3mmfToWPngvLAoBbhzhlyfg7vpzHIhbFuqS6Kv6/2ZkW02WCB52QW4GACWn0mXLNTO+fEolI7eOlwQ867IIdJO/Bu0LhZaHuHyQJTn9IYescmnHAxqd22FZJ4L4txvsqR9lnbk5+lGtr6GifGjV+yMLX5l9KX+hwDDBs+IqineEZxzhjvo15jIrYY57PfTSvHIn9Rxjk+ZI1y9uGQI017Av1GnMOiSehIgvCWoa1P2dTu46OU9z7Tiyuz2pkrKC+MYJMc2kzIjvgzDgvEDLNxEyYa79CjPZZ39S22vJDG2MoeA6jPmxekl0ZPgpt86fLSvl/lrP+2/Ao5qFiHvIaN1dLE46utKPdY10dfCj5mLIt3I84IAmExhsdYHmEhY/373/+Gd+CijKZ81yXTd+MY5XzpVaLi9+EPLqZNijO09SkTpM33qmBoa8qqvgoSLKqHoZDtkuRrO6z9vNK0/fa95jxte1+MDBplaOv7vTNliDra7TjOw5yvMUdY3K4fyh/XL6SRcdw4ffzGQn7z3htDuP07d9V+UfODPtuAco0LwMroNVDesDoR1Wek4WzPq7qGtjBWNnOakHninG0IGMU/7n5ci9KnmPvS9FkmbNzRlj9N3YkKH2Vo66td8KUr8jX+ieIQ5p+mHfY5rg3Lg+1nP9c0fUvcuMKOK66OoB74kltNWaDXNONTM84yxpZhuk1zH47mHXENbd96++2gvcTYLMnZ9dK1EShX/3PNdaOCPCP/Uc5eABo29xp1n+1fznkkk64xDoZu+selS7V8hfYWdh22g24bbb/R05tFwuiDSnFVtS6kkSV86UvstMLmX4qRHcOeQZy8HBbe9vOln7XLgHmPJGfmKFHXsMGBcVVVbkojK5syJB3t+hClq0McvsY6dvuaZU46qVy8XrUI0NC2aj0P5sYhYA8IkwZyX375VTBAhGELjFKjHFaMwaANnQsUpu5KWEwa4xr+0HlGOey0asK5iqioe2z/xx6fFtwPQcpVwNphp0x9KAg7eszy3aDMDgQtWrWzgxecXzXy2uB+V4hGYKM4XpUMbe2dkTAojduhFIoNo2Do3eegAn6++EQNikyCp5x2RvCcoiZ5fdb1tBNIJn9JRzs+7Cgc9x6+/MqrwQq/xs1aFjwfO66kdM3udTCmidvBEgM0e3L8hdlz8qJ+7bV5ud32qDDkwW4lUTtNqU80BM8JbUDYYC/twB0ZsFfLm9WOeRmzfkBARN3Gn/qscHAF/sgv/tTn6gN/92Tp0p+CvNvGeyg77sUq7ri2yDbASjOBa6efpEC0w8YZrRWzow6MUQ2vUo25kS8fz8guX9S5UbCgXoVNMtv3XWbVQ7TxtktryGPfE3WOthP1AvUDCu84Zw/ezAISezeAM848O+72HNpf06+WamhrT6hish2D9TiHvhh1BOWzXTGDLFM/oBgDL7OK/aqrr7GjLPoc8YEH+ifsGhnlUMZ99++iw8Jw396tLu6989WfZG1/UC7DEOUttR2M4uP6333vfUE9Q1sd5eLYuffEtVn2wN5V9JS77QVftKFRDv0kdns376Fb74rp23y1Zyav6hM8Ol9oZ2B4iDy6E0YIi68S4BrkEOzSinP001Bquy4rf1/tjc822y1j0m8Yv4IR2ksjp7p9ihuH+SIBxh9moRpk2CjXsk3F10Lq1m8YLMKICot+xvTbf/zxR1SwUP+kdttWSOK9LNb5KEfaZ23XrVINbX2NE029cCd1wC8rU/sZmH6gmL7U1xjg4Uce1e8B3gX0EVEOz8WMCxHWLCqKCu/6++p3EW8xY6UoQ1vE40PWMM8OTCqzD7f7b5Q/blEaFk0iP+bPNgT1KZtCX2TSQJ7CnM/0wuI3fhgDmq+PYGIY9TXK4esse9Sqp/OO/tU4e1HU/Q9MMd4FR+jQzAIYlN/mi8C2vIAxOr72EOVg6GvaK8S1aNHigqBp9CS4yZcur5j3q1z13550goxqXNaxmokn6eijrfAlG5azLwUXu93vP2Bgge7KZocxrGkTTj61cOecOKMpn3UJOjbkA3mPcr70KlHx+/CHoYvhGWdoi7R8yQRp870yGNpCJws9B/4wxxLnjCEjvkJk6wST5Gs7Tvt5pTGGsu8152nb+2Jk0ChDW6Tp870zZYg62nJMnB4i65jDV7+QRsaJKmsWf+TfMLjgwou1XGDaAYzvo5yvNqBc4wKUI0nnFNdnRHEw/njnDbcwvYnZyRp6E7y7Uc7oXhCXu2FHVn2KSTNNn2XCxh1t+TPOiBJxRBna4pqPdsEez2fRTdvtRpbxD8qV1qVph32Oa5PyZT/XrOMKO66kOuJLbrXLd+bZQ/R7Cb2rbcwbt+EP7o/SydhzENhJFfOtUQ4ygfkCLN7nMBsB0/ZWpu7ONrw3O/uG5RnztqYNC5t7DbvH9UtjaOvrXTVpw3YD+YZcZexHwmRY7H5rNobARkLm3MynmfjSHqtqXUgjS/jSl8TNv4BjlOzoQ15Oek5G35HVjscuA3b5N1/XDEsfX6QzG3yhfYBdgO2qotxk93lxsrJdjqjzNHUP9/oa6/huS6LKRf+qRYCGtlXreTA3DgF7QJhkaItbzUQxBBl8gj1skIhdaLFLkxHSzh96kZNqLnfnXcs/KXzWOecWXIcHPqcKg14TTymGtsgLViyZOKI+aQtBw6x2Q+eJlVDGmZ2nEIdrRGbCYMdeYzyIcGFCtFEcr0qGtjA0sgcPZqdBw8UcFy1anKtdb/luN/hslut88YkaFJn0ho+o+EQEntOEibcY74Kjr7pezARSQSZCPOz4UIao9xCTgI2aVij+EW7UDTcWxGbHVXDR8cAKIcSDP8QbZWhqK4fwGY6wNgLGHSYuTFRi4AulLD7vgh1wW7XdR1+HQaAx2g0b7BUzcMe7ayZFUdegqApzS775JgdhHPnDDpq2cIyBtMl3l249I40LbWEVCkvj8AzM/WHtoglnK1tgoFiMS1Ig2nHFGa3hU7HGkBF5xirqMAcDnaMHLt/91jWsLqaO+XhGYXl0/ebPfyeHiQ2UC8eowbUZqCMcJskxcLJd2slH+56484MPPSKoH0g7zKFPM+8H6rP9Hpr+EoNKu96aeKAMsAeKKFephraI037uA489IdIQw17l7hqWFTPIsnf/st+xUgy5DBMcbWMHKLkgD4Q5vLNghj98ash2Se+dj/4ka/uD/JbrHUNaz/9liAleqCtRLomdfV9cmxWn6Cl324syY5etdxa8a2c/OLfrEt5n19CxmL7NV3tmMmdWBrfdZ79AvsO75zq0RWYnMdN2QR4Jcz74+2hv0rbZaCvx2Uz088g7fmd19rjHtCNJO0XabZ65J84gCzKtCQdFnr17op1/THQY5XLYwjc7bNh5Urtt9zOltM8+ypH2WdsKulINbX2NE+PGL1mZ2s/Rrldp+1JfYwAYHZo6ih2b3bYP+UTbYu/+h/DFGtoiHh/9LuIpRo6NM7T1IWuUqw+HDFm/YcXXH8D/2utHAUWBg/xs5GnzXF1DUF+yKRY7mQW72Nkb9STM+UovLG7bz564xIReWF2GnzHcAB/sVGac/ZlU1PewfgYLGc2OLFF8bXkBYaLG6DCWRh9t4kG/HebS6knsPi2LLq+Y96tc9T/K0Ba8jLwDjqWM1cKYu34+2gpfsmE5+1JwMPpAU0+vHzXaxaN/u21P2CJV8+6hb3Wdz7pkPlOLPIN7mPOlV0Hcjz8xLYcNJKAzc3fsCks7rR90doZ7mJGCHY8vmcCOM+58ZTC0/ZdaFGH03dhhGRPOYW7RosVBXwajetslydd2WPt5lWpom7a9L0YGjTO09fne2SzCztPqIXyMOXz0C2llHJQV7z3kafxFjfXCmET5mR0P0VaaMTv0wHGLrHy1AeUcFyTpnOL6jCh2xt+eV71cfYXGdSeefFrQvmKDnzCH8bktU7uGtubZoJ3OMpeQps8Ky5/rZ8ufSUaUcYa2vtoFH7oin+Mfl1fU77TtsK9xbVQ+jL/9XFHXsowr7LiS6ogvudWUA0ekaeQao/PAHApsDeJcnE7Gfg8Rzp6PMXGif7bHXMhDmI2Aj/7HpBl1nHz/AwEDs7OvG/a999/Pm/sLm3t17wn7ncbQFvf5eFdN+mZnYOgIYGsB1ujTwpy5bvps2H5gA4xSXVWsC2llCR/6krj5FzCNkh19yMtJz8yXftYuA+pW+w4dczDadh30UrYdFOb0XVcV5aa0srJblrDfaeuez7GOz7YkrEz0q3oEqiFLQkcCVZSAWo0h+3U6QOeuW9cucvWI4bE5/ebbb2W/jl3kp2XLdLgaNXaXtm1aS8sWzUWtxpaZs14QtTOXLFq0WF/feuutZNpjD8t6662XF6+aMBPVCYlqiLV/x/06SK+ePWT77beTb5Z8I2++9baMHTdeNt54Y1GdsHz//Q+yxRb/kDmznsuLJ80PZZwiBx16uOT+W/EqNmywt7Rt21qaNW0qn3zyiSjDDVErz0UJyDq6/kceLueec1YQtVplK6eefqb+/fe/byxdD+gibVq3ku23207l8y2ZO/clue/++6VOnTryxhtv6nAtWjSTWyeOD+LAiTJIkD/++FMaNWogd90+Ke+a+2PvRk3lxx+XSq09a8qDUya7l2N/q9V5cuVVI3WYu+6YJI0aNggNP2XqgzL4rCH62vXXXi2d9u8YGk4pruWgQw7X18484zQZeMyAvHAzZ86SIwcM1H7VVqsmzZs1lZbNm0vjxo0031mzZsuMZ57RzxCB9mnfTsbeOCovDvzwxadx05by7XffCermow9NKUhnyoMPyeAzz9H+a6+9lrRv10467NNONtlkE2napHEQ3lddP/KoY/R7gYgXfrAgiL/UEzu+/TvuJ0rZLjV2303atWsrrVu2kGU//yzq0836Pfzqq691Mv/85/b6PVxrrbXykrXjSsqbmgAUtTurqAlUHceWW26h2LWVFs2b6Xdz9uy58rx6/19W9QVu9dVXlymT75E9VR0Oc2rwIzeMHhN2SfvtuMMOct89d4gSkDU/PKsFb1ekbW5KW9dN+GFXXCkTbr5V/1x//fXUc28vTVQ93bNmTfnq669FTSbJzbdM0m0OAoXVd7WrnLz3/gc6DtQXtJsN1Tu2+WabyULV7qlJN1EDZgGvtdZaU3F/RMAfTilFRQ1odFuJ330O7K3akpbSYO/6Uq3aavLhRx/JuPETVHv0HC7LTjvuINMef0Sz1B4p/k2f8YwMOu4EHfLSi4dKv759Iu9Sk1SiFAD6+jlnD5YB/Y/MC6t2WJWjBx6n/apVE9VutpGmjRvr/P6i2uX3P/hA8/rss891GPQDt0wclxdHMXUMN/p4RnkZiPgx4uqRMvamCfoq+qe2bVrpfmyPPWrodnymareee/553WYj0PnnniNHHH5oXmxvvPmW9OzdV/udfOLxcpL6y+Kemj5Djj3+JB3FuuuuK8cM6K/rVt06tWXp0qWiPjei2/aFCxfpMAf27inDLrskSHLIeUPl3vsq+ovq1XeSAzp3ktatWsoaa64h8+a9IWqnZFGG0FK37vK+avDpp8qggUcHceAE9bRR0xbar2ePbnLlFZfnXTc/lixZImqHV/n551+0V53ataRVqxbqnWos66yztixcuFgmP/CAvPRSRZuw1VZbysNT79dtrYlDDVKlbv1G+mfnTvvL/7N3H2BOVG0Yhr/dpXdRaaIUQRE7KijSpYgFEBHFAlJUqqiAgNgbIiIiTXpHfsWGDQRBOkgXBAtYKGKhIx12//OdNXGSTbJZdjZuNs9cF2Qy5cyZe2YnM5M3ZwYNfM0zKsWrnk7XrF1Pdvz2m3fc5cZGjzPp7UwrY/ZcQMspXPgM8zlV1+4TRYqcLcuWfW3HqZ12um2+nP25FC1SxL7X/1L7u3Pr8yQ9xx9PZSP1N2ZaA5eadeqaHxwmL/naKpXllpsbytlnn20/N3LmzGlHpGbnqbe+hjpm/fTzz1Kvwc128tb3t5Qnn+jlnTXSx96bGjawn8G5c+U2n821zXG+lv0c0PNNPa54/ia0gqNHDrfnlN7Kmp60fra5cTzzLN95XaDD9Pi4esVSyZYtm2cS76t5koFZnwXe94E+R3SkG/5uHG/CPWbr33qr1v+e604YN9qe23pX9DR6tm7dJuaHf9459Xri66WLJD4+3jvMv8fcpBcTdpO//z7kHbVk4TxzzlXU+97ZY74QFROctddQOrzkOedI3bp15NoqVcz1VUn5+edf7Paa/v4H9pooe/bsMnH8GNHrorR0qR23zRMJZNz4ibbI2bM+NecyZdJSvLixHuFuaz1OmdZEbP3ubnGnvPDcM0Hrev4FFe04/3Mdt64TQ12/pNfUuVKn81nq1jWAltOg4S3yk9kXtatw4QXSqWMHKWfOWY4cPSrfm/PrUaPHyPYdO6R8+fLyrTnv0W7u7Jnec2k7IIz/3PrcTct5bOeHH5HPZ35ha7d+3SrJY84XnF16zzW0rEh9hr87/X0xrQvZ6nuu72vXrGnOS6822+lHe62p1wnx5tq/ivl8//LLeXba6e+8LVea80xP59a5qZZnfpgiJhxvi7bnubfeIheb8/YKF14oeo6pnZvLswUG+U/Py/UcWD/ftNNrtvr19dyxlhw9esycryyVefPmm2ulH+34iy+uaM+B7Zt//ruhfkPRe2La6fVog/r17PnRrt27zXn7GnMO/b4dr+u4fsO3djp/X+f5gue+gF6j1zP3N2qZa8yCBQua6+iF5pxknmzcuMmWocf+T2Z8YP/u7ADHf+HeJ3HrXl5a/r60mpHY/9+e9j958unnrMpbw4aYa4I6XqH0Xqt5C0qlx41jhRvnhpH8LFUSz/3AcuXOt+dHem/k+qrXiR579B6qHnvmL1hg75XoPWLtgt3D1nvNmzZ9Z+/RLFvy77mqncn859a+ZILmMv29D2yxZ55Z2N5T1TqXKFFCKpr7kZ7OjfsqBw4cFBOAM8eYo7bYju0flG6PPeJZRLpe9dzL/AjLlpHaPWi3zgnCrbD5YY79fkHPa+fPmx10tlDnUWk51oT6LO/6aHd7v08rsXbVcsmfP7+3Ps+/+LJMmDjZvi9dupTcd8/d9l5OebM/62fXsuXLpf9rA73fpeh3L7r/errUzq890+mrc3vp586oEcOco8PqD/d4n5ZzUPM0Lhk67C27/I/M9xj+94Ld+rtLbQXDvQ/hxjWHW58L4Zzj6HqbAKbM+PhTS9Cv74v2e7TUPEKN979G1Wn1Ox+9Fx6sc+sYEMnrgtTuOaX2mRHMQoc775+0a9taevfs4TO581pRvyfR+7zVzb3zs88+y57nmdaDZdKUqXKF+U5xzT/ftzRudIu8/tqr3nLcuJ+ihYX7meVdcJAe5/lnqO8ddfZJk6eKafTIlhTo3pcbxwU37hVpBd26/rErG8Z/4R6H3bquTa1Kzu2a3usKZ1mp7SNaLzfOW53rp/c8atWpb+8r6LWsZgICfVfvnEf7Q51LmGCmzVCYxjnsbPaay3zHrd+7FCxQwH4nOmfOl7Lpu+/N53sjMY0J2ekCLdeNzx9beIj/9O+iavXadgq979jo1pvtvWf9TkiPW3q9qceeXOa+dXbzvZFpPdl+j7lpQ3K2IUTRKUbpMSpS3yN5Fq7bWJepmRFP53+t7Bk+cvRY6ffqv983ne65k6e8zLovhHMu4cb9klDfv6hRqHPH9J4ve7ZBsFfnZ256cjzOdfD8PZ97bkmpr3/zJhek35HodameX3i+p9WswexZn0kR872Xs8uM503hnis71yNUfzj7npvXOm597odaJ8ZlLgGCtplre1AbPwHnBWGwm5R+s8hGc8PywfYdxRPi8x/veV+2bBkZPWJ40C/GNKD5QPtOol8kB+r0A2v6O1Pl8V595AfzJYWewC5ekPwlTqDpQw2bbU50H3msh/emZLBpH3ygrWjwyPnFt578vvBiX3vyGWw+/XJl+jvTpNI119pJ/L+E1YGeG8dZLWir6/bRjI+ld5+nvKE0HRao02DmwAGvSp48eVKMdssn1EWRLlT3N/NrZdm8eYtPHXQb6smQs3NjX0/LTV3nsoP1O8vbtGGt3HVPS1lnAn/BupIlz5FJ48faELv/NM6yUgva6rz6pWLHLl19QkL+Zep7PbEcNHCAvdgMNN4zTP8ux5owxjcmsK5fSupNJw2wa4CwVct7RYNYnjq6EbTVv2U9oZ885W1PFYK+djDhw+7mWODfabhUjyV6THJ2GkQ113jeTk++Bw963YTlL/EO0x7zqFfp89Szsn//fu9w/3l1hAbW9eb7WWed6Z0unJ7UbiA6ywgVWvNMZx51aOt74sQJz6CArxo61hv8uXLl8hnv2X46MJx9zI1t5FOBIG90OX379feGgYJMZgLQIo90fVg6d2yfYpJwv3xMMWOQAXrhNWjwUBk2fIQNansm898/9H3b1vdLD3Pz2xl+079P07KsrFy12jNrilf9QcXddzWXe1q2tuMChcnDvUGiBazfsMGcD3Ty/lAlxQL/GaABCP2Bif6Yxtml5SJL53N+eaPvn3vmKbn3nhbam67OtDQkpqUJ748ighWmf9f6QxENdTi7cP7u3Pg8Se/xR+scqb8xXdYTfZ6W/707XXt9umWLF9gvFnRgOHaemUMds1K70RPpY68GWXr2Tg4peervfNWbvc882Ufuu/du52Dbn9ab0m4cz5yVME8qkN9//8MO0h+kDB/6pnO0t9/5pYkO1B/WlS9fzjve2eOGf3qPN+Ees02r+9L98V7e6vd/ta80bdLY+/50e0wrs7Jt23Y7u/+XZ8HKNC1kysxZyaECtVXjUJ15FJf5sU0XWWVumofq9IdAgwcNtD+YCjVdoHGpHbedNyRPJ2iry0zveoS7rd0I2urfnxvXiaGuX9wwdW7L0/ksdesaQL/AaXZnC/nD/LA2WPf0k0/Iz7/8Yr+Y1WnmzZmV4vwh2LzO4W587qblPDZUOEfrld5zDS0jkp/hgwYPkTcHBw/v6P2SEcOHiGmFyJ6/av3eMz9+0h+IeTq3zk21PL3f8Fj3np6iva/6Iy39sZZ2bi7Pu4AgPaYlF9EfnHiO60Emk2rVqtrr4kIm9OrsTKv30u7B9iHPoZ9/9mnz5eHuoL7+5wsa+DEtpjgX49OvP4Qb8uYbKX7g45koLfdJ3LiXl5a/L61jJPb/UEHb9F6reZxTe3XrWBGpa103PkvVxHk/8JWXXpQmtzf3uWfi76b3XIcNedP8CNL3/oNOl1poyq19ScMWDW9plOI+aAtzvf3i88/6VDm991X0Ryh6LqlhEe2a3X6b9Ov7ks8yTveNeoQbtNVluHVOEE59oyVou8/c3+tlrv30Hqez87+Xo/fC9dh+W5NGzsnMj5fD/wGyc3udblgk3ON9Ws5BneeXgYK2bv3d+cAFeRPOfQidNb3XHG59LoRzjqP1bdy0mTnvSv4hWqgfYOq04XbaoIbzHuIs09iD/uAhVOfWMSBS1wWp3XNK7TMjlIXze9VAQVudN7WGRvSHBJMmjPX+MDfQ97Nu3E9Jy2dWqHX2P/8M1sCPluG8ZxQoaOvWcSG994o86+vG9Y+nrNRewz0OazluXNemVh//7Zqe6wr/skLtI1ov3Q/Se97qv37+f3f6fXQj80PNUF2oezI637Zt2+Q+01BHqOu/q6+qJFMmjRfz5Fu7qEAZAR2R3s8fW3gq/+m9Tf2+Pth3evod3rSpE629NggR6LvXVBZhR0fyeyRnfbr16GkCzR/bQaEaM3Aep3XiZ59+MuC9eGfZqfVnxn0hnHMJN+6XpPb9S6hzx/SeL6e2XfRY4sb9Wec6fDHzE9NY0ygxrdIHXbyG7fUzrlKlKwNOkxnPm8I9Vw64Qn4Dw9n33L7Wcetz329VeJtZBcyvK+gQyLQCJizmfYyAPgIv3E4fUdP/tdeT9NF92ny6858+tlqb0NfmwFPrTAt7tnl/fSy3swx9TJ750sbOblrcteO03PR0+lga0zKL91G3nuXpo530EQKpPaJ9wqTJSfqYS89jC3V+c9Jsm8Pfu2+frZqnTH0Mnn/neRSaLiu1zvO4xtQe2xWonHAfz2Fu9HrNgz36Tst3Pm5Dyw7W6eMmTDAhxSPf1KTRbbcn6SMrzE2oYLN750uvT6jHfHgWro8K0cftmJaDvQb6SLJAXXr39bQ8EjHQ8v2H+Zenj6XU7aKPPPfsf/qqj8HQxxyYix3/Irzv/cvyjgjRYy7OkvTRP/qoM+fytP+Sy69K0kfvns4jXtU50GM7PI9c0b8f/y7cfd1/PnOzwPtYEec6lK9wSZL5wjTJBDT8Z/F5r5bHP9sAAEAASURBVOavvPpakmmdLkkfPeMpQ/t1P1IDc/LoM4/zje5/nR9+1D6GxzOvvuo66t/KiFFjQj6qy1mWf39qj8RyTh/qMezO6UxLqkn66Co93jnrq8dCfcSWHjuD/W2fzj6my07vNnLWP1S/aV3GPtbHeVzXddRtqY+hWLpsedDZw32cZtACgozQx+6aAH2SfjY5vfVvXIdrnYN1um8+/ezzPo/+0TL0WKefYeZGXqrH9HAf+eOpgz4uydwQS6p0zb+PGfbU+9rra9j9+dDhw57JfV7T8tgQndG0yOg10f3R89nrU+hpvlEbfaSU55zDsw7277p+Q3v+EGx54f7dpffzRFctvccfD08k/sb08TF6PKtRq67PsVL3MU8Xrp1OH+qYldqji3T+SB97V65alXTb7c29+6xnn9LzHBMa1ioF7E73sy09xzNnRfRc2VNX/ZsI1m3dts07XTjn6G74p+d4E+4xWx/9ZFqTs+f7eg4S7BHlwVyCDddzA4+r+ZV9sMl8hjsf96bndOF0eowwLcom3VCvoXd5nuXquaF+RuzcuTOcogJOk9px2/mILf27PN0uPesR7rY2LYx5jXT7hOo8hnpeE6hL73ViqOsXt0w99T7dz1K3rgHMFx1J5kc6Ptdh6mtaF7aPxdZ6PvPcC95tY74U9lQ9za/p/dxNy3msCcZ76xzsvCc95xrOlY/EZ7guzzypKODnmHnaTdLGTZtslQa9OcS73vq359+5cW7qKVMfm35rk9uT9LGWnr9J//sYbi7Ps9xgr3peqI+orHxdNW99tF5aP72m03tius2DdXos1mtP/3N+PRc1Lcbb2UL5BjpfMEGMpDr1bvSpj57LmqdmeLdZsPro8LTcJ0nvvby0/H0565yR+//Ut6d57fQcNVCXnmu1QOUFGubWsSI954aR/iz1v1+q1wu9n3gqyQRAvdtE/770nHPM2PFJ+pkUrAv3MeBu7Ev66No27R5KuvSKq731DHZOkZ77Krqueg9Kjy96X9q0Ah9s9dM8XPc3zzE13HvQbp0TpFZZvb+mddPryVBdqPOotBxrQn2WP/xIN69TsO879Nxd9z/n55Rnv9Vzn2DnxqmdXzvX3bm92j3YwTkqTf3hHO/Tcg46YOAgr4/+XQTr3Pi7C1a2Z3g49yE806bnmsNThhufC+Gc4+g9d92fTKv6nkWn+9XzWHUtV89dwu3cOgZE4rogtXtO4X5mBLL5wfG96suvvBpoEjtsyLC37DlsuQsv9v6d6PmZaWXWPoJ+79693uHBvp91435KWj6zgq1MoPPPYNPq90e6b+m/UPey3TgupOdekbP+blz/OMsL1R/Ocdgzf3qvaz3lBHsNtF1P97oiUFnBluscnp7zVmc52q/fTXr2vcuuvDpJPxdS60KdS3jm1e1gQnj2O1BP+fqq39mYgLH3u03PuGD3j7Q8Nz5/PPUK9qrf69/W7M4U5yV6/vDj5i12Nr1HrfUN9N1rsHKdwyP5PZJzuSZI7N3GjzzW3TkqRb95wqh32tP53jpFgWZAZtwXwjmXSO/9ktS+fwnn3PF0z5cDbYdAw9J7f9Z/HfR7b83S6HWo529bXzVLYJ7GG1YWIrOdN6XlXDmQsf+w1Pa9jLjWcetz339deJ/5BGjRNrMmoKmXKwL6KxFt9Uof5ZyQEC8lipewj5F3tggbzoK0HH20V2JSopQuVVoKFPj3EUzhzJ+WaczJhK2vtqRT8pwSUrJkSdNqoWkiMMxOW5jQx0CcUaiQbV0nR44cYc4ZG5N5fHW/KGAepVWiRHGfR4VnNgV99Nr+Awek8BlnmEdlZA9aPbf29aALCHNEsJZfzMef3a/1V5X6aO5zTUu2nkdzh1l0miczF1Ly286dcuTwYfPIzuL2sZ1u/z14WtZL7VFxaa68mWH//gPWTFuXLWHqX9KYaau6ael0/9m8eYucMq2RXmAecxuoRZVQ5ekv+XR+/eWbtgKe1uWHKtvtcbqueqzXY6c+GrHUeeelaMHW7WW6sY3CqZP+qk5bidmzZ699xOQ55rNBH5n+X3facvyvW7eav+eSonVKS/fHn3/aR4XrfOeYx1em9XM5LcvSafUYqccDbZVCfxVdulQp88jaAmktJuT0+mgQPSZo69GhWtoMWUgYI/XX2LqvnzItoFeocGHAVtjDKCboJG59nqT3+KMVjNTfmK6zPg45f758rnsGhQ4xIpLHXn3U62bz+Nt48/lSyrTqfIY538jILrMez5zrnF7/SBxv9Hw/n9lfo7nTxwzqMVkfbVaq1Hn2EVZpuebJLOseTesRDdeJbnyWunUNoC0r6fb17J8Ztc+59bnrZv3cONeI1Ge41nWrOR9NyJZNyp1f9rTPkd06N9XrXj1nT8iWIP4txTq3kVvLc5YZqN+5f+XPn0/Klyvn89SJQPM4h+n6aMswuk5lSpcO+4kmoVqL0sdomi/BJK9pPVGfKOF8xLlz2aH603KfJFL38pz1jdT+71ymf396rtX8ywr23o1jRTScGzpbtNUnoXg6Eyq017S7Tav9er+meLFirt8zcWtf0nN+vR+q90pCXXun575KZjw/deucwLPNs8Krfi788uuv9pHGF5inUhQy3x9k5i7c472b6+DW311qddJtEe59CDeuOdL7uRDsHMf5GPC2rVvJE71TtvKfmkWg8c7HLOtTJfTpcmnt3DoGROq6IK3rF2p6E7Q1LZsnP/0mWIu2zvkPHzkiG81TDfT7Mr3+Od3vbdJ7P0XrFO5nlrP+Gd3vxnFB/+bduDft1vVPuGbhHoed1x3p+S7ev14ZfV3hv7xQ76PhvFXvsW0138H+Ze5l6Pmpfm+Znnttbnz+hDI9ceKEyTN8Z+uo15uZ4V6nW3+rodY7EuMy474Q7FzC3yNS90v8l+t5r/tARp4vZ8T9WY9ZoUIF7ZN5Az252bN+wV4z23mTbodwz5WDrZNneLj7nmd6N16zyrHEDYusWgZB26y6ZVkvBBBA4D8QCBa0/Q+qclqL1Ec2ffhR8qMW7rqzuVSvdn3QclatXi3N70q+yVe7Vk37CIagEzMCAQSyvID5Vbz0HzDQrufY0SOkZo3qWX6dWUEEEEAAAQTcFOCz1E1NykLgvxMI9YX4f1crlozA6QkEC9qeXmnMhQACCGQtAfO0Lbm3ZWu7UuPGjBR9HLkb3f1tH5CFCxebH8vnlMULvwr5AyY3lpfVylj+9QoxT3qwq9W7Vw9p1yZ5G2W19WR9sr4A1xVZfxuzhggggAACCESjAEHbaNxq1BkBBBDIpALRHrTVX2iax76J/pKyePFiMmL4ULm44kUptFeuWi1duj4q5hEAdtzokcNFw7Z0CCAQmwJ67Li1cVPRVgVKly4lc2Z9lq5fi8emImuNAAIIIBDLAnyWxvLWZ92zmgBfiGe1LRrb60PQNra3P2uPAAKhBaZMnSZPP/u8aQE1h6xescyVp4stWbpMWt7fxj4xqvkdt0vfl14IXQnGphB45rkXZPKUt+3wt4YNkXp166SYhgEIRIMA1xXRsJWoIwIIIIAAArEnQNA29rY5a4wAAghkmEC0B20V5tnnXpRJU6Z6jYoVKypXXH6ZlDOP2dy1a5d8bx69tGbNWjs+Lk7kkYe7SOdOHbzT04MAArEhsHHTd/Ld99/LihUrZfacL2Xv3n12xd8aNtjcwL4hNhBYSwQQQAABBNIhwGdpOvCYFYFMLMAX4pl441C1NAsQtE0zGTMggEAMCbzwUl8ZP2GSVKtWVSaMHX3aa75g4SLZsWOHfDV/oSxctEiOHTsuuXPnNj9k/1SKFSt22uXG0oz6KOo+Tz0rmzdvNvcrf7CrfvZZZ8lsY5g/f/5YomBds5AA1xVZaGOyKggggAACCGQhAYK2WWhjsioIIIDAfy2QFYK2SUlJ9hff/foPkCNHjgQl1Zt9A/q/Ig3q1ws6DSMQQCDrCgwdPkJeHzjIu4Lx8fHyZJ9e0uq+e73D6EEAAQQQQACB4AJ8lga3YQwC0SzAF+LRvPWou78AQVt/Ed4jgAAC/wp4vgvo3auHtGvT+t8RaexreX9bWbxkqXeuM84oJMOGvCmVr7naO4ye0AL6lK0qVat7J8qbN6+8/lo/qXsDrdl6UeiJOgGuK6Juk1FhBBBAAAEEYkKAoG1MbGZWEgEEEIiMwJix402Lr8m/mH71lZcjs9AMWsq27dvl85lfyJYtW2Tzlp9k586dUrZMGal4UQWpWLGivdFXokTxDFo6xSKAQGYXmPr2/2To8LekRPHiUr58eWl0y01y7bVVMnu1qR8CCCCAAAKZRoDP0kyzKagIAq4KfDV/gXz2+UxbZvuHHrDX0a4ugMIQiKDAE08+IydPnpDzy5aVhx5sF8ElsygEEEAg8ws83usJ+f33P+TZZ55M1+d9j569ZfnyFVKmTGlzj62ctGp5r5xbsmTmB8hENdy3f7906NhF9PuKMuY7jBZ3NpczzyyciWpIVRBIuwDXFWk3Yw4EEEAAAQQQyHgBgrYZb8wSEEAAAQQQQAABBBBAAAEEEEAAAQQQQAABBBBAAAEEEEAAAQQQQAABBBBAAAEEEEAAAQSiUICgbRRuNKqMAAIIIIAAAggggAACCCCAAAIIIIAAAggggAACCCCAAAIIIIAAAggggAACCCCAAAIIIJDxAgRtM96YJSCAAAIIIIAAAggggAACCCCAAAIIIIAAAggggAACCCCAAAIIIIAAAggggAACCCCAAAIIRKEAQdso3GhUGQEEEEAAAQQQQAABBBBAAAEEEEAAAQQQQAABBBBAAAEEEEAAAQQQQAABBBBAAAEEEEAg4wUI2ma8MUtAAAEEEEAAAQQQQAABBBBAAAEEEEAAAQQQQAABBBBAAAEEEEAAAQQQQAABBBBAAAEEEIhCAYK2UbjRqDICCCCAAAIIIIAAAggggAACCCCAAAIIIIAAAggggAACCCCAAAIIIIAAAggggAACCCCAQMYLELTNeGOWgAACCCCAAAIIIIAAAggggAACCCCAAAIIIIAAAggggAACCCCAAAIIIIAAAggggAACCCAQhQIEbaNwo1FlBBBAAAEEEEAAAQQQQAABBBBAAAEEEEAAAQQQQAABBBBAAAEEEEAAAQQQQAABBBBAAIGMFyBom/HGLAEBBBBAAAEEEEAAAQQQQAABBBBAAAEEEEAAAQQQQAABBBBAAAEEEEAAAQQQQAABBBBAIAoFCNpG4UajyggggAACCCCAAAIIIIAAAggggAACCCCAAAIIIIAAAggggAACCCCAAAIIIIAAAggggAACGS9A0DbjjVkCAggggAACCCCAAAIIIIAAAggggAACCCCAAAIIIIAAAggggAACCCCAAAIIIIAAAggggEAUChC0jcKNRpURQAABBBBAAAEEEEAAAQQQQAABBBBAAAEEEEAAAQQQQAABBBBAAAEEEEAAAQQQQAABBDJegKBtxhuzBAQQQAABBBBAAAEEEEAAAQQQQAABBBBAAAEEEEAAAQQQQAABBBBAAAEEEEAAAQQQQACBKBQgaBuFG40qI4AAAggggAACCCCAAAIIIIAAAggggAACCCCAAAIIIIAAAggggAACCCCAAAIIIIAAAghkvABB24w3ZgkIIIAAAggggAACCCCAAAIIIIAAAggggAACCCCAAAIIIIAAAggggAACCCCAAAIIIIAAAlEoQNA2CjcaVUYAAQQQQAABBBBAAAEEEEAAAQQQQAABBBBAAAEEEEAAAQQQQAABBBBAAAEEEEAAAQQQyHgBgrYZb8wSEEAAAQQQQAABBBBAAAEEEEAAAQQQQAABBBBAAAEEEEAAAQQQQAABBBBAAAEEEEAAAQSiUICgbRRuNKqMAAIIIIAAAggggAACCCCAAAIIIIAAAggggAACCCCAAAIIIIAAAggggAACCCCAAAIIIJDxAgRtM96YJSCAAAIIIIAAAggggAACCCCAAAIIIBATAnPnfSUrV62269quzf1SuHDhmFhv50ouWrxERo8dJ5defLF07tRBcubM6RxNf5QKHD58WAYNHiqbN2+Rhx5sJ5WvuTpK14RqI4AAAggggAACCCCAAAIIIIAAAggggEBaBQjaplWM6RFAAAEEEEAAAQQQQAABBBBAAAEEEEAgoMCLL78i48ZPtONmz/pUypYpE3C6rDrwxIkTUq1mHdm1a7ddxf79XpamtzXJqqsbU+s1fsIkeeGlvnadzz23pMydPVPi4+NjyoCVRQABBBBAAAEEEEAAAQQQQAABBBBAIFYFCNrG6pZnvRFAAAEEEEAAAQQQQAABBBBAAAEEEHBZINaDtseOHZOq1WvLvn37rOxLLzwrd93Z3GVlivsvBEaOHiv9Xn3NLrp48WIyf+5sSUhI+C+qwjIRQAABBBBAAAEEEEAAAQQQQAABBBBAIMICBG0jDM7iEEAAAQQQQAABBBBAAAEEEEAAAQQQyKoCsR601e06e86XMnzEKLnskkuk5+PdJXfuXFl1c8fUeh04cFBeMUHbzZs3S+dOHaRG9Woxtf6sLAIIIIAAAggggAACCCCAAAIIIIAAArEsQNA2lrc+644AAggggAACCCCAAAIIIIAAAggggICLAgRtXcSkKAQQQAABBBBAAAEEEEAAAQQQQAABBBBAAIFMIUDQNlNsBiqBAAIIIIAAAggggAACCCCAAAIIIIBA9AsQtI3+bcgaIIAAAggggAACCCCAAAIIIIAAAggggAACCPgKELT19eAdAggggAACCCCAAAIIIIAAAggggAACCPwjcOrUKdm1e7ecdeaZkpCQkKpLqKBtYmKiHDhwQAoVKpRqOYEmSEpKkl27dsuZZxaW+Pj4QJOEPezo0aOyd+8+KVLk7KDr5VlegQL5JWfOnGGXnZ4J9+7dK/nz55ds2bKdVjH79x+QuLg40TpndHfw4EFJMPXMkzv3aS1K9wfdt/Lly3faZeiC9+zZIwULFgy6HUNVTuuwZ89eu0+pW0Z0u3fvMXWLP+393lmnkydPirqfccYZzsH0I4AAAggggAACCCCAAAIIIIAAAggggEAGCxC0zWBgikcAAQQQQAABBBBAAAEEEEAAAQQQQCCaBPbt2yf/e2e6TH/vffnl162iYcTcJkx5ccWL5NJLL5HbmjS2/YHWyT9oW6Z0aZk4aYosWrxEVq5aZYK2B6XkOefIVVddKfXr1ZUbG9QPVIx3mIYUBw8dJt+s3yA//rhZDh8+LHny5JGLKlwoFU19Wt13r5QpU9o7vbNn2jvvypgx4+yg1/r3s3V+a8QoWbxkqaxZu05OnDghA8zwJo1vdc4mc76cK2PHT5C1Zppjx45LXHyclD6vlNzRrKm0bXO/DcF269FLvvnmG8mRI4d8+vGHPvO/3LefzPtqvh324fvvSt68eb3jN333nTzc9TH7/r777pGW994jy5Z/LR98+JF8vWKlbN26zQZGS513rjRseKN07tjeLsNbQICejZu+k1Gjx9hlHjz4t52iaNEiUqtmTen+WFcpXLiwTJw8RSaZ7aDdm4NeN34VbH9a/5s9Z6588ulnsn7DBlPXrXb2c889Vy684AK5954WUu36qiGL1KDojE8+lYkTJ8t33/9gt4HOcMYZhey+0Pr+lnJ+2bIhy9D9cfyESbJk6TLZsOFb+WvXLsmePbuZr4xcdNFF8nDnjnKe8QvWaRh5+IiRsm7dN/Ltxk1y6NAhu40uvKC82S8rSZdOHXy2maecbdu3S5u2D9q3TZs2kQ4PJfd7xntejx8/bo2mTntHNm7caPchHZcrVy65/PJL5Z4WLcy61gsaDH6iz9OyYuVKW9zsWZ+JhsJHjR4ry79eYfdbfa9h9YoXVZAe3R+Vyy691LNoXhFAAAEEEEAAAQQQQAABBBBAAAEEEEAggwQI2mYQLMUigAACCCCAAAIIIIAAAggggAACCCAQbQLrvlkvD7XvZMOLweqeM2cO6fvSC9K4kW9AVaf3D9pqYHf0P2FX//K0AdG+L71oA6z+4/T95zNnyVPPPGdbng00Xodp4HD0iGFy5ZVXpJhkxMjR8uprr9vhUydPkM8/nyWTpkz1mc4/aDt0+Ah5feAgn2mcby4wYcxpUyZJh85dZPnyFaal2xyycf1a5yTS9dHuNmipA9euWm5bqPVMsNaEO2+/4y77tmuXTnL99dfJfa3aeMOYnuk8r+efX1amTpogZ511pmeQz+uyZculVZsHRAOsgbqCBQrIuLGjZP78BTJo8FA7yXvvTpMrLr8s0ORBh2nLxq/2HyCjx44POo1uz9b3t5Ie3R4NGA7W1nofMPvWmjW+Xs4CtSXfV15+0YS5GzkHe/u1DPXVsHSwToPYzz7dR25veluKSTRY27Hzw7J9+44U4zwDNKQ7cED/FEY//fyz1Gtws51MA8FPPtHLM4v39Y8//7R/P+tNADhUd921VWTI4DekkGmJ179rbcK8CxYusoN//G6DdOj0sA1/+0+n77Vl5949e0ib1q0CjWYYAggggAACCCCAAAIIIIAAAggggAACCLgkQNDWJUiKQQABBBBAAAEEEEAAAQQQQAABBBBAIJoFtLVVDYFqK67aeVpFvb7qdaZVzSOyatUaee+DD72hzl49u8sDbdv4rLIzaNvs9ttMq7gfmBY3LxEt47LLLpU///xL5i9YKHPnfWXn09ZiRwwbIjfUqe1TjrbSemvjpnaYhi9r1qwuV15xuZQvV060lduFixbJzFlfSFKSthSaUzQ8WuHCC33KcAZtb2rYQD4zQdv8+fPJFaacyy+7zIQU46R2rZreFkE//WymCXE+ZsvUAOPlJoxao9r1omFXbW124aLF8qtp4bdWzRpy8OBBWbV6TbqCtnVvqGNaLl1ly9AyK19zjcSZtKq2gjp56tve7aCO/fq+5LNu+kaDn83uaCH7Dxyw48qWKS3Vq1eTqypVku9/+EEWmfp+Y1qeLVa0qF3PqW//z053OkHb7o/3tq3uagHaSnH7h9pZ772m9ePlpkXeTz+faVvj1fHdTCu6Hds/pL3eTlthbdz0Dtm8eYsdpvtWDVPXa6tUke07dpjWaZfKypWrRQO92g01IVT/1o61BeIbb24kv/zyq52mZo3q0uz2pmb7lDHl/mRafP1aZnz8idk2ya36vjttilSqdKWdVv/bvOUnadSkqXXV/e6+e+6227JIkbNt67ZLli6XTz/73E5foEB+WbzwK8ljWnL2dKkFbbVl3JtuaWLXR+cpaEK011e91rTye71tuVf3n6UmGK3TaXeRaZH2w/fesS0k2wH//OcM2nr+hqped61UqVLZtBxc3oaE1dsTWNbWfGd+OkNKly7lLIZ+BBBAAAEEEEAAAQQQQAABBBBAAAEEEHBRgKCti5gUhQACCCCAAAIIIIAAAggggAACCCCAQDQKaMCxye3NTchzk63+zTc1lDffGJBiVbTF2zvuvNsGIgOFEZ1BW535zjuaycsvPZ+inOEjRsprA96wwxvUryfDhvi2Itul62MmGDvTjn/5xeflzubNUpShwVFt8Va7xx7tKp06+IY7nUFbnaZy5Wtk1FtDJV++fPrWp/tm/Xq56+77vCHMUW8Ns+FUn4nMm5f79pMx4yZ4B+fIkV02bVjnfa894bZoq9OWKnWevPP2lBQt1mogtXHTZibgfMyEb0Xmzp4l2tKqp9u//4Dc1qy5Df7qsAcfaCs9e3TzjPa+zp4z17a+m5RoEsn/dNPfeduGlj3vU3vdseM3qVmnrg0ga5j3ow/f8wmg6vy//bZTbjHB6P3790uxYkVlwbw5kpCQ4C1aWxbW7aGdtj48ZeI4EzDO6R2vPe+bEHePnk/YYWefdZbMnvWpT2vAH3w4Q7o/ntyKbJPGjWRA/1d85tc3X86dJw+aVnO189+Hez3xpLw7/X07Tltkbn7H7bbf+V/fV171ttr7wnPPyN0t7vSOTi1o++TTz8rb096x01e48AKZ/s40yZ07l3d+7dlngsmNmjSTHb/9Zoc/3KWjdO3S2WcaZ9BWR/Tu1UPatWntM01iYqL07vOUDbLriNuaNJbXXu3rMw1vEEAAAQQQQAABBBBAAAEEEEAAAQQQQMA9AYK27llSEgIIIIAAAggggAACCCCAAAIIIIAAAlEpMOfLufJQh+TA3wWm1Uxt9dTZmqdzpV5/400ZOuwtO+ilF56Vu+5s7h3tDNpefVUleXvKRPt4e+8E//ScPHlSatdtYAOaJUoUl4VffemdJMk0U/vhRx9LYuIpKVSoUIrWbr0Tmp5rrr1e9uzZa1oNrSoTxiUHOT3jnUHb8uXLyUfvv5si3OmZtlOXrqaF3Nn2bY9uj5oWWx/wjPJ51YBj+46dTaDzKzs8PUFbbTV37pyZcm7Jkj7L8LxxWg4f+qbUr1fXM0omTp4izz2f3Mqttuw6euTwgM46w8jRY6Xfq695501r0HbeV/Ol3YMd7PwdjEt34xOo27DhW9uSro7TFop122n3999/y9VVklt1PffckvK+2bcKFy5sx/n/99qAgTJ8xCg72D/o2rdffxk9ZpwdN37sKKluWhsO1Gl99+zZI9rSa6Nbb/FO0sS0qLve1FHd169daVpC9g3B6oS6X8745FNJMtu5ePHioi3JerpQQdu9e/dK5euqm302UTSA/tH7032C0Z4y9FWdmre4x4a68+XLKyuWLZYcOXJ4J3EGbYO1ZqwT79q1W2rUvsGWo8HeTz/+0FsGPQgggAACCCCAAAIIIIAAAggggAACCCDgrgBBW3c9KQ0BBBBAAAEEEEAAAQQQQAABBBBAAIGoE3is++Py0YxPbL1DhRh1ghMnTshX8xeaviQpWrSIXHbppXY+/c8ZDu32WFfp2N63lVnvhKanS9dHTau1s+ygFcsWBQ1fOufx729+1z2yavUa00ptXlm3eoXPaGfQtv1D7aRHt8d8xnveHD16VK6qfJ1tPVbLWbvqa9OKrGlGNki3ectP0qBhcoAzPUHbC02g+bNPPgqyFJFZX8yWjp272vHaWq22Wuvp7r6vlSxfnry+Mz6YLhdfXNEzKuBr5euqye7de+y4tAZtv//hB7npliZ23mrVqsr4MaNC+vhX4KMZH8tj3XvawantE7///rtcX6OOnfb6qtfJxPFjvMVNmDRZnn/hZfs+UAvG3gmD9Kilmmr3zrTJclWlSkGmDDw4VNB22jvvSp8nn7EzBmql1r9EZ+u3I00ryxpM9nTOoK229KwtPgfrbrqlsQk3/2hDw99+szrYZAxHAAEEEEAAAQQQQAABBBBAAAEEEEAAgXQKELRNJyCzI4AAAggggAACCCCAAAIIIIAAAgggEO0CNevUk+3bd9jVON3Qq87sDNpqSFLDksG6vq+8KqPHjrejtbXZSy65ONikQYff2eJeWblqtWmpNodsXL/WZzpn0HbMqLekVs0aPuM9bzZv3iINbrrVvq18zdW2FV7PuECv2mrp5ZUqy+HDh01LpNll04Z1PpN1fbS7fPLpZ3bY2lXLJX/+/N7xa9d9I7ffcZd93/yO26XvSy94x/n3rN+wQZo0TW4tuF3b1tK7Zw/vJJ6WfLNly2ZbZ3W2iOqdyNHT9oH2Jhy9wA5Ja9BW1/fqylVl/4EDdn5tQfeBdm2kSuVrgrai61i0PNHnafnfu9PtoHFjRkqN6tWco1P0V7rmOtm/f78ULFhQVq9Y6h2/cdN3cmvjpva95qBb3nevtDCtKWtrxeF048ZPtPunTquB6q5dOsutt9wsZ599VjizS6igbc/efWT6ex/YclILx+pEk6e8Lc88l7zt/VsJdgZtFy+YK8WKFQtaP21pWFvw1W79ulVBW6EOWgAjEEAAAQQQQAABBBBAAAEEEEAAAQQQQCAsAYK2YTExEQIIIIAAAggggAACCCCAAAIIIIAAAllXoOKlV9hH0J999tmybHFycO901tYZtJ0961MpW6ZM0GJef+NNGTrsLTs+WNB23759su6b9bJ23Tr5duMm2bd3nxw4eFAOmn8HDhy0YVctIFDg1Rm0nTp5gg2GBqrMkqXL5L5Wbeyo+1vdJ0/16R1oMp9hd919n6xYuSrgcsMN2nbt0kkeNv+CdT/+uFluvLmRHe0M2p48eVIqXHyZJCWJXFThQvlkRnLAM1g5OnzgoMEyZOhwO0lag7Y609Jly0VDndr6r6crVKiQXHP1VaLh5Pr160rJc87xjPJ5dYZBixQ5W84sXNhnvP+bTd99bwdpmPa7b78RDRN7urdGjJL+AwZ63trXkiXPsXW4tkplqV+vrk+w2TmhtsTc6eFH5Msv53kHx8XHGcMKdj2qXV9VNESckJDgHe/sCRW0bdPuIZm/YKGdfM6sz6RMmdK2P9h/X69YKS3uaWlHN7v9NunX9yXvpM6g7ZYfNnqHB+rpbNbn85lf2FEEbQMJMQwBBBBAAAEEEEAAAQQQQAABBBBAAAF3BAjauuNIKQgggAACCCCAAAIIIIAAAggggAACCESlwJEjR+WSyyvZumtwctrUSae9Hm4FbZNMivSNN4eYIO5wGyhNrULpCdouXrJUWt7f1i6i9f0t5ckneqW2OGlxbyv5+usVAVvSjWjQ9qIK8slH76da30GDh8ibg4fZ6d57d5pccfllqc7jP4EGnkeOGi1fzv1KNLTq7DQUW6VyZWnTupXcUKe2c5Q0bXanDUv7DAzzzddLF8mZZ/oGc7W14ImTpsiq1WtSlKItG9erW1c6dXhILrigfIrxGlIeMWqMaX32fdm6dVuK8bqsRrfeIp07dZBCpkVdZxcqaHvb7c3lm/UbRB2+37g+aFjXU94ff/4pVavVsm9vqFNLRr6VvG10AEFby8J/CCCAAAIIIIAAAggggAACCCCAAAIIZCoBgraZanNQGQQQQAABBBBAAAEEEEAAAQQQQAABBCIv4GnRtmjRIrJk4VenXQE3granTp2SDp262ECnViRfvrxSo3p1KVu2jJx15plSoEB+KWhCkAXy55eHOnaWPXv2BmxZNtwWbZ0tx1aufI28bVq/DdUlJibKFVdVkUOHDgVcbkYHbbVuV1epKntN677a2uuGdaske/bsoapsW6Od99V8O83ptGjrLFxbGf5i9peirbKuMP+279jhHa1B02effkruvaeFd5iGmDXMrN2Lzz8juXPn8Y4L1JOYlCgJ8fF21I0N6pswc85Ak8kvv/wqc+bONXVYZVsX3r9/v3c63UfGjh4pV15xuXeYf8/KVatl4aLFdj3WmRaTjx077p2kwoUXyMTxY31CvqGCtq1at5NFi5fY+efPmx20dV/PAtasXSfNmicbNWncSAb0f8UziqCtV4IeBBBAAAEEEEAAAQQQQAABBBBAAAEEMo8AQdvMsy2oCQIIIIAAAggggAACCCCAAAIIIIAAAv+JQM3a9byByVVfL5FChQqdVj3cCNquWbNWmt15t13+tVUqy1vDBkt+E6oN1N119302ZKktmW5cv9ZnknCDttqi71WVr7VBy/z588malctNy6QmMRqk2/LTT1L/xlvs2EAt6UYiaOtZb63EjA+my8UXVwxS2+TBVapWl127dts36Q3a+i9o85afZPKUqTJ56tuSlJhkR8+dPVNKlTrP9nfr0VM+/Ohj2//OtMlyVaXk1pP9y0nPew0/a3B26PC3ZNGi5MBrsWJFZfGCeWEVq/vA3HlfycA33pSff/nFztOk8a0mANvPO3+ooG23Hr3MOs6w044aMUzq1K7lnS9Qz//emS5PPPm0HfXgA22lZ49u3slo0dZLQQ8CCCCAAAIIIIAAAggggAACCCCAAAKZRoCgbabZFFQEAQQQQAABBBBAAAEEEEAAAQQQQACB/0agS9dH5bPPZ9mFT544Tq67tkrIiuzdu1cSTahSW1LV1kM9nRtB2zfeHCKDhwyzRX74/jty6SWXeIr3eT1x4oRUuuY6OXz4cMCWZcMN2mqhD3XoLHO+nGvL19Cjhh8DdRro7NDpYe+0/1XQdtz4iaLW2tWuVVNGvjVU4v9pBda/3qPHjpO+r/T3DnY7aOsp2BmoffnF5+XO5s3sKOfyn37yCWnV8l7PLK6/amvIdere6A2NOwO/4SxMW8mte+NNNjDs37pzqKDt2HET5KW+yaHcHt0elfYPPRBycS+81FfGT5hkpxk08DW55eabvNMTtPVS0IMAAggggAACCCCAAAIIIIAAAggggECmESBom2k2BRVBAAEEEEAAAQQQQAABBBBAAAEEEEDgvxHQkK2GbbW78sorZNqUiZItW7aAlfngwxnS/fFedly3x7pKx/YPeadzI2jrDGzOnzdbSp5zjrd8Z8/iJUul5f3JgdhAgde0BG1Xr14jd993v2h4Ny4+TkYOHxqwVVINU2qo0tMFWm4kWrTdt2+fNL7tDm+g1L9VVE/9Zs/5Ujp0ftjb0qwOT2vQVm327d9vW/mtXu36oPvFF7Pn2BCyLqNzpw7yaNcu2is7dvwmNWrXtf2XXXqJvG32rVy5ctn3gf7TffH48eM2wO1pGTYpKUm+mr9A9DVfvnxS+ZqrA81qhz3/4ssyYeJk2+8JjWswfM3adXbYuSVLSvny5YLOf/OtTeS773+wweVNG9Z61zdU0Hbnzt+leq06pn4iJUoUt60Mn3HGGQGXsX3HDmnUpJnsN6baEvPK5UskT5483mkJ2nop6EEAAQQQQAABBBBAAAEEEEAAAQQQQCDTCBC0zTSbgooggAACCCCAAAIIIIAAAggggAACCCDw3wgcO3ZMGt7SWH79dautQMv77pFnnuqTojJbt26TWxo3lUOHDknu3Lll0YK5UqhgQe90bgRtp7/3vvTs/aQts1fP7vJA2zbe8j093//wg2gg8Y8//rSDAgVe0xK01UI+/Ohj0ZCvdhq2vcy0pFvNBEvPL1tGVqxcJYsWL5Ft27bLVZWulFOmZdu1JrgZaLmRCNpqHX/8cbM0u7OF/P33IX0rpUqdJzWqVZNKla6QH374URYuXizfbtwkZxQqJDVr1JAPPvzITpfWoO2QocNl4KDBdt577r5Lnn/2advv/9+j3XrIjI8/tYMHDxooNzVs4J3kwfYd5cu5X9n39ereIMOGDArYAu/wESPltQFv2Ok6dnhIuj3a1VvGvS1by9Jly+37N98YIDff1NA7ztOj+3GDm26120m34dKF8+Xss8+yrR5fV62mtcqfP598+N67Urp0Kc9s3teff/5F6mmLtiYwW67c+TLrs4+940IFbXUibelYw8baXV/1Ohk3ZqQkJCTY957/tH7N7rxbNprtol0gT7eCthpKHjp8hK1TfWPeqWN7G5b21IVXBBBAAAEEEEAAAQQQQAABBBBAAAEEEAhfgKBt+FZMiQACCCCAAAIIIIAAAggggAACCCCAQJYV+HrFStOqaytv66faamidOrVMaLCqCeD+KtqC7Jdz58mff/5lDdq0biV9eicHUz0obgRt//jjD6lavbYtMj4+XhrderPUrlVTrrjichsu1RZWJ02ZalpFzS3Zs2eT337bGTDwmtagrS5QA6UaLA3WlSldWt6ZNtkEcnvJgoWLbIukG9ev9Zk8UkFbXejCRYul7QPt5dSpUz518LzRllLHjx0pK1eulldfe90Ofu/daXLF5Zd5Jkn1ddeu3VKtZh3b2q9OfGfzO8z2qCHXXH2VCW7Gy4+bN8vIUaO9QdqyZUrLTBNQdYZMdZtqAPbgwb/t8i6/7FKpWbO6XHfttWY75pQtW36Wd997T5YvX2HHFy9ezLYKW7hwYfte/3O2mKsh7wfbtZHKla+x66It/G74dqNdxy1bfrLzNL/jdun70gve+Z0t3WrI9r577rbzlzeB2u3bd8iy5cul/2sDZf+BA3aeAf37SZPGt3rnTy1o++dff8mNDW/1zn/RRRVsq8g1qlezdrq/zPlyrvz008+2TG35duanMyRv3rzeZWiPW0FbDYa3at3OW/aEcaOl2vVVve/pQQABBBBAAAEEEEAAAQQQQAABBBBAAIHwBQjahm/FlAgggAACCCCAAAIIIIAAAggggAACCGRpgdlzvpRHHushR48eDbmeDz7QVnp0ezRFq6RuBG11wR98OEN693nKG+70r0yuXLlk2tSJ0rdffxvOzJkzh/gHXk8naKvLUYOx4yfKN998YxyO2cDoeeeeKxrcbNXyXhOuzekNQwZabiSDtlrfb03AdNSYsbJgwSJvyLNo0SI25Nm1S2fboqvTIq1BW13G5zNnSZ+nnpX9+/frW9vFxYlt+dXzXl81yKkB1bPOOtM52Pav37BBHmzfyRvUTjHBPwM0ZDt10gQ577xzfSZJNK0IDxo8VIaZVlq139P510Pft219v/To/phky5bNM5nsM3XvZVpK1u3r7Pzn13Cyttp7W5NGzskktaCtTrxx03dmHTvKzp2/+8zr/6asaSV59IjhthVi/3FuBW31b6j74728xfd/ta80bdLY+54eBBBAAAEEEEAAAQQQQAABBBBAAAEEEAhfgKBt+FZMiQACCCCAAAIIIIAAAggggAACCCCAQJYX2PLTTzJ6zDiZ8fEnNmjqWeH8+fNJxYoXyb133y03NWzgGezz6lbQVgtd/vUK6dd/gGzatEmOHz/hXU6d2rWk5+Pdpdz5ZW0LvNoKaqDAqzNcOnXyBKliWj9Na7dnzx7Jnz+/aTk3u8+sLe9va1v4DbTcSAdtnRU7ePCgDQZrWNTZDTXh1NcHDrKDTidoqzP+8eef8uJLr8iKlavkL9N6q6dTg/Lly8nNN90k7drcnyJ87ZlOX//6a5eMGTde3p3+vmgrtM6uSJGzpfX9reTee1pIHtNibbBuzdp1tuVa3S88LeTqtAUK5JcKFSrYlm61BeRg3fT33pfxEyebVnS3+OxXxYoVlUsuvtjsW92kbJkyKWYPJ2irM+k+M3bcBHln+nuye/cen3J0GS3ubG4D27pfBercCtoeO3bMBpsXL1kiVa+7TkaNGGZD4oGWyTAEEEAAAQQQQAABBBBAAAEEEEAAAQQQCC1A0Da0D2MRQAABBBBAAAEEEEAAAQQQQAABBBCISQEN6u347Tf5448/peQ5JaRkyZISp81/Rrg7ceKEbPruO7vsMqVLS758+SJcg5SLu75Gbfn99z+Myzkyf97slBNksiHdevSUDz/62NZqwbw5co7ZnunptHXYzZu3SMECBURbZ01ISEhTcadOnZLfdu6U337bKdo6celSpaRgwQJpKkMn1pZjf926Vc41+2Za10nr8Muvv9ow7AUmKFyoUKE0Lz/UDFq+7iP6N5SQEC8lipcQbWk4Pj4+1Gyuj/v7778zxd+M6ytGgQgggAACCCCAAAIIIIAAAggggAACCERQgKBtBLFZFAIIIIAAAggggAACCCCAAAIIIIAAAghkPoHZc+aaIOpHtmJ3mRZHq1e7PmglV61eLc3vuteO15ZTR48cHnTajBrx669bTauuA2zxV1WqJG1atwq6qL1790rDmxvLX7t2mcBlXlm9Ylmag7FBC2cEAggggAACCCCAAAIIIIAAAggggAACCCAQAwIEbWNgI7OKCCCAAAIIIIAAAggggAACCCCAAAIIIBBc4M+//pIateqKtp5bvHgxGTF8qFxc8aIUM6xctVq6dH1U/vzzLztOQ7Yatv0vuptuaSzf//CjZM+eXV57ta/cfFPDFC0Ob9u+XR7v1Ue+/nqFrWK7tq2ld88e/0V1WSYCCCCAAAIIIIAAAggggAACCCCAAAIIIBC1AgRto3bTUXEEEEAAAQQQQAABBBBAAAEEEEAAAQQQcEvg2edelElTpnqLK1asqFxx+WVSrlw52WVag9VQ65o1a+34uDiRRx7uIp07dfBOH+mezz6fJQ8/8qgkJSUvuUCB/HLZpZfKJZdUlCNHjoq2erto8RI5efKknaDuDXVk4IBXJU+ePJGuKstDAAEEEEAAAQQQQAABBBBAAAEEEEAAAQSiWoCgbVRvPiqPAAIIIIAAAggggAACCCCAAAIIIIAAAm4IJJnE6uQpb0u//gNMUPVI0CJz584tA/q/Ig3q1ws6TaRGLFu2XHr2flK279gRcpEd2z8ojz3aNUWLtyFnYiQCCCCAAAIIIIAAAggggAACCCCAAAIIIICAFSBoy46AAAIIIIAAAggggAACCCCAAAIIIIAAAgj8I7Bt+3b5fOYXsmXLFtm85SfZuXOnlC1TRipeVEEqVqwola+5WkqUKJ5pvA4fPiwffDhDfvxxs6nvFvn5l1+kaJEicpGp78WmvpebVnkvrnhRpqkvFUEAAQQQQAABBBBAAAEEEEAAAQQQQAABBKJNgKBttG0x6osAAggggAACCCCAAAIIIIAAAggggAACCCCAAAIIIIAAAggggAACCCCAAAIIIIAAAgggEBEBgrYRYWYhCCCAAAIIIIAAAggggAACCCCAAAIIIIAAAggggAACCCCAAAIIIIAAAggggAACCCCAAALRJkDQNtq2GPVFAAEEEEAAAQQQQAABBBBAAAEEEEAAAQQQQAABBBBAAAEEEEAAAQQQQAABBBBAAAEEEIiIAEHbiDCzEAQQQAABBBBAAAEEEEAAAQQQQAABBBBAAAEEEEAAAQQQQAABBBBAAAEEEEAAAQQQQACBaBMgaBttW4z6IoAAAggggAACCCCAAAIIIIAAAggggAACCCCAAAIIIIAAAggggAACCCCAAAIIIIAAAghERICgbUSYWQgCCCCAAAIIIIAAAggggAACCCCAAAIIIIAAAggggAACCCCAAAIIIIAAAggggAACCCCAQLQJELSNti1GfRFAAAEEEEAAAQQQQAABBBBAAAEEEEAAAQQQQAABBBBAAAEEEEAAAQQQQAABBBBAAAEEIiJA0DYizCwEAQQQQAABBBBAAAEEEEAAAQQQQAABBBBAAAEEEEAAAQQQQAABBBBAAAEEEEAAAQQQQCDaBAjaRtsWo74IIIAAAggggAACCCCAAAIIIIAAAggggAACCCCAAAIIIIAAAggggAACCCCAAAIIIIAAAhERIGgbEWYWggACCCCAAAIIIIAAAggggAACCCCAAAIIIIAAAggggAACCCCAAAIIIIAAAggggAACCCAQbQIEbaNti1FfBBBAAAEEEEAAAQQQQAABBBBAAAEEEEAAAQQQQAABBBBAAAEEEEAAAQQQQAABBBBAAIGICBC0jQgzC0EAAQQQQAABBBBAAAEEEEAAAQQQQAABBBBAAAEEEEAAAQQQQAABBBBAAAEEEEAAAQQQiDYBgrbRtsWoLwIIIIAAAggggAACCCCAAAIIIIAAAggggAACCCCAAAIIIIAAAggggAACCCCAAAIIIIBARAQI2kaEmYUggAACCCCAAAIIIIAAAggggAACCCCAAAIIIIAAAggggAACCCCAAAIIIIAAAggggAACCESbAEHbaNti1BcBBBBAAAEEEEAAAQQQQAABBBBAAAEEEEAAAQQQQAABBBBAAAEEEEAAAQQQQAABBBBAICICBG0jwsxCEEAAAQQQQAABBBBAAAEEEEAAAQQQQAABBBBAAAEEEEAAAQQQQAABBBBAAAEEEEAAAQSiTYCgbbRtMeqLAAIIIIAAAggggAACCCCAAAIIIIAAAggggAACCCCAAAIIIIAAAggggAACCCCAAAIIIBARAYK2EWFmIQgggAACCCCAAAIIIIAAAggggAACCCCAAAIIIIAAAggggAACCCCAAAIIIIAAAggggAAC0SZA0Dbathj1RQABBBBAAAEEEEAAAQQQQAABBBBAAAEEEEAAAQQQQAABBBBAAAEEEEAAAQQQQAABBBCIiABB24gwsxAEEEAAAQQQQAABBBBAAAEEEEAAAQQQQAABBBBAAAEEEEAAAQQQQAABBBBAAAEEEEAAgWgTIGgbbVuM+iKAAAIIIIAAAggggAACCCCAAAIIIIAAAggggAACCCCAAAIIIIAAAggggAACCCCAAAIIRESAoG1EmFkIAggggAACCCCAAAIIIIAAAggggAACCCCAAAIIIIAAAggggAACCCCAAAIIIIAAAggggEC0CRC0jbYtRn0RQAABBBBAAAEEEEAAAQQQQAABBBBAAAEEEEAAAQQQQAABBBBAAAEEEEAAAQQQQAABBCIiQNA2IswsBAEEEEAAAQQQQAABBBBAAAEEEEAAAQQQQAABBBBAAAEEEEAAAQQQQAABBBBAAAEEEEAg2gQI2kbbFqO+CCCAAAIIIIAAAggggAACCCCAAAIIIIAAAggggAACCCCAAAIIIIAAAggggAACCCCAAAIRESBoGxFmFoIAAggggAACCCCAAAIIIIAAAggggAACCCCAAAIIIIAAAggggAACCCCAAAIIIIAAAgggEG0CBG2jbYtRXwQQQAABBBBAAAEEEEAAAQQQQAABBBBAAAEEEEAAAQQQQAABBBBAAAEEEEAAAQQQQACBiAgQtI0IMwtBAAEEEEAAAQQQQAABBBBAAAEEEEAAAQQQQAABBBBAAAEEEEAAAQQQQAABBBBAAAEEEIg2AYK20bbFqC8CCCCAAAIIIIAAAggggAACCCCAAAIIIIAAAggggAACCCCAAAIIIIAAAggggAACCCCAQEQECNpGhJmFIIAAAggggAACCCCAAAIIIIAAAggggAACCCCAAAIIIIAAAggggAACCCCAAAIIIIAAAghEmwBB22jbYtQXAQQQQAABBBBAAAEEEEAAAQQQQAABBBBAAAEEEEAAAQQQQAABBBBAAAEEEEAAAQQQQCAiAgRtI8LMQhBAAAEEEEAAAQQQQAABBBBAAAEEEEAAAQQQQAABBBBAAAEEEEAAAQQQQAABBBBAAAEEok2AoG20bTHqiwACCCCAAAIIIIAAAggggAACCCCAAAIIIIAAAggggAACCCCAAAIIIIAAAggggAACCCAQEQGCthFhZiEIIIAAAggggAACCCCAAAIIIIAAAggggAACCCCAAAIIIIAAAggggAACCCCAAAIIIIAAAtEmQNA22rYY9UUAAQQQQAABBBBAAAEEEEAAAQQQQAABBBBAAAEEEEAAAQQQQAABBBBAAAEEEEAAAQQQiIgAQduIMLMQBBBAAAEEEEAAAQQQQAABBBBAAAEEEEAAAQQQQAABBBBAAAEEEEAAAQQQQAABBBBAAIFoEyBoG21bjPoigAACCCCAAAIIIIAAAggggAACCCCAAAIIIIAAAggggAACCCCAAAIIIIAAAggggAACCEREgKBtRJhZCAIIIIAAAggggAACCCCAAAIIIIAAAggggAACCCCAAAIIIIAAAggggAACCCCAAAIIIIBAtAkQtI22LUZ9EUAAAQQQQAABBBBAAAEEEEAAAQQQiBKBX/5IlC/XnZKVP5ySzTsTZfeBpCipOdVEIHICZxaIk3LF4+XqCxLkhssTpHTR+MgtnCUhgAACCCCAAAIIIIAAAggggAACCCCAQKoCBG1TJWICBBBAAAEEEEAAAQQQQAABBBBAAAEEEEiLgAZsR808IZ+vPJmW2ZgWAQSMQMOrs8kDN2YncMvegAACCCCAAAIIIIAAAggggAACCCCAQCYRIGibSTYE1UAAAQQQQAABBBBAAAEEEEAAAQQQQCArCHyw5KS8OO2YJNF4bVbYnKzDfyjwZIuc0rRqtv+wBiwaAQQQQAABBBBAAAEEEEAAAQQQQAABBFSAoC37AQIIIIAAAggggAACCCCAAAIIIIAAAgi4IjD2ixMy5OPjrpRFIQggINLp1hzStn52KBBAAAEEEEAAAQQQQAABBBBAAAEEEEDgPxQgaPsf4rNoBBBAAAEEEEAAAQQQQAABBBBAAAEEsoqAtmT7wtvHssrqsB4IZBoBWrbNNJuCiiCAAAIIIIAAAggggAACCCCAAAIIxKgAQdsY3fCsNgIIIIAAAggggAACCCCAAAIIIIAAAm4J/PJHotytK3TpAABAAElEQVT+0hFJSnKrRMpBAAGnwPtP5pbSReOdg+hHAAEEEEAAAQQQQAABBBBAAAEEEEAAgQgJELSNEDSLQQABBBBAAAEEEEAAAQQQQAABBBBAIKsK9JlwTD5feTKrrh7rhcB/LtDw6mzyUquc/3k9qAACCCCAAAIIIIAAAggggAACCCCAAAKxKEDQNha3OuuMAAIIIIAAAggggAACCCCAAAIIIICASwLamm3TF4+4VBrFIIBAMAFatQ0mw3AEEEAAAQQQQAABBBBAAAEEEEAAAQQyVoCgbcb6UjoCCCCAAAIIIIAAAggggAACCCCAAAJZWmDMFydk6MfHs/Q6snIIZAaBTrfmkLb1s2eGqlAHBBBAAAEEEEAAAQQQQAABBBBAAAEEYkqAoG1MbW5WFgEEEEAAAQQQQAABBBBAAAEEEEAAAXcFOgw5Ksu/P+VuoZSGAAIpBKpcmCDDO+dKMZwBCCCAAAIIIIAAAggggAACCCCAAAIIIJCxAgRtM9aX0hFAAAEEEEAAAQQQQAABBBBAAAEEEMjSAvX6HJbdB5Ky9DqycghkBoEzC8TJ7JfyZIaqUAcEEEAAAQQQQAABBBBAAAEEEEAAAQRiSoCgbUxtblYWAQQQQAABBBBAAAEEEEAAAQQQQAABdwUqdTnkboGUhgACQQVWD84bdBwjEEAAAQQQQAABBBBAAAEEEEAAAQQQQCBjBAjaZowrpSKAAAIIIIAAAggggAACCCCAAAIIIBATAgRtY2Izs5KZRICgbSbZEFQDAQQQQAABBBBAAAEEEEAAAQQQQCCmBAjaxtTmZmURQAABBBBAAAEEEEAAAQQQQAABBBBwV4CgrbuelIZAKAGCtqF0GIcAAggggAACCCCAAAIIIIAAAggggEDGCBC0zRhXSkUAAQQQQAABBBBAAAEEEEAAAQQQQCAmBAjaxsRmZiUziQBB20yyIagGAggggAACCCCAAAIIIIAAAggggEBMCRC0janNzcoigAACCCCAAAIIIIAAAggggAACCCDgrgBBW3c9KQ2BUAIEbUPpMA4BBBBAAAEEEEAAAQQQQAABBBBAAIGMESBomzGulIoAAggggAACCCCAAAIIIIAAAggggEBMCBC0jYnNzEpmEgGCtplkQ1ANBBBAAAEEEEAAAQQQQAABBBBAAIGYEiBoG1Obm5VFAAEEEEAAAQQQQAABBBBAAAEEEEDAXQGCtu56UhoCoQQI2obSYRwCCCCAAAIIIIAAAggggAACCCCAAAIZI0DQNmNcKRUBBBBAAAEEEEAAAQQQQAABBBBAAIGYECBoGxObmZXMJAIEbTPJhqAaCCCAAAIIIIAAAggggAACCCCAAAIxJUDQNqY2NyuLAAIIIIAAAggggAACCCCAAAIIIICAuwIEbd31pDQEQgkQtA2lwzgEEEAAAQQQQAABBBBAAAEEEEAAAQQyRoCgbca4UioCCCCAAAIIIIAAAggggAACCCCAAAIxIUDQNiY2MyuZSQQI2maSDUE1EEAAAQQQQAABBBBAAAEEEEAAAQRiSoCgbUxtblYWAQQQQAABBBBAAAEEEEAAAQQQQAABdwUI2rrrSWkIhBIgaBtKh3EIIIAAAggggAACCCCAAAIIIIAAAghkjABB24xxpVQEEEAAAQQQQAABBBBAAAEEEEAAAQRiQoCgbUxsZlYykwgQtM0kG4JqIIAAAggggAACCCCAAAIIIIAAAgjElABB25ja3KwsAggggAACCCCAAAIIIIAAAggggAAC7goQtHXXk9IQCCVA0DaUDuMQQAABBBBAAAEEEEAAAQQQQAABBBDIGAGCthnjSqkIIIAAAggggAACCCCAAAIIIIAAAgjEhABB25jYzKxkJhEgaJtJNgTVQAABBBBAAAEEEEAAAQQQQAABBBCIKQGCtjG1uVlZBBBAAAEEEEAAAQQQQAABBBBAAAEE3BUgaOuuJ6UhEEqAoG0oHcYhgAACCCCAAAIIIIAAAggggAACCCCQMQIEbTPGlVIRQAABBBBAAAEEEEAAAQQQQAABBBCICQGCtsE3c45sIklJIidOBZ+GMeELtKiZXc4uGCeHjiXJmFknwp8xC01J0DYLbUxWBQEEEEAAAQQQQAABBBBAAAEEEEAgagQI2kbNpqKiCCCAAAIIIIAAAggggAACCCCAAAIIZD4Bgrb/bpP8ueOkadVsUuvyBClROF7OKhBnR+4/lCQ//pYoX6w+af6dkoNHTPqWLs0Cb/fMLReWjJfdB5KkXp/DaZ4/K8xA0DYrbEXWAQEEEEAAAQQQQAABBBBAAAEEEEAg2gQI2kbbFqO+CCCAAAIIIIAAAggggAACCCCAAAIIZCIBgrbJG6Ntg+zSpn4OyZ0j9MbZuSdJHht1VL7fnhh6QsamECBoK0LQNsVuwQAEEEAAAQQQQAABBBBAAAEEEEAAAQQyXICgbYYTswAEEEAAAQQQQAABBBBAAAEEEEAAAQSyrkCsB22zJYg81SKn3Folm3cjHzqaJOt+SpRtuxIlb644qXhevJQuGi/xyQ3cytHjIs9PPSYzV530zkNP6gIEbQnapr6XMAUCCCCAAAIIIIAAAggggAACCCCAAALuCxC0dd+UEhFAAAEEEEAAAQQQQAABBBBAAAEEEIgZgVgP2j7eLIfcVTO73d6JppHaUbNOyNR5J+TgkSSffSBf7jjp3TyHNLz630DuwA+Oy6S5J3ym401wAYK2BG2D7x2MQQABBBBAAAEEEEAAAQQQQAABBBBAIOMECNpmnC0lI4AAAggggAACCCCAAAIIIIAAAgggkOUFYjloe0mpeBnfLbdtqfbkKZEnxh+TOWtDt1Lb9Pps0ufOnBJnWrc9bjK2TV88LL/t8Q3lZvmd5jRXkKAtQdvT3HWYDQEEEEAAAQQQQAABBBBAAAEEEEAAgXQJELRNFx8zI4AAAggggAACCCCAAAIIIIAAAgggENsCsRy0nWBCtpeWjrc7wMjPT8hbnx0Pa2fo3zan3HBFcsu2/1twQvq9m/p82RJECuSJkz0H0x/KzZszTrSUw8dOv6wz88fJ30eT5Fg6GuQtmNekjU23/1B49SBoS9DW7jD8hwACCCCAAAIIIIAAAggggAACCCCAQIQFCNpGGJzFIYAAAggggAACCCCAAAIIIIAAAgggkJUEYjVoW6JwnHzyXB67Kf/anyRNnj8sR1LPy9rpyxWPl//1zm1btd32V6I0fv5IwF2iQsl4aVk3u5QrES+li8SLhm01aPv99kT5dmuijJ99ImhY9n+9ckuO7CIbfkmUpyYdk3POipO7amSXSuUS5MJz4iXe5IP/2JskqzafkoEfHpfdB0KHXbObZderlE3uqJ5NLiqZYMs+lSiyZWeibDR1WbjhpMz7xjTrm0p3TfkEufeG7HLV+fGSJ1dy0FYDv6s2J8rUeSdk+ffByyBoS9A2ld2L0QgggAACCCCAAAIIIIAAAggggAACCGSIAEHbDGGlUAQQQAABBBBAAAEEEEAAAQQQQAABBGJDIFaDtnfXyi7db89hN/IUExAd8H6YKdt/dovLysRL7hzJLcuu/OGUJDpyrgkmBNuuQXZp2yCHDdcG25O+25YoXYYfld0BWrld9npeG4Zd+eMp6TXumEx4LLcN2wYq68DhJOk26pgN3QYar63Xvv5gLm/rvYGm0WHqoKHdRBPA9e802NvrjpzSrFpyS77+4z3v3zEt/L76XuAyCNoStPXsJ7wigAACCCCAAAIIIIAAAggggAACCCAQSQGCtpHUZlkIIIAAAggggAACCCCAAAIIIIAAAghkMYFYDdoOeiiXVL/ENPNquo5Dj8qy74K3xJrWTe4M8e4/lCSLN56S9aZl2j/2JUqxM+LllsrZpOJ5Jrlquh27k6TpC4flhN/iPUHbzabF2WMmA1zWtKK7ZONJWfljouwyrdeWLhpnQq/ZpWih5FZlf/0zUe54+Yic9Csnt8kSv21axz3v7OTlHT6aJMtMq7MLN5ySoydEtHVeDc8WzJtczsJvT0nXt46mWOVn78kpja5NDtkeMmV8bcpYaszi4+OkyoUJUuWCf1u4nTbfhG2npwwuE7QlaJtix2IAAggggAACCCCAAAIIIIAAAggggAACERAgaBsBZBaBAAIIIIAAAggggAACCCCAAAIIIIBAVhWI1aDt1MdzS4Vzk8OntXselv2mVVg3umwmu/vxs3lsAPbwsSRp+8ZR+X57yiZi+96fUxpclRxcbTPwqKz9yTch6wnaap2OmUCshoHXbPGdJl/uOBnTNZeUPyd5PZ6dckxmLDvpsxo978ghd9bIbodpGPe+147K30d81zW/KWeaCeMWL5wctm39+hFZ9/O/da5aMUGGdMhly9j3d5K0HHBUtu/6d7yOKFciXsY/mkvy5Iqzrfu2GXhEvnGUodMQtCVoq/sBHQIIIIAAAggggAACCCCAAAIIIIAAApEWIGgbaXGWhwACCCCAAAIIIIAAAggggAACCCCAQBYSiNWg7cwX8kgR0xrsKZMXrfzIIUnyzZ6e9hYunD9OqplgqnZbfk+Ub3/1DaR6Cj7ftCT77hO57duhHx+XMV+YNK2jcwZtn550TD752jdA65m01mUJ8voDySHYt01Lsv0dLclqK7VzXs4jCSaHq6HfViYgu8W0kBuo01Zph3dOLmfmqpPyxPhj3skmdMstl5aOl+OmCg+96RvC9U5kejSQO7h9Lokzed0vVp+UXuP+LUOnI2hL0Na5v9CPAAIIIIAAAggggAACCCCAAAIIIIBApAQI2kZKmuUggAACCCCAAAIIIIAAAggggAACCCCQBQViNWi7/I28kt3kYfeaFlpv6H044ltWw68rBuW1y52//pQ8OvKoTx2cQdvavUyLu4cCJ4EL5omTef3y2HkXbzwlXYb/W85tVbPJUy1y2nFjTZB3iAn0huquKZ8g+Uz2VwO1WpZ2Rc+Ik8+ey2PDs8u+O2Vb1g1VxoxnckvJs+JtsLeOcT3uyA8TtCVoG2rfYRwCCCCAAAIIIIAAAggggAACCCCAAAIZJUDQNqNkKRcBBBBAAAEEEEAAAQQQQAABBBBAAIEYEIjVoO1XJpxawIRUtaXXat0jH7TVXWv14OSg7RITau3sCMjqOE/QdvuuRGn03BEdFLRbPCCv5M4hsnFrotzb/99pn70npzS6Npudr+fYYzJ7TeBWcYMWbEbcdHU2ebFVclh33OwTMnhG6LDugHY5pfblycts3veIbP7t3xZ0Cdr+u81DmTMOAQQQQAABBBBAAAEEEEAAAQQQQAABBNwVIGjrrielIYAAAggggAACCCCAAAIIIIAAAgggEFMCsRq0ff/J3FK6qGlW1nTXPnbIp+VVt3aAEoXj5JLSCXJp6XgpWyxe8ueOk/ym8dl8ucyr6c+RPXlJSzedkk7D/m2JVod6grYrfzwlD77pO86/fnP75pFC+eJSBG2HdMglVSuaZntNd9sLR+TXP/8NvfqXEex9yxuyyyNNTIr3n+6HHaHLuOCcZFOdvMOQo7L8++SWcfU9QVuCtrof0CGAAAIIIIAAAggggAACCCCAAAIIIBBpAYK2kRZneQgggAACCCCAAAIIIIAAAggggAACCGQhgVgN2o7umksqlUsOoTY1IdRfTiOEGmw3yGdCtC+1zCnVL0kuP9h0nuEZFbSd1D23XFwqXpKSRCo/ckhOhc7Ieqrj89q1cQ5pVfefRLDPmNTf9BxnWtFd/W8rugRtCdqmvtcwBQIIIIAAAggggAACCCCAAAIIIIAAAu4LELR135QSEUAAAQQQQAABBBBAAAEEEEAAAQQQiBmBWA3a9rojhzSvkRwgfXX6cZk2/4Qr27zoGXHyVudcUqpIcsuuv+1JEm2VdpsJ8u47lCQHj4gcPKyvSTLRBGG1y6ig7dCOueS6i5LDvo2fPyLb/kp70rZtg+zS6ZbkFm0/X3lSFm/8t4XaQGDxcSKJ/yxmzU+nZKdZf09H0JagrWdf4BUBBBBAAAEEEEAAAQQQQOD/7dxpjF1lGcDx587SaadQlqpFESkES8AFIiBqgBiNKCpGQWowRRIRI9BoxIALRIkUjSIYodgQKMsHl6jRD1U2AVEJS1IXXBAVkS0iArIInZnOzB3PubdDZ9KHVgwzPef0dxPS4Z07977n9z4f/3kJECBAgMBsCghtZ1PbdxEgQIAAAQIECBAgQIAAAQIECBBomMC2GtoevHdvrCqC2PJ1+5/H46SVw8/rZA9a0htzy/606EjL+LS9oSf98OH9sfzIbph65fWjceGa9c+Gp1O/oAxS114wv7N0S/H3y1dN//7bzp8fc4oOuIx0P3rB9N9N/Zzy5xu/PBg7bteKO+9vx7Jzi5J3w+usZQPxnoP7Ov932uqRuOG3G2+XnXzPlv597xv74vMfHOi87aIfr4/V1/7/QbLQVmi7pXnzewIECBAgQIAAAQIECBAgQIAAAQIzISC0nQlVn0mAAAECBAgQIECAAAECBAgQIEBgGxHYVkPb3uLC2RuKQHXBYFG8Fq8TvzEcv7p787e1To7E/nv2xmWf7Ea6dz/UjqVf2hi3XvqJufG6vXpj3fBEHHb6umcD3Mm/nfz3tXv0xBWnzuyNtksP7Y/PLO1Gv5dcMxqrfrJ+8uvTf7eb14r+7gW48fjT3XJ4n9164lund/f5szvG4lOXjqR/+78sCm2Ftv/LnHgPAQIECBAgQIAAAQIECBAgQIAAgRdaQGj7Qov6PAIECBAgQIAAAQIECBAgQIAAAQLbkMC2GtqWR/yRt/fHye/uhqhlMPvhrw/H00MbrqbdzAxcfurc2G+PbpF68dWjcfFVGwPWq88ejEU7tuKhf0/Eu76w7jk/5ZTie08ovr983fqn8Tjlm9NvrX0hbrRduKAV164YjPL23CefmYgPfnWos69sU4sX9cS3i6C2vKX3trvG4+SLNu5nzVmDsevCVvynsFl27nA88Eg7+4jOWhkZ77JTN16+/jdjsX7KJbpCW6Htcw6OXxAgQIAAAQIECBAgQIAAAQIECBCYQQGh7Qzi+mgCBAgQIECAAAECBAgQIECAAAECTRfYlkPb8vbW73xmXuy5S3G9bfH60wPt+Piq4XjsP3ls++IdWnHmsQNx6Ku6ke2/npiIo1cMxTMjG9//xeMG4t2v7+t83nFfG4o/3rdplPr2A/qifN/k7bEzFdqWm1jxoYF450Hd/dx5fxkTD02LX8v3zCl+feWn5sXeL+86lNFvuafJ17K39Mep7+sGyQ8+2o7jzxt+9sbbyfeU/x5QRLarls+NvoLnt/eMd8Llqb8X2gptp86DnwkQIECAAAECBAgQIECAAAECBAjMloDQdrakfQ8BAgQIECBAgAABAgQIECBAgACBBgpsy6FteZz77NYT3yzi0B0Gu7ewDheX0/7g5tG4+c7xeLC4uXVOfyteuWtPLCn+O+aQvliw4X2PPz0Rp60eiV/fvTFILT/viAP74pzjB8of44niPVetHYub/1h81qMT8erde+KgJb3x3jf2xR+KAPc1i7th60yGtjvMb8UPzpgXC7fvPt99/2rHjXeMxy//MB4DxYW6r9+7txMO7/Wy7l7uKmLj8ubbqa+e4ldXnDqvs/9y/R/Fbb03/W4s1v61+1y7v6QnDtm3N458Q1/n9tzRguSklcOb2AhthbZT58rPBAgQIECAAAECBAgQIECAAAECBGZLQGg7W9K+hwABAgQIECBAgAABAgQIECBAgEADBbb10LY80jIUXXny3Nh1YTdG3dIxl3HtZ68YiUee3HiT7eTflFHq6UfPiaWHFRXrc7zK2LW8Ffamrwx23nFLEfUuL27Snfq67fz5ReQbnZj1oxdM/93U95U/3/jlwdhxu1aUN9YuO3d6JFv+fvGinrjwY8XzvWjzz3frXePxuctH4sl1mz7XTsXnn3fiQOy/Z/c23/Jzs9f6sYhPXzYcP//99AC5fK/QVmibzYw1AgQIECBAgAABAgQIECBAgAABAjMtILSdaWGfT4AAAQIECBAgQIAAAQIECBAgQKDBAkLb7uFuP68VRxc31n6gCGQX7ZgHqeUttt/75Vhccs36aLc3PxTl5yw9tK8TubY2fFx50+v3fzFa/P1oJ2b99YXzOx8y06Ft+SXljb3Hvrm/84yTt9uW62UY+7eH2p0baldfN7rZ55rTF/H+Q/rjmOK5yjh56muouAl4ze2jcXnxGQ8/sWmoW75XaCu0nTozfiZAgAABAgQIECBAgAABAgQIECAwWwJC29mS9j0ECBAgQIAAAQIECBAgQIAAAQIEGiggtJ1+qL1FP7rvK3qK22174mXFDbdlJPvYUxNx78MT8bu/j0c7b0inf8iU/5s/txVLdu2JJ5+ZiAcfbXfC1im/nvUfyxt3y5D4pTv3xNNDE3HPP9sxtunls1vc14sWtGKXnVsxp68VDzzSjkcLo4nnabPFL2ngGybj6gY+mkciQIAAAQIECBAgQIAAAQIECBAgUFkBoW1lj8bGCBAgQIAAAQIECBAgQIAAAQIECFRfQGhb/TOyw+YICG2bc5aehAABAgQIECBAgAABAgQIECBAoD4CQtv6nJWdEiBAgAABAgQIECBAgAABAgQIEKicgNC2ckdiQw0WENo2+HA9GgECBAgQIECAAAECBAgQIECAQGUFhLaVPRobI0CAAAECBAgQIECAAAECBAgQIFB9AaFt9c/IDpsjILRtzll6EgIECBAgQIAAAQIECBAgQIAAgfoICG3rc1Z2SoAAAQIECBAgQIAAAQIECBAgQKByAkLbyh2JDTVYQGjb4MP1aAQIECBAgAABAgQIECBAgAABApUVENpW9mhsjAABAgQIECBAgAABAgQIECBAgED1BYS21T8jO2yOgNC2OWfpSQgQIECAAAECBAgQIECAAAECBOojILStz1nZKQECBAgQIECAAAECBAgQIECAAIHKCQhtK3ckNtRgAaFtgw/XoxEgQIAAAQIECBAgQIAAAQIECFRWQGhb2aOxMQIECBAgQIAAAQIECBAgQIAAAQLVFxDaVv+M7LA5AkLb5pylJyFAgAABAgQIECBAgAABAgQIEKiPgNC2PmdlpwQIECBAgAABAgQIECBAgAABAgQqJyC0rdyR2FCDBYS2DT5cj0aAAAECBAgQIECAAAECBAgQIFBZAaFtZY/GxggQIECAAAECBAgQIECAAAECBAhUX0BoW/0zssPmCAhtm3OWnoQAAQIECBAgQIAAAQIECBAgQKA+AkLb+pyVnRIgQIAAAQIECBAgQIAAAQIECBConIDQtnJHYkMNFhDaNvhwPRoBAgQIECBAgAABAgQIECBAgEBlBYS2lT0aGyNAgAABAgQIECBAgAABAgQIECBQfQGhbfXPyA6bIyC0bc5ZehICBAgQIECAAAECBAgQIECAAIH6CAht63NWdkqAAAECBAgQIECAAAECBAgQIECgcgJC28odiQ01WEBo2+DD9WgECBAgQIAAAQIECBAgQIAAAQKVFRDaVvZobIwAAQIECBAgQIAAAQIECBAgQIBA9QWEttU/IztsjoDQtjln6UkIECBAgAABAgQIECBAgAABAgTqIyC0rc9Z2SkBAgQIECBAgAABAgQIECBAgACBygkIbSt3JDbUYAGhbYMP16MRIECAAAECBAgQIECAAAECBAhUVkBoW9mjsTECBAgQIECAAAECBAgQIECAAAEC1Rd42xnr4rGnJqq/UTskUHOBhQta8dNzBmv+FLZPgAABAgQIECBAgAABAgQIECBAoH4CQtv6nZkdEyBAgAABAgQIECBAgAABAgQIEKiMwEkrh+P2P49XZj82QqCpAgfv3Rurls9t6uN5LgIECBAgQIAAAQIECBAgQIAAAQKVFRDaVvZobIwAAQIECBAgQIAAAQIECBAgQIBA9QVWXzcaF61ZX/2N2iGBmguccuScOOHw/po/he0TIECAAAECBAgQIECAAAECBAgQqJ+A0LZ+Z2bHBAgQIECAAAECBAgQIECAAAECBCojcO/D7ThqxVBl9mMjBJoq8MMz58XiRT1NfTzPRYAAAQIECBAgQIAAAQIECBAgQKCyAkLbyh6NjREgQIAAAQIECBAgQIAAAQIECBCoh8AZV47E1WvH6rFZuyRQQ4EjDuyLc44fqOHObZkAAQIECBAgQIAAAQIECBAgQIBA/QWEtvU/Q09AgAABAgQIECBAgAABAgQIECBAYKsKlLfaHn3OUExMbNVt+HICjRVwm21jj9aDESBAgAABAgQIECBAgAABAgQI1EBAaFuDQ7JFAgQIECBAgAABAgQIECBAgAABAlUX+NEtY3H2d0aqvk37I1A7gTOPHYij3tRXu33bMAECBAgQIECAAAECBAgQIECAAIGmCAhtm3KSnoMAAQIECBAgQIAAAQIECBAgQIDAVha47LrRWLlm/Vbeha8n0ByBU46cEycc3t+cB/IkBAgQIECAAAECBAgQIECAAAECBGooILSt4aHZMgECBAgQIECAAAECBAgQIECAAIGqCpQ326747khMTFR1h/ZFoB4CbrKtxznZJQECBAgQIECAAAECBAgQIECAQPMFhLbNP2NPSIAAAQIECBAgQIAAAQIECBAgQGBWBe59uB2XXDMaV68dm9Xv9WUEmiBwxIF9ceI7+mPxop4mPI5nIECAAAECBAgQIECAAAECBAgQIFB7AaFt7Y/QAxAgQIAAAQIECBAgQIAAAQIECBCopkAZ3N5wx3is/ct43P1QOx57yjW31Twpu9qaAgsXtGKvl/bEgUt646379Qpst+Zh+G4CBAgQIECAAAECBAgQIECAAAECiYDQNkGxRIAAAQIECBAgQIAAAQIECBAgQIAAAQIECBAgQIAAAQIECBAgQIAAAQIECBAgQEBoawYIECBAgAABAgQIECBAgAABAgQIECBAgAABAgQIECBAgAABAgQIECBAgAABAgQIJAJC2wTFEgECBAgQIECAAAECBAgQIECAAAECBAgQIECAAAECBAgQIECAAAECBAgQIECAAAGhrRkgQIAAAQIECBAgQIAAAQIECBAgQIAAAQIECBAgQIAAAQIECBAgQIAAAQIECBAgkAgIbRMUSwQIECBAgAABAgQIECBAgAABAgQIECBAgAABAgQIECBAgAABAgQIECBAgAABAgSEtmaAAAECBAgQIECAAAECBAgQIECAAAECBAgQIECAAAECBAgQIECAAAECBAgQIECAQCIgtE1QLBEgQIAAAQIECBAgQIAAAQIECBAgQIAAAQIECBAgQIAAAQIECBAgQIAAAQIECBAQ2poBAgQIECBAgAABAgQIECBAgAABAgQIECBAgAABAgQIECBAgAABAgQIECBAgAABAomA0DZBsUSAAAECBAgQIECAAAECBAgQIECAAAECBAgQIECAAAECBAgQIECAAAECBAgQIEBAaGsGCBAgQIAAAQIECBAgQIAAAQIECBAgQIAAAQIECBAgQIAAAQIECBAgQIAAAQIECCQCQtsExRIBAgQIECBAgAABAgQIECBAgAABAgQIECBAgAABAgQIECBAgAABAgQIECBAgAABoa0ZIECAAAECBAgQIECAAAECBAgQIECAAAECBAgQIECAAAECBAgQIECAAAECBAgQIJAICG0TFEsECBAgQIAAAQIECBAgQIAAAQIECBAgQIAAAQIECBAgQIAAAQIECBAgQIAAAQIEhLZmgAABAgQIECBAgAABAgQIECBAgAABAgQIECBAgAABAgQIECBAgAABAgQIECBAgEAiILRNUCwRIECAAAECBAgQIECAAAECBAgQIECAAAECBAgQIECAAAECBAgQIECAAAECBAgQENqaAQIECBAgQIAAAQIECBAgQIAAAQIECBAgQIAAAQIECBAgQIAAAQIECBAgQIAAAQKJgNA2QbFEgAABAgQIECBAgAABAgQIECBAgAABAgQIECBAgAABAgQIECBAgAABAgQIECBAQGhrBggQIECAAAECBAgQIECAAAECBAgQIECAAAECBAgQIECAAAECBAgQIECAAAECBAgkAkLbBMUSAQIECBAgQIAAAQIECBAgQIAAAQIECBAgQIAAAQIECBAgQIAAAQIECBAgQIAAAaGtGSBAgAABAgQIECBAgAABAgQIECBAgAABAgQIECBAgAABAgQIECBAgAABAgQIECCQCAhtExRLBAgQIECAAAECBAgQIECAAAECBAgQIECAAAECBAgQIECAAAECBAgQIECAAAECBIS2ZoAAAQIECBAgQIAAAQIECBAgQIAAAQIECBAgQIAAAQIECBAgQIAAAQIECBAgQIBAIiC0TVAsESBAgAABAgQIECBAgAABAgQIECBAgAABAgQIECBAgAABAgQIECBAgAABAgQIEBDamgECBAgQIECAAAECBAgQIECAAAECBAgQIECAAAECBAgQIECAAAECBAgQIECAAAECiYDQNkGxRIAAAQIECBAgQIAAAQIECBAgQIAAAQIECBAgQIAAAQIECBAgQIAAAQIECBAgQEBoawYIECBAgAABAgQIECBAgAABAgQIECBAgAABAgQIECBAgAABAgQIECBAgAABAgQIJAJC2wTFEgECBAgQIECAAAECBAgQIECAAAECBAgQIECAAAECBAgQIECAAAECBAgQIECAAAGhrRkgQIAAAQIECBAgQIAAAQIECBAgQIAAAQIECBAgQIAAAQIECBAgQIAAAQIECBAgkAgIbRMUSwQIECBAgAABAgQIECBAgAABAgQIECBAgAABAgQIECBAgAABAgQIECBAgAABAgSEtmaAAAECBAgQIECAAAECBAgQIECAAAECBAgQIECAAAECBAgQIECAAAECBAgQIECAQCIgtE1QLBEgQIAAAQIECBAgQIAAAQIECBAgQIAAAQIECBAgQIAAAQIECBAgQIAAAQIECBAQ2poBAgQIECBAgAABAgQIECBAgAABAgQIECBAgAABAgQIECBAgAABAgQIECBAgAABAomA0DZBsUSAAAECBAgQIECAAAECBAgQIECAAAECBAgQIECAAAECBAgQIECAAAECBAgQIEBAaGsGCBAgQIAAAQIECBAgQIAAAQIECBAgQIAAAQIECBAgQIAAAQIECBAgQIAAAQIECCQCQtsExRIBAgQIECBAgAABAgQIECBAgAABAgQIECBAgAABAgQIECBAgAABAgQIECBAgAABoa0ZIECAAAECBAgQIECAAAECBAgQIECAAAECBAgQIECAAAECBAgQIECAAAECBAgQIJAICG0TFEsECBAgQIAAAQIECBAgQIAAAQIECBAgQIAAAQIECBAgQIAAAQIECBAgQIAAAQIEhLZmgAABAgQIECBAgAABAgQIECBAgAABAgQIECBAgAABAgQIECBAgAABAgQIECBAgEAiILRNUCwRIECAAAECBAgQIECAAAECBAgQIECAAAECBAgQIECAAAECBAgQIECAAAECBAgQENqaAQIECBAgQIAAAQIECBAgQIAAAQIECBAgQIAAAQIECBAgQIAAAQIECBAgQIAAAQKJgNA2QbFEgAABAgQIECBAgAABAgQIECBAgAABAgQIECBAgAABAgQIECBAgAABAgQIECBAQGhrBggQIECAAAECBAgQIECAAAECBAgQIECAAAECBAgQIECAAAECBAgQIECAAAECBAgkAkLbBMUSAQIECBAgQIAAAQIECBAgQIAAAQIECBAgQIAAAQIECBAgQIAAAQIECBAgQIAAAaGtGSBAgAABAgQIECBAgAABAgQIECBAgAABAgQIECBAgAABAgQIECBAgAABAgQIECCQCAhtExRLBAgQIECAAAECBAgQIECAAAECBAgQIECAAAECBAgQIECAAAECBAgQIECAAAECBIS2ZoAAAQIECBAgQIAAAQIECBAgQIAAAQIECBAgQIAAAQIECBAgQIAAAQIECBAgQIBAIiC0TVAsESBAgAABAgQIECBAgAABAgQIECBAgAABAgQIECBAgAABAgQIECBAgAABAgQIEBDamgECBAgQIECAAAECBAgQIECAAAECBAgQIECAAAECBAgQIECAAAECBAgQIECAAAECiYDQNkGxRIAAAQIECBAgQIAAAQIECBAgQIAAAQIECBAgQIAAAQIECBAgQIAAAQIECBAgQEBoawYIECBAgAABAgQIECBAgAABAgQIECBAgAABAgQIECBAgAABAgQIECBAgAABAgQIJAJC2wTFEgECBAgQIECAAAECBAgQIECAAAECBAgQIECAAAECBAgQIECAAAECBAgQIECAAAGhrRkgQIAAAQIECBAgQIAAAQIECBAgQIAAAQIECBAgQIAAAQIECBAgQIAAAQIECBAgkAgIbRMUSwQIECBAgAABAgQIECBAgAABAgQIECBAgAABAgQIECBAgAABAgQIECBAgAABAgSEtmaAAAECBAgQIECAAAECBAgQIECAAAECBAgQIECAAAECBAgQIECAAAECBAgQIECAQCIgtE1QLBEgQIAAAQIECBAgQIAAAQIECBAgQIAAAQIECBAgQIAAAQIECBAgQIAAAQIECBAQ2poBAgQIECBAgAABAgQIECBAgAABAgQIECBAgAABAgQIECBAgAABAgQIECBAgAABAomA0DZBsUSAAAECBAgQIECAAAECBAgQIECAAAECBAgQIECAAAECBAgQIECAAAECBAgQIEBAaGsGCBAgQIAAAQIECBAgQIAAAQIECBAgQIAAAQIECBAgQIAAAQIECBAgQIAAAQIECCQCQtsExRIBAgQIECBAgAABAgQIECBAgAABAgQIECBAgAABAgQIECBAgAABAgQIECBAgAABoa0ZIECAAAECBAgQIECAAAECBAgQIECAAAECBAgQIECAAAECBAgQIECAAAECBAgQIJAICG0TFEsECBAgQIAAAQIECBAgQIAAAQIECBAgQIAAAQIECBAgQIAAAQIECBAgQIAAAQIEhLZmgAABAgQIECBAgAABAgQIECBAgAABAgQIECBAgAABAgQIECBAgAABAgQIECBAgEAiILRNUCwRIECAAAECBAgQIECAAAECBAgQIECAAAECBAgQIECAAAECBAgQIECAAAECBAgQENqaAQIECBAgQIAAAQIECBAgQIAAAQIECBAgQIAAAQIECBAgQIAAAQIECBAgQIAAAQKJgNA2QbFEgAABAgQIECBAgAABAgQIECBAgAABAgQIECBAgAABAgQIECBAgAABAgQIECBAQGhrBggQIECAAAECBAgQIECAAAECBAgQIECAAAECBAgQIECAAAECBAgQIECAAAECBAgkAkLbBMUSAQIECBAgQIAAAQIECBAgQIAAAQIECBAgQIAAAQIECBAgQIAAAQIECBAgQIAAAaGtGSBAgAABAgQIECBAgAABAgQIECBAgAABAgQIECBAgAABAgQIECBAgAABAgQIECCQCAhtExRLBAgQIECAAAECBAgQIECAAAECBAgQIECAAAECBAgQIECAAAECBAgQIECAAAECBIS2ZoAAAQIECBAgQIAAAQIECBAgQIAAAQIECBAgQIAAAQIECBAgQIAAAQIECBAgQIBAIiC0TVAsESBAgAABAgQIECBAgAABAgQIECBAgAABAgQIECBAgAABAgQIECBAgAABAgQIEBDamgECBAgQIECAAAECBAgQIECAAAECBAgQIECAAAECBAgQIECAAAECBAgQIECAAAECiYDQNkGxRIAAAQIECBAgQIAAAQIECBAgQIAAAQIECBAgQIAAAQIECBAgQIAAAQIECBAgQEBoawYIECBAgAABAgQIECBAgAABAgQIECBAgAABAgQIECBAgAABAgQIECBAgAABAgQIJAJC2wTFEgECBAgQIECAAAECBAgQIECAAAECBAgQIECAAAECBAgQIECAAAECBAgQIECAAAGhrRkgQIAAAQIECBAgQIAAAQIECBAgQIAAAQIECBAgQIAAAQIECBAgQIAAAQIECBAgkAgIbRMUSwQIECBAgAABAgQIECBAgAABAgQIECBAgAABAgQIECBAgAABAgQIECBAgAABAgSEtmaAAAECBAgQIECAAAECBAgQIECAAAECBAgQIECAAAECBAgQIECAAAECBAgQIECAQCIgtE1QLBEgQIAAAQIECBAgQIAAAQIECBAgQIAAAQIECBAgQIAAAQIECBAgQIAAAQIECBAQ2poBAgQIECBAgAABAgQIECBAgAABAgQIECBAgAABAgQIECBAgAABAgQIECBAgAABAomA0DZBsUSAAAECBAgQIECAAAECBAgQIECAAAECBAgQIECAAAECBAgQIECAAAECBAgQIEBAaGsGCBAgQIAAAQIECBAgQIAAAQIECBAgQIAAAQIECBAgQIAAAQIECBAgQIAAAQIECCQCQtsExRIBAgQIECBAgAABAgQIECBAgAABAgQIECBAgAABAgQIECBAgAABAgQIECBAgAABoa0ZIECAAAECBAgQIECAAAECBAgQIECAAAECBAgQIECAAAECBAgQIECAAAECBAgQIJAICG0TFEsECBAgQIAAAQIECBAgQIAAAQIECBAgQIAAAQIECBAgQIAAAQIECBAgQIAAAQIEhLZmgAABAgQIECBAgAABAgQIECBAgAABAgQIECBAgAABAgQIECBAgAABAgQIECBAgEAiILRNUCwRIECAAAECBAgQIECAAAECBAgQIECAAAECBAgQIECAAAECBAgQIECAAAECBAgQENqaAQIECBAgQIAAAQIECBAgQIAAAQIECBAgQIAAAQIECBAgQIAAAQIECBAgQIAAAQKJgNA2QbFEgAABAgQIECBAgAABAgQIECBAgAABAgQIECBAgAABAgQIECBAgAABAgQIECBAQGhrBggQIECAAAECBAgQIECAAAECBAgQIECAAAECBAgQIECAAAECBAgQIECAAAECBAgkAkLbBMUSAQIECBAgQIAAAQIECBAgQIAAAQIECBAgQIAAAQIECBAgQIAAAQIECBAgQIAAAaGtGSBAgAABAgQIECBAgAABAgQIECBAgAABAgQIECBAgAABAgQIECBAgAABAgQIECCQCAhtExRLBAgQIECAAAECBAgQIECAAAECBAgQIECAAAECBAgQIECAAAECBAgQIECAAAECBIS2ZoAAAQIECBAgQIAAAQIECBAgQIAAAQIECBAgQIAAAQIECBAgQIAAAQIECBAgQIBAIiC0TVAsESBAgAABAgQIECBAgAABAgQIECBAgAABAgQIECBAgAABAgQIECBAgAABAgQIEBDamgECBAgQIECAAAECBAgQIECAAAECBAgQIECAAAECBAgQIECAAAECBAgQIECAAAECiYDQNkGxRIAAAQIECBAgQIAAAQIECBAgQIAAAQIECBAgQIAAAQIECBAgQIAAAQIECBAgQEBoawYIECBAgAABAgQIECBAgAABAgQIECBAgAABAgQIECBAgAABAgQIECBAgAABAgQIJAJC2wTFEgECBAgQIECAAAECBAgQIECAAAECBAgQIECAAAECBAgQIECAAAECBAgQIECAAAGhrRkgQIAAAQIECBAgQIAAAQIECBAgQIAAAQIECBAgQIAAAQIECBAgQIAAAQIECBAgkAgIbRMUSwQIECBAgAABAgQIECBAgAABAgQIECBAgAABAgQIECBAgAABAgQIECBAgAABAgSEtmaAAAECBAgQIECAAAECBAgQIECAAAECBAgQIECAAAECBAgQIECAAAECBAgQIECAQCIgtE1QLBEgQIAAAQIECBAgQIAAAQIECBAgQIAAAQIECBAgQIAAAQIECBAgQIAAAQIECBAQ2poBAgQIECBAgAABAgQIECBAgAABAgQIECBAgAABAgQIECBAgAABAgQIECBAgAABAomA0DZBsUSAAAECBAgQIECAAAECBAgQIECAAAECBAgQIECAAAECBAgQIECAAAECBAgQIEBAaGsGCBAgQIAAAQIECBAgQIAAAQIECBAgQIAAAQIECBAgQIAAAQIECBAgQIAAAQIECCQCQtsExRIBAgQIECBAgAABAgQIECBAgAABAgQIECBAgAABAgQIECBAgAABAgQIECBAgAABoa0ZIECAAAECBAgQIECAAAECBAgQIECAAAECBAgQIECAAAECBAgQIECAAAECBAgQIJAICG0TFEsECBAgQIAAAQIECBAgQIAAAQIECBAgQIAAAQIECBAgQIAAAQIECBAgQIAAAQIEhLZmgAABAgQIECBAgAABAgQIECBAgAABAgQIECBAgAABAgQIECBAgAABAgQIECBAgEAiILRNUCwRIECAAAECBAgQIECAAAECBAgQIECAAAECBAgQIECAAAECBAgQIECAAAECBAgQENqaAQIECBAgQIAAAQIECBAgQIAAAQIECBAgQIAAAQIECBAgQIAAAQIECBAgQIAAAQKJgNA2QbFEgAABAgQIECBAgAABAgQIECBAgAABAgQIECBAgAABAgQIECBAgAABAgQIECBAQGhrBggQIECAAAECBAgQIECAAAECBAgQIECAAAECBAgQIECAAAECBAgQIECAAAECBAgkAkLbBMUSAQIECBAgQIAAAQIECBAgQIAAAQIECBAgQIAAAQIECBAgQIAAAQIECBAgQIAAAaGtGSBAgAABAgQIECBAgAABAgQIECBAgAABAgQIECBAgAABAgQIECBAgAABAgQIECCQCAhtExRLBAgQIECAAAECBAgQIECAAAECBAgQIECAAAECBAgQIECAAAECBAgQIECAAAECBIS2ZoAAAQIECBAgQIAAAQIECBAgQIAAAQIECBAgQIAAAQIECBAgQIAAAQIECBAgQIBAIiC0TVAsESBAgAABAgQIECBAgAABAgQIECBAgAABAgQIECBAgAABAgQIECBAgAABAgQIEBDamgECBAgQIECAAAECBAgQIECAAAECBAgQIECAAAECBAgQIECAAAECBAgQIECAAAECiYDQNkGxRIAAAQIECBAgQIAAAQIECBAgQIAAAQIECBAgQIAAAQIECBAgQIAAAQIECBAgQEBoawYIECBAgAABAgQIECBAgAABAgQIECBAgAABAgQIECBAgAABAgQIECBAgAABAgQIJAJC2wTFEgECBAgQIECAAAECBAgQIECAAAECBAgQIECAAAECBAgQIECAAAECBAgQIECAAAGhrRkgQIAAAQIECBAgQIAAAQIECBAgQIAAAQIECBAgQIAAAQIECBAgQIAAAQIECBAgkAgIbRMUSwQIECBAgAABAgQIECBAgAABAgQIECBAgAABAgQIECBAgAABAgQIECBAgAABAgSEtmaAAAECBAgQIECAAAECBAgQIECAAAECBAgQIECAAAECBAgQIECAAAECBAgQIECAQCIgtE1QLBEgQIAAAQIECBAgQIAAAQIECBAgQIAAAQIECBAgQIAAAQIECBAgQIAAAQIECBAQ2poBAgQIECBAgAABAgQIECBAgAABAgQIECBAgAABAgQIECBAgAABAgQIECBAgAABAomA0DZBsUSAAAECBAgQIECAAAECBAgQIECAAAECBAgQIECAAAECBAgQIECAAAECBAgQIEBAaGsGCBAgQIAAAQIECBAgQIAAAQIECBAgQIAAAQIECBAgQIAAAQIECBAgQIAAAQIECCQCQtsExRIBAgQIECBAgAABAgQIECBAgAABAgQIECBAgAABAgQIECBAgAABAgQIECBAgAABoa0ZIECAAAECBAgQIECAAAECBAgQIECAAAECBAgQIECAAAECBAgQIECAAAECBAgQIJAICG0TFEsECBAgQIAAAQIECBAgQIAAAQIECBAgQIAAAQIECBAgQIAAAQIECBAgQIAAAQIEhLZmgAABAgQIECBAgAABAgQIECBAgAABAgQIECBAgAABAgQIECBAgAABAgQIECBAgEAiILRNUCwRIECAAAECBAgQIECAAAECBAgQIECAAAECBAgQIECAAAECBAgQIECAAAECBAgQENqaAQIECBAgQIAAAQIECBAgQIAAAQIECBAgQIAAAQIECBAgQIAAAQIECBAgQIAAAQKJgNA2QbFEgAABAgQIECBAgAABAgQIECBAgAABAgQIECBAgAABAgQIECBAgAABAgQIECBAQGhrBggQIECAAAECBAgQIECAAAECBAgQIECAAAECBAgQIECAAAECBAgQIECAAAECBAgkAkLbBMUSAQIECBAgQIAAAQIECBAgQIAAAQIECBAgQIAAAQIECBAgQIAAAQIECBAgQIAAAaGtGSBAgAABAgQIECBAgAABAgQIECBAgAABAgQIECBAgAABAgQIECBAgAABAgQIECCQCAhtExRLBAgQIECAAAECBAgQIECAAAECBAgQIECAAAECBAgQIECAAAECBAgQIECAAAECBIS2ZoAAAQIECBAgQIAAAQIECBAgQIAAAQIECBAgQIAAAQIECBAgQIAAAQIECBAgQIBAIiC0TVAsESBAgAABAgQIECBAgAABAgQIECBAgAABAgQIECBAgAABAgQIECBAgAABAgQIEBDamgECBAgQIECAAAECBAgQIECAAAECBAgQIECAAAECBAgQIECAAAECBAgQIECAAAECiYDQNkGxRIAAAQIECBAgQIAAAQIECBAgQIAAAQIECBAgQIAAAQIECBAgQIAAAQIECBAgQEBoawYIECBAgAABAgQIECBAgAABAgQIECBAgAABAgQIECBAgAABAgQIECBAgAABAgQIJAJC2wTFEgECBAgQIECAAAECBAgQIECAAAECBAgQIECAAAECBAgQIECAAAECBAgQIECAAAGhrRkgQIAAAQIECBAgQIAAAQIECBAgQIAAAQIECBAgQIAAAQIECBAgQIAAAQIECBAgkAgIbRMUSwQIECBAgAABAgQIECBAgAABAgQIECBAgAABAgQIECBAgAABAgQIECBAgAABAgSEtmaAAAECBAgQIECAAAECBAgQIECAAAECBAgQIECAAAECBAgQIECAAAECBAgQIECAQCIgtE1QLBEgQIAAAQIECBAgQIAAAQIECBAgQIAAAQIECBAgQIAAAQIECBAgQIAAAQIECBAQ2poBAgQIECBAgAABAgQIECBAgAABAgQIECBAgAABAgQIECBAgAABAgQIECBAgAABAomA0DZBsUSAAAECBAgQIECAAAECBAgQIECAAAECBAgQIECAAAECBAgQIECAAAECBAgQIEBAaGsGCBAgQIAAAQIECBAgQIAAAQIECBAgQIAAAQIECBAgQIAAAQIECBAgQIAAAQIECCQCQtsExRIBAgQIECBAgAABAgQIECBAgAABAgQIECBAgAABAgQIECBAgAABAgQIECBAgAABoa0ZIECAAAECBAgQIECAAAECBAgQIECAAAECBAgQIECAAAECBAgQIECAAAECBAgQIJAICG0TFEsECBAgQIAAAQIECBAgQIAAAQIECBAgQIAAAQIECBAgQIAAAQIECBAgQIAAAQIEhLZmgAABAgQIECBAgAABAgQIECBAgAABAgQIECBAgAABAgQIECBAgAABAgQIECBAgEAiILRNUCwRIECAAAECBAgQIECAAAECBAgQIECAAAECBAgQIECAAAECBAgQIECAAAECBAgQENqaAQIECBAgQIAAAQIECBAgQIAAAQIECBAgQIAAAQIECBAgQIAAAQIECBAgQIAAAQKJgNA2QbFEgAABAgQIECBAgAABAgQIECBAgAABAgQIECBAgAABAgQIECBAgAABAgQIECBAQGhrBggQIECAAAECBAgQIECAAAECBAgQIECAAAECBAgQIECAAAECBAgQIECAAAECBAgkAkLbBMUSCZ0NrwAAAGdJREFUAQIECBAgQIAAAQIECBAgQIAAAQIECBAgQIAAAQIECBAgQIAAAQIECBAgQIAAAaGtGSBAgAABAgQIECBAgAABAgQIECBAgAABAgQIECBAgAABAgQIECBAgAABAgQIECCQCPwXI4uJqdh0E3UAAAAASUVORK5CYII=	\N	t	2025-07-02 17:32:17.01816+00
\.


--
-- TOC entry 3415 (class 0 OID 16463)
-- Dependencies: 225
-- Data for Name: watchlist; Type: TABLE DATA; Schema: public; Owner: imdb_user
--

COPY public.watchlist (id, user_id, movie_id, added_at) FROM stdin;
\.


--
-- TOC entry 3428 (class 0 OID 0)
-- Dependencies: 218
-- Name: actors_id_seq; Type: SEQUENCE SET; Schema: public; Owner: imdb_user
--

SELECT pg_catalog.setval('public.actors_id_seq', 10, true);


--
-- TOC entry 3429 (class 0 OID 0)
-- Dependencies: 220
-- Name: movie_actors_id_seq; Type: SEQUENCE SET; Schema: public; Owner: imdb_user
--

SELECT pg_catalog.setval('public.movie_actors_id_seq', 1, false);


--
-- TOC entry 3430 (class 0 OID 0)
-- Dependencies: 216
-- Name: movies_id_seq; Type: SEQUENCE SET; Schema: public; Owner: imdb_user
--

SELECT pg_catalog.setval('public.movies_id_seq', 12, true);


--
-- TOC entry 3431 (class 0 OID 0)
-- Dependencies: 222
-- Name: ratings_id_seq; Type: SEQUENCE SET; Schema: public; Owner: imdb_user
--

SELECT pg_catalog.setval('public.ratings_id_seq', 380, true);


--
-- TOC entry 3432 (class 0 OID 0)
-- Dependencies: 214
-- Name: users_id_seq; Type: SEQUENCE SET; Schema: public; Owner: imdb_user
--

SELECT pg_catalog.setval('public.users_id_seq', 39, true);


--
-- TOC entry 3433 (class 0 OID 0)
-- Dependencies: 224
-- Name: watchlist_id_seq; Type: SEQUENCE SET; Schema: public; Owner: imdb_user
--

SELECT pg_catalog.setval('public.watchlist_id_seq', 5, true);


--
-- TOC entry 3244 (class 2606 OID 16418)
-- Name: actors actors_pkey; Type: CONSTRAINT; Schema: public; Owner: imdb_user
--

ALTER TABLE ONLY public.actors
    ADD CONSTRAINT actors_pkey PRIMARY KEY (id);


--
-- TOC entry 3249 (class 2606 OID 16429)
-- Name: movie_actors movie_actors_pkey; Type: CONSTRAINT; Schema: public; Owner: imdb_user
--

ALTER TABLE ONLY public.movie_actors
    ADD CONSTRAINT movie_actors_pkey PRIMARY KEY (id);


--
-- TOC entry 3242 (class 2606 OID 16407)
-- Name: movies movies_pkey; Type: CONSTRAINT; Schema: public; Owner: imdb_user
--

ALTER TABLE ONLY public.movies
    ADD CONSTRAINT movies_pkey PRIMARY KEY (id);


--
-- TOC entry 3252 (class 2606 OID 16450)
-- Name: ratings ratings_pkey; Type: CONSTRAINT; Schema: public; Owner: imdb_user
--

ALTER TABLE ONLY public.ratings
    ADD CONSTRAINT ratings_pkey PRIMARY KEY (id);


--
-- TOC entry 3238 (class 2606 OID 16394)
-- Name: users users_pkey; Type: CONSTRAINT; Schema: public; Owner: imdb_user
--

ALTER TABLE ONLY public.users
    ADD CONSTRAINT users_pkey PRIMARY KEY (id);


--
-- TOC entry 3255 (class 2606 OID 16469)
-- Name: watchlist watchlist_pkey; Type: CONSTRAINT; Schema: public; Owner: imdb_user
--

ALTER TABLE ONLY public.watchlist
    ADD CONSTRAINT watchlist_pkey PRIMARY KEY (id);


--
-- TOC entry 3245 (class 1259 OID 16419)
-- Name: ix_actors_id; Type: INDEX; Schema: public; Owner: imdb_user
--

CREATE INDEX ix_actors_id ON public.actors USING btree (id);


--
-- TOC entry 3246 (class 1259 OID 16420)
-- Name: ix_actors_name; Type: INDEX; Schema: public; Owner: imdb_user
--

CREATE INDEX ix_actors_name ON public.actors USING btree (name);


--
-- TOC entry 3247 (class 1259 OID 16440)
-- Name: ix_movie_actors_id; Type: INDEX; Schema: public; Owner: imdb_user
--

CREATE INDEX ix_movie_actors_id ON public.movie_actors USING btree (id);


--
-- TOC entry 3239 (class 1259 OID 16408)
-- Name: ix_movies_id; Type: INDEX; Schema: public; Owner: imdb_user
--

CREATE INDEX ix_movies_id ON public.movies USING btree (id);


--
-- TOC entry 3240 (class 1259 OID 16409)
-- Name: ix_movies_title; Type: INDEX; Schema: public; Owner: imdb_user
--

CREATE INDEX ix_movies_title ON public.movies USING btree (title);


--
-- TOC entry 3250 (class 1259 OID 16461)
-- Name: ix_ratings_id; Type: INDEX; Schema: public; Owner: imdb_user
--

CREATE INDEX ix_ratings_id ON public.ratings USING btree (id);


--
-- TOC entry 3234 (class 1259 OID 16397)
-- Name: ix_users_email; Type: INDEX; Schema: public; Owner: imdb_user
--

CREATE UNIQUE INDEX ix_users_email ON public.users USING btree (email);


--
-- TOC entry 3235 (class 1259 OID 16395)
-- Name: ix_users_google_id; Type: INDEX; Schema: public; Owner: imdb_user
--

CREATE UNIQUE INDEX ix_users_google_id ON public.users USING btree (google_id);


--
-- TOC entry 3236 (class 1259 OID 16396)
-- Name: ix_users_id; Type: INDEX; Schema: public; Owner: imdb_user
--

CREATE INDEX ix_users_id ON public.users USING btree (id);


--
-- TOC entry 3253 (class 1259 OID 16480)
-- Name: ix_watchlist_id; Type: INDEX; Schema: public; Owner: imdb_user
--

CREATE INDEX ix_watchlist_id ON public.watchlist USING btree (id);


--
-- TOC entry 3256 (class 2606 OID 16435)
-- Name: movie_actors movie_actors_actor_id_fkey; Type: FK CONSTRAINT; Schema: public; Owner: imdb_user
--

ALTER TABLE ONLY public.movie_actors
    ADD CONSTRAINT movie_actors_actor_id_fkey FOREIGN KEY (actor_id) REFERENCES public.actors(id);


--
-- TOC entry 3257 (class 2606 OID 16430)
-- Name: movie_actors movie_actors_movie_id_fkey; Type: FK CONSTRAINT; Schema: public; Owner: imdb_user
--

ALTER TABLE ONLY public.movie_actors
    ADD CONSTRAINT movie_actors_movie_id_fkey FOREIGN KEY (movie_id) REFERENCES public.movies(id);


--
-- TOC entry 3258 (class 2606 OID 16456)
-- Name: ratings ratings_movie_id_fkey; Type: FK CONSTRAINT; Schema: public; Owner: imdb_user
--

ALTER TABLE ONLY public.ratings
    ADD CONSTRAINT ratings_movie_id_fkey FOREIGN KEY (movie_id) REFERENCES public.movies(id);


--
-- TOC entry 3259 (class 2606 OID 16451)
-- Name: ratings ratings_user_id_fkey; Type: FK CONSTRAINT; Schema: public; Owner: imdb_user
--

ALTER TABLE ONLY public.ratings
    ADD CONSTRAINT ratings_user_id_fkey FOREIGN KEY (user_id) REFERENCES public.users(id);


--
-- TOC entry 3260 (class 2606 OID 16475)
-- Name: watchlist watchlist_movie_id_fkey; Type: FK CONSTRAINT; Schema: public; Owner: imdb_user
--

ALTER TABLE ONLY public.watchlist
    ADD CONSTRAINT watchlist_movie_id_fkey FOREIGN KEY (movie_id) REFERENCES public.movies(id);


--
-- TOC entry 3261 (class 2606 OID 16470)
-- Name: watchlist watchlist_user_id_fkey; Type: FK CONSTRAINT; Schema: public; Owner: imdb_user
--

ALTER TABLE ONLY public.watchlist
    ADD CONSTRAINT watchlist_user_id_fkey FOREIGN KEY (user_id) REFERENCES public.users(id);


-- Completed on 2025-07-02 18:00:02 UTC

--
-- PostgreSQL database dump complete
--

